SolidWorks IGES file using analytic representation for surfaces         S      1
1H,,1H;,20H25AMPPCB-BENT.SLDPRT,93HJ:\Literature Library\Generic 3D ModeG      1
ls for Customers\PP15-45 Housings\IGES files\1377G12.IGS,15HSolidWorks 2G      2
007,15HSolidWorks 2007,32,308,15,308,15,20H25AMPPCB-BENT.SLDPRT,1.,1,2HIG      3
N,50,0.125,13H090213.151335,1E-008,19684.6456692913,8HCSvelnis,,11,0,   G      4
13H090213.151335;                                                       G      5
     314       1       0       0       0                        00000200D      1
     314       0       8       1       0                               0D      2
     314       2       0       0       0                        00000200D      3
     314       0       0       1       0                               0D      4
     128       3       0       0       0                        01010000D      5
     128       0       0      19       0                               0D      6
     126      22       0       0       0                        01010500D      7
     126       0       0       2       0                               0D      8
     124      24       0       0       0                        00000000D      9
     124       0       0       5       0                               0D     10
     100      29       0       0       0               9        01010000D     11
     100       0       0       2       0                               0D     12
     126      31       0       0       0                        01010500D     13
     126       0       0       2       0                               0D     14
     126      33       0       0       0                        01010000D     15
     126       0       0       5       0                               0D     16
     126      38       0       0       0                        01010500D     17
     126       0       0       2       0                               0D     18
     124      40       0       0       0                        00000000D     19
     124       0       0       5       0                               0D     20
     100      45       0       0       0              19        01010000D     21
     100       0       0       2       0                               0D     22
     126      47       0       0       0                        01010500D     23
     126       0       0       2       0                               0D     24
     126      49       0       0       0                        01010000D     25
     126       0       0       5       0                               0D     26
     102      54       0       0       0                        01010500D     27
     102       0       0       1       0                               0D     28
     102      55       0       0       0                        01010000D     29
     102       0       0       1       0                               0D     30
     142      56       0       0       0                        00010500D     31
     142       0       0       1       0                               0D     32
     144      57       0       0       0                        00000000D     33
     144       0      -3       1       0                               0D     34
     314      58       0       0       0                        00000200D     35
     314       0       0       1       0                               0D     36
     128      59       0       0       0                        01010000D     37
     128       0       0      19       0                               0D     38
     126      78       0       0       0                        01010500D     39
     126       0       0       2       0                               0D     40
     124      80       0       0       0                        00000000D     41
     124       0       0       5       0                               0D     42
     100      85       0       0       0              41        01010000D     43
     100       0       0       2       0                               0D     44
     126      87       0       0       0                        01010500D     45
     126       0       0       2       0                               0D     46
     126      89       0       0       0                        01010000D     47
     126       0       0       4       0                               0D     48
     126      93       0       0       0                        01010500D     49
     126       0       0       2       0                               0D     50
     124      95       0       0       0                        00000000D     51
     124       0       0       5       0                               0D     52
     100     100       0       0       0              51        01010000D     53
     100       0       0       2       0                               0D     54
     126     102       0       0       0                        01010500D     55
     126       0       0       2       0                               0D     56
     126     104       0       0       0                        01010000D     57
     126       0       0       5       0                               0D     58
     102     109       0       0       0                        01010500D     59
     102       0       0       1       0                               0D     60
     102     110       0       0       0                        01010000D     61
     102       0       0       1       0                               0D     62
     142     111       0       0       0                        00010500D     63
     142       0       0       1       0                               0D     64
     144     112       0       0       0                        00000000D     65
     144       0     -35       1       0                               0D     66
     314     113       0       0       0                        00000200D     67
     314       0       0       1       0                               0D     68
     128     114       0       0       0                        01010000D     69
     128       0       0      16       0                               0D     70
     126     130       0       0       0                        01010500D     71
     126       0       0       2       0                               0D     72
     124     132       0       0       0                        00000000D     73
     124       0       0       4       0                               0D     74
     100     136       0       0       0              73        01010000D     75
     100       0       0       2       0                               0D     76
     126     138       0       0       0                        01010500D     77
     126       0       0       2       0                               0D     78
     124     140       0       0       0                        00000000D     79
     124       0       0       4       0                               0D     80
     100     144       0       0       0              79        01010000D     81
     100       0       0       2       0                               0D     82
     126     146       0       0       0                        01010500D     83
     126       0       0       2       0                               0D     84
     100     148       0       0       0                        01010000D     85
     100       0       0       2       0                               0D     86
     126     150       0       0       0                        01010500D     87
     126       0       0       2       0                               0D     88
     124     152       0       0       0                        00000000D     89
     124       0       0       5       0                               0D     90
     100     157       0       0       0              89        01010000D     91
     100       0       0       2       0                               0D     92
     102     159       0       0       0                        01010500D     93
     102       0       0       1       0                               0D     94
     102     160       0       0       0                        01010000D     95
     102       0       0       1       0                               0D     96
     142     161       0       0       0                        00010500D     97
     142       0       0       1       0                               0D     98
     144     162       0       0       0                        00000000D     99
     144       0     -67       1       0                               0D    100
     314     163       0       0       0                        00000200D    101
     314       0       0       1       0                               0D    102
     110     164       0       0       0                        01010000D    103
     110       0       0       2       0                               0D    104
     110     166       0       0       0                        01010000D    105
     110       0       0       2       0                               0D    106
     120     168       0       0       0                        01010000D    107
     120       0       0       1       0                               0D    108
     126     169       0       0       0                        01010500D    109
     126       0       0       2       0                               0D    110
     110     171       0       0       0                        01010000D    111
     110       0       0       2       0                               0D    112
     126     173       0       0       0                        01010500D    113
     126       0       0       2       0                               0D    114
     124     175       0       0       0                        00000000D    115
     124       0       0       4       0                               0D    116
     100     179       0       0       0             115        01010000D    117
     100       0       0       2       0                               0D    118
     126     181       0       0       0                        01010500D    119
     126       0       0       2       0                               0D    120
     110     183       0       0       0                        01010000D    121
     110       0       0       2       0                               0D    122
     126     185       0       0       0                        01010500D    123
     126       0       0       2       0                               0D    124
     124     187       0       0       0                        00000000D    125
     124       0       0       5       0                               0D    126
     100     192       0       0       0             125        01010000D    127
     100       0       0       2       0                               0D    128
     102     194       0       0       0                        01010500D    129
     102       0       0       1       0                               0D    130
     102     195       0       0       0                        01010000D    131
     102       0       0       1       0                               0D    132
     142     196       0       0       0                        00010500D    133
     142       0       0       1       0                               0D    134
     144     197       0       0       0                        00000000D    135
     144       0    -101       1       0                               0D    136
     314     198       0       0       0                        00000200D    137
     314       0       0       1       0                               0D    138
     110     199       0       0       0                        01010000D    139
     110       0       0       2       0                               0D    140
     110     201       0       0       0                        01010000D    141
     110       0       0       2       0                               0D    142
     120     203       0       0       0                        01010000D    143
     120       0       0       1       0                               0D    144
     126     204       0       0       0                        01010500D    145
     126       0       0       2       0                               0D    146
     124     206       0       0       0                        00000000D    147
     124       0       0       4       0                               0D    148
     100     210       0       0       0             147        01010000D    149
     100       0       0       2       0                               0D    150
     126     212       0       0       0                        01010500D    151
     126       0       0       2       0                               0D    152
     110     214       0       0       0                        01010000D    153
     110       0       0       2       0                               0D    154
     126     216       0       0       0                        01010500D    155
     126       0       0       2       0                               0D    156
     100     218       0       0       0                        01010000D    157
     100       0       0       2       0                               0D    158
     126     220       0       0       0                        01010500D    159
     126       0       0       2       0                               0D    160
     110     222       0       0       0                        01010000D    161
     110       0       0       2       0                               0D    162
     102     224       0       0       0                        01010500D    163
     102       0       0       1       0                               0D    164
     102     225       0       0       0                        01010000D    165
     102       0       0       1       0                               0D    166
     142     226       0       0       0                        00010500D    167
     142       0       0       1       0                               0D    168
     144     227       0       0       0                        00000000D    169
     144       0    -137       1       0                               0D    170
     314     228       0       0       0                        00000200D    171
     314       0       0       1       0                               0D    172
     128     229       0       0       0                        01010000D    173
     128       0       0       4       0                               0D    174
     126     233       0       0       0                        01010500D    175
     126       0       0       2       0                               0D    176
     110     235       0       0       0                        01010000D    177
     110       0       0       2       0                               0D    178
     126     237       0       0       0                        01010500D    179
     126       0       0       3       0                               0D    180
     124     240       0       0       0                        00000000D    181
     124       0       0       4       0                               0D    182
     100     244       0       0       0             181        01010000D    183
     100       0       0       2       0                               0D    184
     126     246       0       0       0                        01010500D    185
     126       0       0       2       0                               0D    186
     110     248       0       0       0                        01010000D    187
     110       0       0       2       0                               0D    188
     126     250       0       0       0                        01010500D    189
     126       0       0       3       0                               0D    190
     124     253       0       0       0                        00000000D    191
     124       0       0       4       0                               0D    192
     100     257       0       0       0             191        01010000D    193
     100       0       0       2       0                               0D    194
     126     259       0       0       0                        01010500D    195
     126       0       0       2       0                               0D    196
     110     261       0       0       0                        01010000D    197
     110       0       0       2       0                               0D    198
     126     263       0       0       0                        01010500D    199
     126       0       0       2       0                               0D    200
     110     265       0       0       0                        01010000D    201
     110       0       0       2       0                               0D    202
     126     267       0       0       0                        01010500D    203
     126       0       0       2       0                               0D    204
     110     269       0       0       0                        01010000D    205
     110       0       0       2       0                               0D    206
     126     271       0       0       0                        01010500D    207
     126       0       0       2       0                               0D    208
     110     273       0       0       0                        01010000D    209
     110       0       0       2       0                               0D    210
     126     275       0       0       0                        01010500D    211
     126       0       0       2       0                               0D    212
     110     277       0       0       0                        01010000D    213
     110       0       0       2       0                               0D    214
     126     279       0       0       0                        01010500D    215
     126       0       0       2       0                               0D    216
     110     281       0       0       0                        01010000D    217
     110       0       0       2       0                               0D    218
     126     283       0       0       0                        01010500D    219
     126       0       0       3       0                               0D    220
     124     286       0       0       0                        00000000D    221
     124       0       0       4       0                               0D    222
     100     290       0       0       0             221        01010000D    223
     100       0       0       2       0                               0D    224
     126     292       0       0       0                        01010500D    225
     126       0       0       2       0                               0D    226
     110     294       0       0       0                        01010000D    227
     110       0       0       2       0                               0D    228
     126     296       0       0       0                        01010500D    229
     126       0       0       3       0                               0D    230
     124     299       0       0       0                        00000000D    231
     124       0       0       5       0                               0D    232
     100     304       0       0       0             231        01010000D    233
     100       0       0       2       0                               0D    234
     126     306       0       0       0                        01010500D    235
     126       0       0       2       0                               0D    236
     110     308       0       0       0                        01010000D    237
     110       0       0       2       0                               0D    238
     126     310       0       0       0                        01010500D    239
     126       0       0       2       0                               0D    240
     110     312       0       0       0                        01010000D    241
     110       0       0       2       0                               0D    242
     126     314       0       0       0                        01010500D    243
     126       0       0       2       0                               0D    244
     110     316       0       0       0                        01010000D    245
     110       0       0       2       0                               0D    246
     126     318       0       0       0                        01010500D    247
     126       0       0       2       0                               0D    248
     110     320       0       0       0                        01010000D    249
     110       0       0       2       0                               0D    250
     126     322       0       0       0                        01010500D    251
     126       0       0       2       0                               0D    252
     110     324       0       0       0                        01010000D    253
     110       0       0       2       0                               0D    254
     126     326       0       0       0                        01010500D    255
     126       0       0       2       0                               0D    256
     110     328       0       0       0                        01010000D    257
     110       0       0       2       0                               0D    258
     126     330       0       0       0                        01010500D    259
     126       0       0       2       0                               0D    260
     110     332       0       0       0                        01010000D    261
     110       0       0       2       0                               0D    262
     126     334       0       0       0                        01010500D    263
     126       0       0       2       0                               0D    264
     110     336       0       0       0                        01010000D    265
     110       0       0       2       0                               0D    266
     126     338       0       0       0                        01010500D    267
     126       0       0       2       0                               0D    268
     110     340       0       0       0                        01010000D    269
     110       0       0       2       0                               0D    270
     126     342       0       0       0                        01010500D    271
     126       0       0       2       0                               0D    272
     110     344       0       0       0                        01010000D    273
     110       0       0       2       0                               0D    274
     126     346       0       0       0                        01010500D    275
     126       0       0       2       0                               0D    276
     110     348       0       0       0                        01010000D    277
     110       0       0       1       0                               0D    278
     126     349       0       0       0                        01010500D    279
     126       0       0       2       0                               0D    280
     110     351       0       0       0                        01010000D    281
     110       0       0       1       0                               0D    282
     126     352       0       0       0                        01010500D    283
     126       0       0       2       0                               0D    284
     110     354       0       0       0                        01010000D    285
     110       0       0       2       0                               0D    286
     126     356       0       0       0                        01010500D    287
     126       0       0       2       0                               0D    288
     110     358       0       0       0                        01010000D    289
     110       0       0       2       0                               0D    290
     126     360       0       0       0                        01010500D    291
     126       0       0       2       0                               0D    292
     110     362       0       0       0                        01010000D    293
     110       0       0       2       0                               0D    294
     126     364       0       0       0                        01010500D    295
     126       0       0       2       0                               0D    296
     110     366       0       0       0                        01010000D    297
     110       0       0       1       0                               0D    298
     126     367       0       0       0                        01010500D    299
     126       0       0       2       0                               0D    300
     110     369       0       0       0                        01010000D    301
     110       0       0       1       0                               0D    302
     126     370       0       0       0                        01010500D    303
     126       0       0       2       0                               0D    304
     110     372       0       0       0                        01010000D    305
     110       0       0       2       0                               0D    306
     126     374       0       0       0                        01010500D    307
     126       0       0       2       0                               0D    308
     110     376       0       0       0                        01010000D    309
     110       0       0       2       0                               0D    310
     102     378       0       0       0                        01010500D    311
     102       0       0       3       0                               0D    312
     102     381       0       0       0                        01010000D    313
     102       0       0       3       0                               0D    314
     142     384       0       0       0                        00010500D    315
     142       0       0       1       0                               0D    316
     126     385       0       0       0                        01010500D    317
     126       0       0       2       0                               0D    318
     110     387       0       0       0                        01010000D    319
     110       0       0       2       0                               0D    320
     126     389       0       0       0                        01010500D    321
     126       0       0       2       0                               0D    322
     110     391       0       0       0                        01010000D    323
     110       0       0       2       0                               0D    324
     126     393       0       0       0                        01010500D    325
     126       0       0       2       0                               0D    326
     110     395       0       0       0                        01010000D    327
     110       0       0       2       0                               0D    328
     126     397       0       0       0                        01010500D    329
     126       0       0       2       0                               0D    330
     110     399       0       0       0                        01010000D    331
     110       0       0       2       0                               0D    332
     102     401       0       0       0                        01010500D    333
     102       0       0       1       0                               0D    334
     102     402       0       0       0                        01010000D    335
     102       0       0       1       0                               0D    336
     142     403       0       0       0                        00010500D    337
     142       0       0       1       0                               0D    338
     144     404       0       0       0                        00000000D    339
     144       0    -171       1       0                               0D    340
     314     405       0       0       0                        00000200D    341
     314       0       0       1       0                               0D    342
     128     406       0       0       0                        01010000D    343
     128       0       0       4       0                               0D    344
     126     410       0       0       0                        01010500D    345
     126       0       0       2       0                               0D    346
     110     412       0       0       0                        01010000D    347
     110       0       0       2       0                               0D    348
     126     414       0       0       0                        01010500D    349
     126       0       0       2       0                               0D    350
     110     416       0       0       0                        01010000D    351
     110       0       0       2       0                               0D    352
     126     418       0       0       0                        01010500D    353
     126       0       0       2       0                               0D    354
     110     420       0       0       0                        01010000D    355
     110       0       0       2       0                               0D    356
     126     422       0       0       0                        01010500D    357
     126       0       0       2       0                               0D    358
     110     424       0       0       0                        01010000D    359
     110       0       0       2       0                               0D    360
     102     426       0       0       0                        01010500D    361
     102       0       0       1       0                               0D    362
     102     427       0       0       0                        01010000D    363
     102       0       0       1       0                               0D    364
     142     428       0       0       0                        00010500D    365
     142       0       0       1       0                               0D    366
     144     429       0       0       0                        00000000D    367
     144       0    -341       1       0                               0D    368
     314     430       0       0       0                        00000200D    369
     314       0       0       1       0                               0D    370
     128     431       0       0       0                        01010000D    371
     128       0       0       4       0                               0D    372
     126     435       0       0       0                        01010500D    373
     126       0       0       2       0                               0D    374
     110     437       0       0       0                        01010000D    375
     110       0       0       2       0                               0D    376
     126     439       0       0       0                        01010500D    377
     126       0       0       2       0                               0D    378
     110     441       0       0       0                        01010000D    379
     110       0       0       2       0                               0D    380
     126     443       0       0       0                        01010500D    381
     126       0       0       2       0                               0D    382
     110     445       0       0       0                        01010000D    383
     110       0       0       2       0                               0D    384
     126     447       0       0       0                        01010500D    385
     126       0       0       2       0                               0D    386
     110     449       0       0       0                        01010000D    387
     110       0       0       2       0                               0D    388
     102     451       0       0       0                        01010500D    389
     102       0       0       1       0                               0D    390
     102     452       0       0       0                        01010000D    391
     102       0       0       1       0                               0D    392
     142     453       0       0       0                        00010500D    393
     142       0       0       1       0                               0D    394
     144     454       0       0       0                        00000000D    395
     144       0    -369       1       0                               0D    396
     314     455       0       0       0                        00000200D    397
     314       0       0       1       0                               0D    398
     128     456       0       0       0                        01010000D    399
     128       0       0       4       0                               0D    400
     126     460       0       0       0                        01010500D    401
     126       0       0       2       0                               0D    402
     110     462       0       0       0                        01010000D    403
     110       0       0       2       0                               0D    404
     126     464       0       0       0                        01010500D    405
     126       0       0       2       0                               0D    406
     110     466       0       0       0                        01010000D    407
     110       0       0       2       0                               0D    408
     126     468       0       0       0                        01010500D    409
     126       0       0       2       0                               0D    410
     110     470       0       0       0                        01010000D    411
     110       0       0       2       0                               0D    412
     126     472       0       0       0                        01010500D    413
     126       0       0       2       0                               0D    414
     110     474       0       0       0                        01010000D    415
     110       0       0       2       0                               0D    416
     102     476       0       0       0                        01010500D    417
     102       0       0       1       0                               0D    418
     102     477       0       0       0                        01010000D    419
     102       0       0       1       0                               0D    420
     142     478       0       0       0                        00010500D    421
     142       0       0       1       0                               0D    422
     144     479       0       0       0                        00000000D    423
     144       0    -397       1       0                               0D    424
     314     480       0       0       0                        00000200D    425
     314       0       0       1       0                               0D    426
     110     481       0       0       0                        01010000D    427
     110       0       0       2       0                               0D    428
     110     483       0       0       0                        01010000D    429
     110       0       0       2       0                               0D    430
     120     485       0       0       0                        01010000D    431
     120       0       0       1       0                               0D    432
     126     486       0       0       0                        01010500D    433
     126       0       0       2       0                               0D    434
     110     488       0       0       0                        01010000D    435
     110       0       0       2       0                               0D    436
     126     490       0       0       0                        01010500D    437
     126       0       0       2       0                               0D    438
     100     492       0       0       0                        01010000D    439
     100       0       0       2       0                               0D    440
     126     494       0       0       0                        01010500D    441
     126       0       0       2       0                               0D    442
     110     496       0       0       0                        01010000D    443
     110       0       0       2       0                               0D    444
     126     498       0       0       0                        01010500D    445
     126       0       0       2       0                               0D    446
     124     500       0       0       0                        00000000D    447
     124       0       0       5       0                               0D    448
     100     505       0       0       0             447        01010000D    449
     100       0       0       2       0                               0D    450
     102     507       0       0       0                        01010500D    451
     102       0       0       1       0                               0D    452
     102     508       0       0       0                        01010000D    453
     102       0       0       1       0                               0D    454
     142     509       0       0       0                        00010500D    455
     142       0       0       1       0                               0D    456
     144     510       0       0       0                        00000000D    457
     144       0    -425       1       0                               0D    458
     314     511       0       0       0                        00000200D    459
     314       0       0       1       0                               0D    460
     110     512       0       0       0                        01010000D    461
     110       0       0       2       0                               0D    462
     110     514       0       0       0                        01010000D    463
     110       0       0       2       0                               0D    464
     120     516       0       0       0                        01010000D    465
     120       0       0       1       0                               0D    466
     126     517       0       0       0                        01010500D    467
     126       0       0       2       0                               0D    468
     100     519       0       0       0                        01010000D    469
     100       0       0       2       0                               0D    470
     126     521       0       0       0                        01010500D    471
     126       0       0       2       0                               0D    472
     110     523       0       0       0                        01010000D    473
     110       0       0       2       0                               0D    474
     126     525       0       0       0                        01010500D    475
     126       0       0       2       0                               0D    476
     124     527       0       0       0                        00000000D    477
     124       0       0       5       0                               0D    478
     100     532       0       0       0             477        01010000D    479
     100       0       0       2       0                               0D    480
     126     534       0       0       0                        01010500D    481
     126       0       0       2       0                               0D    482
     110     536       0       0       0                        01010000D    483
     110       0       0       2       0                               0D    484
     102     538       0       0       0                        01010500D    485
     102       0       0       1       0                               0D    486
     102     539       0       0       0                        01010000D    487
     102       0       0       1       0                               0D    488
     142     540       0       0       0                        00010500D    489
     142       0       0       1       0                               0D    490
     144     541       0       0       0                        00000000D    491
     144       0    -459       1       0                               0D    492
     314     542       0       0       0                        00000200D    493
     314       0       0       1       0                               0D    494
     128     543       0       0       0                        01010000D    495
     128       0       0       4       0                               0D    496
     126     547       0       0       0                        01010500D    497
     126       0       0       2       0                               0D    498
     110     549       0       0       0                        01010000D    499
     110       0       0       2       0                               0D    500
     126     551       0       0       0                        01010500D    501
     126       0       0       6       0                               0D    502
     100     557       0       0       0                        01010000D    503
     100       0       0       2       0                               0D    504
     126     559       0       0       0                        01010500D    505
     126       0       0       2       0                               0D    506
     110     561       0       0       0                        01010000D    507
     110       0       0       2       0                               0D    508
     126     563       0       0       0                        01010500D    509
     126       0       0       2       0                               0D    510
     110     565       0       0       0                        01010000D    511
     110       0       0       2       0                               0D    512
     126     567       0       0       0                        01010500D    513
     126       0       0       2       0                               0D    514
     110     569       0       0       0                        01010000D    515
     110       0       0       2       0                               0D    516
     126     571       0       0       0                        01010500D    517
     126       0       0      11       0                               0D    518
     124     582       0       0       0                        00000000D    519
     124       0       0       5       0                               0D    520
     100     587       0       0       0             519        01010000D    521
     100       0       0       2       0                               0D    522
     102     589       0       0       0                        01010500D    523
     102       0       0       1       0                               0D    524
     102     590       0       0       0                        01010000D    525
     102       0       0       1       0                               0D    526
     142     591       0       0       0                        00010500D    527
     142       0       0       1       0                               0D    528
     144     592       0       0       0                        00000000D    529
     144       0    -493       1       0                               0D    530
     314     593       0       0       0                        00000200D    531
     314       0       0       1       0                               0D    532
     128     594       0       0       0                        01010000D    533
     128       0       0       4       0                               0D    534
     126     598       0       0       0                        01010500D    535
     126       0       0       2       0                               0D    536
     110     600       0       0       0                        01010000D    537
     110       0       0       2       0                               0D    538
     126     602       0       0       0                        01010500D    539
     126       0       0       2       0                               0D    540
     110     604       0       0       0                        01010000D    541
     110       0       0       2       0                               0D    542
     126     606       0       0       0                        01010500D    543
     126       0       0       2       0                               0D    544
     110     608       0       0       0                        01010000D    545
     110       0       0       2       0                               0D    546
     126     610       0       0       0                        01010500D    547
     126       0       0      11       0                               0D    548
     124     621       0       0       0                        00000000D    549
     124       0       0       5       0                               0D    550
     100     626       0       0       0             549        01010000D    551
     100       0       0       2       0                               0D    552
     126     628       0       0       0                        01010500D    553
     126       0       0       2       0                               0D    554
     110     630       0       0       0                        01010000D    555
     110       0       0       2       0                               0D    556
     126     632       0       0       0                        01010500D    557
     126       0       0       6       0                               0D    558
     100     638       0       0       0                        01010000D    559
     100       0       0       2       0                               0D    560
     102     640       0       0       0                        01010500D    561
     102       0       0       1       0                               0D    562
     102     641       0       0       0                        01010000D    563
     102       0       0       1       0                               0D    564
     142     642       0       0       0                        00010500D    565
     142       0       0       1       0                               0D    566
     144     643       0       0       0                        00000000D    567
     144       0    -531       1       0                               0D    568
     314     644       0       0       0                        00000200D    569
     314       0       0       1       0                               0D    570
     128     645       0       0       0                        01010000D    571
     128       0       0       4       0                               0D    572
     126     649       0       0       0                        01010500D    573
     126       0       0       2       0                               0D    574
     110     651       0       0       0                        01010000D    575
     110       0       0       2       0                               0D    576
     126     653       0       0       0                        01010500D    577
     126       0       0       2       0                               0D    578
     110     655       0       0       0                        01010000D    579
     110       0       0       2       0                               0D    580
     126     657       0       0       0                        01010500D    581
     126       0       0       2       0                               0D    582
     110     659       0       0       0                        01010000D    583
     110       0       0       2       0                               0D    584
     126     661       0       0       0                        01010500D    585
     126       0       0       2       0                               0D    586
     110     663       0       0       0                        01010000D    587
     110       0       0       2       0                               0D    588
     126     665       0       0       0                        01010500D    589
     126       0       0       2       0                               0D    590
     110     667       0       0       0                        01010000D    591
     110       0       0       2       0                               0D    592
     126     669       0       0       0                        01010500D    593
     126       0       0       2       0                               0D    594
     110     671       0       0       0                        01010000D    595
     110       0       0       2       0                               0D    596
     126     673       0       0       0                        01010500D    597
     126       0       0       2       0                               0D    598
     110     675       0       0       0                        01010000D    599
     110       0       0       2       0                               0D    600
     126     677       0       0       0                        01010500D    601
     126       0       0       2       0                               0D    602
     110     679       0       0       0                        01010000D    603
     110       0       0       2       0                               0D    604
     126     681       0       0       0                        01010500D    605
     126       0       0       2       0                               0D    606
     110     683       0       0       0                        01010000D    607
     110       0       0       2       0                               0D    608
     126     685       0       0       0                        01010500D    609
     126       0       0       2       0                               0D    610
     110     687       0       0       0                        01010000D    611
     110       0       0       2       0                               0D    612
     126     689       0       0       0                        01010500D    613
     126       0       0       2       0                               0D    614
     110     691       0       0       0                        01010000D    615
     110       0       0       2       0                               0D    616
     126     693       0       0       0                        01010500D    617
     126       0       0       2       0                               0D    618
     110     695       0       0       0                        01010000D    619
     110       0       0       2       0                               0D    620
     102     697       0       0       0                        01010500D    621
     102       0       0       1       0                               0D    622
     102     698       0       0       0                        01010000D    623
     102       0       0       1       0                               0D    624
     142     699       0       0       0                        00010500D    625
     142       0       0       1       0                               0D    626
     144     700       0       0       0                        00000000D    627
     144       0    -569       1       0                               0D    628
     314     701       0       0       0                        00000200D    629
     314       0       0       1       0                               0D    630
     128     702       0       0       0                        01010000D    631
     128       0       0       4       0                               0D    632
     126     706       0       0       0                        01010500D    633
     126       0       0       2       0                               0D    634
     110     708       0       0       0                        01010000D    635
     110       0       0       2       0                               0D    636
     126     710       0       0       0                        01010500D    637
     126       0       0       2       0                               0D    638
     110     712       0       0       0                        01010000D    639
     110       0       0       2       0                               0D    640
     126     714       0       0       0                        01010500D    641
     126       0       0       2       0                               0D    642
     110     716       0       0       0                        01010000D    643
     110       0       0       2       0                               0D    644
     126     718       0       0       0                        01010500D    645
     126       0       0       2       0                               0D    646
     110     720       0       0       0                        01010000D    647
     110       0       0       2       0                               0D    648
     126     722       0       0       0                        01010500D    649
     126       0       0       2       0                               0D    650
     110     724       0       0       0                        01010000D    651
     110       0       0       2       0                               0D    652
     126     726       0       0       0                        01010500D    653
     126       0       0       4       0                               0D    654
     126     730       0       0       0                        01010000D    655
     126       0       0       5       0                               0D    656
     126     735       0       0       0                        01010500D    657
     126       0       0       4       0                               0D    658
     126     739       0       0       0                        01010000D    659
     126       0       0       5       0                               0D    660
     126     744       0       0       0                        01010500D    661
     126       0       0       2       0                               0D    662
     110     746       0       0       0                        01010000D    663
     110       0       0       2       0                               0D    664
     126     748       0       0       0                        01010500D    665
     126       0       0       4       0                               0D    666
     126     752       0       0       0                        01010000D    667
     126       0       0       5       0                               0D    668
     126     757       0       0       0                        01010500D    669
     126       0       0       4       0                               0D    670
     126     761       0       0       0                        01010000D    671
     126       0       0       5       0                               0D    672
     126     766       0       0       0                        01010500D    673
     126       0       0       2       0                               0D    674
     110     768       0       0       0                        01010000D    675
     110       0       0       2       0                               0D    676
     126     770       0       0       0                        01010500D    677
     126       0       0       2       0                               0D    678
     110     772       0       0       0                        01010000D    679
     110       0       0       2       0                               0D    680
     102     774       0       0       0                        01010500D    681
     102       0       0       1       0                               0D    682
     102     775       0       0       0                        01010000D    683
     102       0       0       1       0                               0D    684
     142     776       0       0       0                        00010500D    685
     142       0       0       1       0                               0D    686
     144     777       0       0       0                        00000000D    687
     144       0    -629       1       0                               0D    688
     314     778       0       0       0                        00000200D    689
     314       0       0       1       0                               0D    690
     128     779       0       0       0                        01010000D    691
     128       0       0       4       0                               0D    692
     126     783       0       0       0                        01010500D    693
     126       0       0       2       0                               0D    694
     110     785       0       0       0                        01010000D    695
     110       0       0       1       0                               0D    696
     126     786       0       0       0                        01010500D    697
     126       0       0       2       0                               0D    698
     110     788       0       0       0                        01010000D    699
     110       0       0       1       0                               0D    700
     126     789       0       0       0                        01010500D    701
     126       0       0       2       0                               0D    702
     110     791       0       0       0                        01010000D    703
     110       0       0       1       0                               0D    704
     126     792       0       0       0                        01010500D    705
     126       0       0       2       0                               0D    706
     110     794       0       0       0                        01010000D    707
     110       0       0       1       0                               0D    708
     126     795       0       0       0                        01010500D    709
     126       0       0       2       0                               0D    710
     110     797       0       0       0                        01010000D    711
     110       0       0       1       0                               0D    712
     126     798       0       0       0                        01010500D    713
     126       0       0       2       0                               0D    714
     110     800       0       0       0                        01010000D    715
     110       0       0       2       0                               0D    716
     126     802       0       0       0                        01010500D    717
     126       0       0      21       0                               0D    718
     100     823       0       0       0                        01010000D    719
     100       0       0       2       0                               0D    720
     126     825       0       0       0                        01010500D    721
     126       0       0       2       0                               0D    722
     110     827       0       0       0                        01010000D    723
     110       0       0       2       0                               0D    724
     102     829       0       0       0                        01010500D    725
     102       0       0       1       0                               0D    726
     102     830       0       0       0                        01010000D    727
     102       0       0       1       0                               0D    728
     142     831       0       0       0                        00010500D    729
     142       0       0       1       0                               0D    730
     144     832       0       0       0                        00000000D    731
     144       0    -689       1       0                               0D    732
     314     833       0       0       0                        00000200D    733
     314       0       0       1       0                               0D    734
     128     834       0       0       0                        01010000D    735
     128       0       0       4       0                               0D    736
     126     838       0       0       0                        01010500D    737
     126       0       0       2       0                               0D    738
     110     840       0       0       0                        01010000D    739
     110       0       0       2       0                               0D    740
     126     842       0       0       0                        01010500D    741
     126       0       0       2       0                               0D    742
     110     844       0       0       0                        01010000D    743
     110       0       0       2       0                               0D    744
     126     846       0       0       0                        01010500D    745
     126       0       0       2       0                               0D    746
     110     848       0       0       0                        01010000D    747
     110       0       0       2       0                               0D    748
     126     850       0       0       0                        01010500D    749
     126       0       0       2       0                               0D    750
     110     852       0       0       0                        01010000D    751
     110       0       0       2       0                               0D    752
     126     854       0       0       0                        01010500D    753
     126       0       0       2       0                               0D    754
     110     856       0       0       0                        01010000D    755
     110       0       0       2       0                               0D    756
     126     858       0       0       0                        01010500D    757
     126       0       0       2       0                               0D    758
     110     860       0       0       0                        01010000D    759
     110       0       0       2       0                               0D    760
     126     862       0       0       0                        01010500D    761
     126       0       0      11       0                               0D    762
     124     873       0       0       0                        00000000D    763
     124       0       0       4       0                               0D    764
     100     877       0       0       0             763        01010000D    765
     100       0       0       2       0                               0D    766
     126     879       0       0       0                        01010500D    767
     126       0       0      11       0                               0D    768
     124     890       0       0       0                        00000000D    769
     124       0       0       5       0                               0D    770
     100     895       0       0       0             769        01010000D    771
     100       0       0       2       0                               0D    772
     126     897       0       0       0                        01010500D    773
     126       0       0       2       0                               0D    774
     110     899       0       0       0                        01010000D    775
     110       0       0       2       0                               0D    776
     102     901       0       0       0                        01010500D    777
     102       0       0       1       0                               0D    778
     102     902       0       0       0                        01010000D    779
     102       0       0       1       0                               0D    780
     142     903       0       0       0                        00010500D    781
     142       0       0       1       0                               0D    782
     144     904       0       0       0                        00000000D    783
     144       0    -733       1       0                               0D    784
     314     905       0       0       0                        00000200D    785
     314       0       0       1       0                               0D    786
     128     906       0       0       0                        01010000D    787
     128       0       0       4       0                               0D    788
     126     910       0       0       0                        01010500D    789
     126       0       0      11       0                               0D    790
     100     921       0       0       0                        01010000D    791
     100       0       0       2       0                               0D    792
     126     923       0       0       0                        01010500D    793
     126       0       0       2       0                               0D    794
     110     925       0       0       0                        01010000D    795
     110       0       0       2       0                               0D    796
     126     927       0       0       0                        01010500D    797
     126       0       0       2       0                               0D    798
     110     929       0       0       0                        01010000D    799
     110       0       0       2       0                               0D    800
     126     931       0       0       0                        01010500D    801
     126       0       0       2       0                               0D    802
     110     933       0       0       0                        01010000D    803
     110       0       0       1       0                               0D    804
     126     934       0       0       0                        01010500D    805
     126       0       0       2       0                               0D    806
     110     936       0       0       0                        01010000D    807
     110       0       0       1       0                               0D    808
     126     937       0       0       0                        01010500D    809
     126       0       0       2       0                               0D    810
     110     939       0       0       0                        01010000D    811
     110       0       0       1       0                               0D    812
     126     940       0       0       0                        01010500D    813
     126       0       0       2       0                               0D    814
     110     942       0       0       0                        01010000D    815
     110       0       0       2       0                               0D    816
     126     944       0       0       0                        01010500D    817
     126       0       0       2       0                               0D    818
     110     946       0       0       0                        01010000D    819
     110       0       0       2       0                               0D    820
     126     948       0       0       0                        01010500D    821
     126       0       0      11       0                               0D    822
     100     959       0       0       0                        01010000D    823
     100       0       0       2       0                               0D    824
     102     961       0       0       0                        01010500D    825
     102       0       0       1       0                               0D    826
     102     962       0       0       0                        01010000D    827
     102       0       0       1       0                               0D    828
     142     963       0       0       0                        00010500D    829
     142       0       0       1       0                               0D    830
     144     964       0       0       0                        00000000D    831
     144       0    -785       1       0                               0D    832
     314     965       0       0       0                        00000200D    833
     314       0       0       1       0                               0D    834
     128     966       0       0       0                        01010000D    835
     128       0       0       4       0                               0D    836
     126     970       0       0       0                        01010500D    837
     126       0       0       2       0                               0D    838
     110     972       0       0       0                        01010000D    839
     110       0       0       2       0                               0D    840
     126     974       0       0       0                        01010500D    841
     126       0       0       3       0                               0D    842
     126     977       0       0       0                        01010000D    843
     126       0       0       6       0                               0D    844
     126     983       0       0       0                        01010500D    845
     126       0       0       2       0                               0D    846
     110     985       0       0       0                        01010000D    847
     110       0       0       2       0                               0D    848
     126     987       0       0       0                        01010500D    849
     126       0       0       3       0                               0D    850
     126     990       0       0       0                        01010000D    851
     126       0       0       6       0                               0D    852
     126     996       0       0       0                        01010500D    853
     126       0       0       2       0                               0D    854
     110     998       0       0       0                        01010000D    855
     110       0       0       2       0                               0D    856
     126    1000       0       0       0                        01010500D    857
     126       0       0       2       0                               0D    858
     110    1002       0       0       0                        01010000D    859
     110       0       0       2       0                               0D    860
     126    1004       0       0       0                        01010500D    861
     126       0       0       2       0                               0D    862
     110    1006       0       0       0                        01010000D    863
     110       0       0       2       0                               0D    864
     126    1008       0       0       0                        01010500D    865
     126       0       0       2       0                               0D    866
     110    1010       0       0       0                        01010000D    867
     110       0       0       2       0                               0D    868
     126    1012       0       0       0                        01010500D    869
     126       0       0       2       0                               0D    870
     110    1014       0       0       0                        01010000D    871
     110       0       0       2       0                               0D    872
     126    1016       0       0       0                        01010500D    873
     126       0       0       2       0                               0D    874
     110    1018       0       0       0                        01010000D    875
     110       0       0       2       0                               0D    876
     102    1020       0       0       0                        01010500D    877
     102       0       0       1       0                               0D    878
     102    1021       0       0       0                        01010000D    879
     102       0       0       1       0                               0D    880
     142    1022       0       0       0                        00010500D    881
     142       0       0       1       0                               0D    882
     144    1023       0       0       0                        00000000D    883
     144       0    -833       1       0                               0D    884
     314    1024       0       0       0                        00000200D    885
     314       0       0       1       0                               0D    886
     128    1025       0       0       0                        01010000D    887
     128       0       0       4       0                               0D    888
     126    1029       0       0       0                        01010500D    889
     126       0       0       2       0                               0D    890
     110    1031       0       0       0                        01010000D    891
     110       0       0       2       0                               0D    892
     126    1033       0       0       0                        01010500D    893
     126       0       0       3       0                               0D    894
     126    1036       0       0       0                        01010000D    895
     126       0       0       6       0                               0D    896
     126    1042       0       0       0                        01010500D    897
     126       0       0       2       0                               0D    898
     110    1044       0       0       0                        01010000D    899
     110       0       0       2       0                               0D    900
     126    1046       0       0       0                        01010500D    901
     126       0       0       3       0                               0D    902
     126    1049       0       0       0                        01010000D    903
     126       0       0       6       0                               0D    904
     126    1055       0       0       0                        01010500D    905
     126       0       0       2       0                               0D    906
     110    1057       0       0       0                        01010000D    907
     110       0       0       2       0                               0D    908
     126    1059       0       0       0                        01010500D    909
     126       0       0       2       0                               0D    910
     110    1061       0       0       0                        01010000D    911
     110       0       0       1       0                               0D    912
     126    1062       0       0       0                        01010500D    913
     126       0       0       2       0                               0D    914
     110    1064       0       0       0                        01010000D    915
     110       0       0       1       0                               0D    916
     126    1065       0       0       0                        01010500D    917
     126       0       0       2       0                               0D    918
     110    1067       0       0       0                        01010000D    919
     110       0       0       2       0                               0D    920
     126    1069       0       0       0                        01010500D    921
     126       0       0       2       0                               0D    922
     110    1071       0       0       0                        01010000D    923
     110       0       0       1       0                               0D    924
     126    1072       0       0       0                        01010500D    925
     126       0       0       2       0                               0D    926
     110    1074       0       0       0                        01010000D    927
     110       0       0       1       0                               0D    928
     102    1075       0       0       0                        01010500D    929
     102       0       0       1       0                               0D    930
     102    1076       0       0       0                        01010000D    931
     102       0       0       1       0                               0D    932
     142    1077       0       0       0                        00010500D    933
     142       0       0       1       0                               0D    934
     144    1078       0       0       0                        00000000D    935
     144       0    -885       1       0                               0D    936
     314    1079       0       0       0                        00000200D    937
     314       0       0       1       0                               0D    938
     128    1080       0       0       0                        01010000D    939
     128       0       0       4       0                               0D    940
     126    1084       0       0       0                        01010500D    941
     126       0       0       2       0                               0D    942
     110    1086       0       0       0                        01010000D    943
     110       0       0       2       0                               0D    944
     126    1088       0       0       0                        01010500D    945
     126       0       0       2       0                               0D    946
     110    1090       0       0       0                        01010000D    947
     110       0       0       2       0                               0D    948
     126    1092       0       0       0                        01010500D    949
     126       0       0       2       0                               0D    950
     110    1094       0       0       0                        01010000D    951
     110       0       0       2       0                               0D    952
     126    1096       0       0       0                        01010500D    953
     126       0       0      22       0                               0D    954
     126    1118       0       0       0                        01010000D    955
     126       0       0       5       0                               0D    956
     126    1123       0       0       0                        01010500D    957
     126       0       0       2       0                               0D    958
     110    1125       0       0       0                        01010000D    959
     110       0       0       2       0                               0D    960
     126    1127       0       0       0                        01010500D    961
     126       0       0       2       0                               0D    962
     110    1129       0       0       0                        01010000D    963
     110       0       0       2       0                               0D    964
     126    1131       0       0       0                        01010500D    965
     126       0       0       2       0                               0D    966
     110    1133       0       0       0                        01010000D    967
     110       0       0       2       0                               0D    968
     126    1135       0       0       0                        01010500D    969
     126       0       0       2       0                               0D    970
     110    1137       0       0       0                        01010000D    971
     110       0       0       2       0                               0D    972
     126    1139       0       0       0                        01010500D    973
     126       0       0       2       0                               0D    974
     110    1141       0       0       0                        01010000D    975
     110       0       0       2       0                               0D    976
     126    1143       0       0       0                        01010500D    977
     126       0       0       2       0                               0D    978
     110    1145       0       0       0                        01010000D    979
     110       0       0       2       0                               0D    980
     126    1147       0       0       0                        01010500D    981
     126       0       0       2       0                               0D    982
     110    1149       0       0       0                        01010000D    983
     110       0       0       2       0                               0D    984
     126    1151       0       0       0                        01010500D    985
     126       0       0      22       0                               0D    986
     126    1173       0       0       0                        01010000D    987
     126       0       0       5       0                               0D    988
     102    1178       0       0       0                        01010500D    989
     102       0       0       1       0                               0D    990
     102    1179       0       0       0                        01010000D    991
     102       0       0       1       0                               0D    992
     142    1180       0       0       0                        00010500D    993
     142       0       0       1       0                               0D    994
     144    1181       0       0       0                        00000000D    995
     144       0    -937       1       0                               0D    996
     314    1182       0       0       0                        00000200D    997
     314       0       0       1       0                               0D    998
     128    1183       0       0       0                        01010000D    999
     128       0       0       4       0                               0D   1000
     126    1187       0       0       0                        01010500D   1001
     126       0       0       2       0                               0D   1002
     110    1189       0       0       0                        01010000D   1003
     110       0       0       2       0                               0D   1004
     126    1191       0       0       0                        01010500D   1005
     126       0       0       2       0                               0D   1006
     110    1193       0       0       0                        01010000D   1007
     110       0       0       2       0                               0D   1008
     126    1195       0       0       0                        01010500D   1009
     126       0       0       2       0                               0D   1010
     110    1197       0       0       0                        01010000D   1011
     110       0       0       2       0                               0D   1012
     126    1199       0       0       0                        01010500D   1013
     126       0       0      22       0                               0D   1014
     126    1221       0       0       0                        01010000D   1015
     126       0       0       5       0                               0D   1016
     126    1226       0       0       0                        01010500D   1017
     126       0       0       2       0                               0D   1018
     110    1228       0       0       0                        01010000D   1019
     110       0       0       2       0                               0D   1020
     126    1230       0       0       0                        01010500D   1021
     126       0       0       2       0                               0D   1022
     110    1232       0       0       0                        01010000D   1023
     110       0       0       2       0                               0D   1024
     126    1234       0       0       0                        01010500D   1025
     126       0       0       2       0                               0D   1026
     110    1236       0       0       0                        01010000D   1027
     110       0       0       2       0                               0D   1028
     126    1238       0       0       0                        01010500D   1029
     126       0       0       2       0                               0D   1030
     110    1240       0       0       0                        01010000D   1031
     110       0       0       2       0                               0D   1032
     126    1242       0       0       0                        01010500D   1033
     126       0       0       2       0                               0D   1034
     110    1244       0       0       0                        01010000D   1035
     110       0       0       2       0                               0D   1036
     126    1246       0       0       0                        01010500D   1037
     126       0       0       2       0                               0D   1038
     110    1248       0       0       0                        01010000D   1039
     110       0       0       2       0                               0D   1040
     126    1250       0       0       0                        01010500D   1041
     126       0       0       2       0                               0D   1042
     110    1252       0       0       0                        01010000D   1043
     110       0       0       2       0                               0D   1044
     126    1254       0       0       0                        01010500D   1045
     126       0       0      22       0                               0D   1046
     126    1276       0       0       0                        01010000D   1047
     126       0       0       5       0                               0D   1048
     102    1281       0       0       0                        01010500D   1049
     102       0       0       2       0                               0D   1050
     102    1283       0       0       0                        01010000D   1051
     102       0       0       2       0                               0D   1052
     142    1285       0       0       0                        00010500D   1053
     142       0       0       1       0                               0D   1054
     144    1286       0       0       0                        00000000D   1055
     144       0    -997       1       0                               0D   1056
     314    1287       0       0       0                        00000200D   1057
     314       0       0       1       0                               0D   1058
     128    1288       0       0       0                        01010000D   1059
     128       0       0       4       0                               0D   1060
     126    1292       0       0       0                        01010500D   1061
     126       0       0       2       0                               0D   1062
     110    1294       0       0       0                        01010000D   1063
     110       0       0       2       0                               0D   1064
     126    1296       0       0       0                        01010500D   1065
     126       0       0       2       0                               0D   1066
     110    1298       0       0       0                        01010000D   1067
     110       0       0       2       0                               0D   1068
     126    1300       0       0       0                        01010500D   1069
     126       0       0       2       0                               0D   1070
     110    1302       0       0       0                        01010000D   1071
     110       0       0       2       0                               0D   1072
     126    1304       0       0       0                        01010500D   1073
     126       0       0       2       0                               0D   1074
     110    1306       0       0       0                        01010000D   1075
     110       0       0       2       0                               0D   1076
     126    1308       0       0       0                        01010500D   1077
     126       0       0       2       0                               0D   1078
     110    1310       0       0       0                        01010000D   1079
     110       0       0       2       0                               0D   1080
     126    1312       0       0       0                        01010500D   1081
     126       0       0       2       0                               0D   1082
     110    1314       0       0       0                        01010000D   1083
     110       0       0       2       0                               0D   1084
     126    1316       0       0       0                        01010500D   1085
     126       0       0       3       0                               0D   1086
     126    1319       0       0       0                        01010000D   1087
     126       0       0       6       0                               0D   1088
     126    1325       0       0       0                        01010500D   1089
     126       0       0       2       0                               0D   1090
     110    1327       0       0       0                        01010000D   1091
     110       0       0       2       0                               0D   1092
     126    1329       0       0       0                        01010500D   1093
     126       0       0       3       0                               0D   1094
     126    1332       0       0       0                        01010000D   1095
     126       0       0       6       0                               0D   1096
     102    1338       0       0       0                        01010500D   1097
     102       0       0       1       0                               0D   1098
     102    1339       0       0       0                        01010000D   1099
     102       0       0       1       0                               0D   1100
     142    1340       0       0       0                        00010500D   1101
     142       0       0       1       0                               0D   1102
     144    1341       0       0       0                        00000000D   1103
     144       0   -1057       1       0                               0D   1104
     314    1342       0       0       0                        00000200D   1105
     314       0       0       1       0                               0D   1106
     128    1343       0       0       0                        01010000D   1107
     128       0       0       4       0                               0D   1108
     126    1347       0       0       0                        01010500D   1109
     126       0       0       2       0                               0D   1110
     110    1349       0       0       0                        01010000D   1111
     110       0       0       2       0                               0D   1112
     126    1351       0       0       0                        01010500D   1113
     126       0       0       2       0                               0D   1114
     110    1353       0       0       0                        01010000D   1115
     110       0       0       2       0                               0D   1116
     126    1355       0       0       0                        01010500D   1117
     126       0       0       2       0                               0D   1118
     110    1357       0       0       0                        01010000D   1119
     110       0       0       2       0                               0D   1120
     126    1359       0       0       0                        01010500D   1121
     126       0       0       3       0                               0D   1122
     126    1362       0       0       0                        01010000D   1123
     126       0       0       6       0                               0D   1124
     126    1368       0       0       0                        01010500D   1125
     126       0       0       2       0                               0D   1126
     110    1370       0       0       0                        01010000D   1127
     110       0       0       2       0                               0D   1128
     126    1372       0       0       0                        01010500D   1129
     126       0       0       3       0                               0D   1130
     126    1375       0       0       0                        01010000D   1131
     126       0       0       6       0                               0D   1132
     126    1381       0       0       0                        01010500D   1133
     126       0       0       2       0                               0D   1134
     110    1383       0       0       0                        01010000D   1135
     110       0       0       2       0                               0D   1136
     126    1385       0       0       0                        01010500D   1137
     126       0       0       2       0                               0D   1138
     110    1387       0       0       0                        01010000D   1139
     110       0       0       2       0                               0D   1140
     126    1389       0       0       0                        01010500D   1141
     126       0       0       2       0                               0D   1142
     110    1391       0       0       0                        01010000D   1143
     110       0       0       2       0                               0D   1144
     102    1393       0       0       0                        01010500D   1145
     102       0       0       1       0                               0D   1146
     102    1394       0       0       0                        01010000D   1147
     102       0       0       1       0                               0D   1148
     142    1395       0       0       0                        00010500D   1149
     142       0       0       1       0                               0D   1150
     144    1396       0       0       0                        00000000D   1151
     144       0   -1105       1       0                               0D   1152
     314    1397       0       0       0                        00000200D   1153
     314       0       0       1       0                               0D   1154
     128    1398       0       0       0                        01010000D   1155
     128       0       0       4       0                               0D   1156
     126    1402       0       0       0                        01010500D   1157
     126       0       0       2       0                               0D   1158
     110    1404       0       0       0                        01010000D   1159
     110       0       0       2       0                               0D   1160
     126    1406       0       0       0                        01010500D   1161
     126       0       0       2       0                               0D   1162
     110    1408       0       0       0                        01010000D   1163
     110       0       0       2       0                               0D   1164
     126    1410       0       0       0                        01010500D   1165
     126       0       0       2       0                               0D   1166
     110    1412       0       0       0                        01010000D   1167
     110       0       0       2       0                               0D   1168
     126    1414       0       0       0                        01010500D   1169
     126       0       0       2       0                               0D   1170
     110    1416       0       0       0                        01010000D   1171
     110       0       0       2       0                               0D   1172
     126    1418       0       0       0                        01010500D   1173
     126       0       0       2       0                               0D   1174
     110    1420       0       0       0                        01010000D   1175
     110       0       0       2       0                               0D   1176
     126    1422       0       0       0                        01010500D   1177
     126       0       0       2       0                               0D   1178
     110    1424       0       0       0                        01010000D   1179
     110       0       0       2       0                               0D   1180
     126    1426       0       0       0                        01010500D   1181
     126       0       0       2       0                               0D   1182
     110    1428       0       0       0                        01010000D   1183
     110       0       0       2       0                               0D   1184
     126    1430       0       0       0                        01010500D   1185
     126       0       0       2       0                               0D   1186
     110    1432       0       0       0                        01010000D   1187
     110       0       0       2       0                               0D   1188
     102    1434       0       0       0                        01010500D   1189
     102       0       0       1       0                               0D   1190
     102    1435       0       0       0                        01010000D   1191
     102       0       0       1       0                               0D   1192
     142    1436       0       0       0                        00010500D   1193
     142       0       0       1       0                               0D   1194
     144    1437       0       0       0                        00000000D   1195
     144       0   -1153       1       0                               0D   1196
     314    1438       0       0       0                        00000200D   1197
     314       0       0       1       0                               0D   1198
     110    1439       0       0       0                        01010000D   1199
     110       0       0       2       0                               0D   1200
     110    1441       0       0       0                        01010000D   1201
     110       0       0       2       0                               0D   1202
     120    1443       0       0       0                        01010000D   1203
     120       0       0       1       0                               0D   1204
     126    1444       0       0       0                        01010500D   1205
     126       0       0       2       0                               0D   1206
     110    1446       0       0       0                        01010000D   1207
     110       0       0       2       0                               0D   1208
     126    1448       0       0       0                        01010500D   1209
     126       0       0       7       0                               0D   1210
     126    1455       0       0       0                        01010000D   1211
     126       0       0       5       0                               0D   1212
     126    1460       0       0       0                        01010500D   1213
     126       0       0       2       0                               0D   1214
     110    1462       0       0       0                        01010000D   1215
     110       0       0       2       0                               0D   1216
     126    1464       0       0       0                        01010500D   1217
     126       0       0       7       0                               0D   1218
     126    1471       0       0       0                        01010000D   1219
     126       0       0       5       0                               0D   1220
     102    1476       0       0       0                        01010500D   1221
     102       0       0       1       0                               0D   1222
     102    1477       0       0       0                        01010000D   1223
     102       0       0       1       0                               0D   1224
     142    1478       0       0       0                        00010500D   1225
     142       0       0       1       0                               0D   1226
     144    1479       0       0       0                        00000000D   1227
     144       0   -1197       1       0                               0D   1228
     314    1480       0       0       0                        00000200D   1229
     314       0       0       1       0                               0D   1230
     110    1481       0       0       0                        01010000D   1231
     110       0       0       2       0                               0D   1232
     110    1483       0       0       0                        01010000D   1233
     110       0       0       2       0                               0D   1234
     120    1485       0       0       0                        01010000D   1235
     120       0       0       1       0                               0D   1236
     126    1486       0       0       0                        01010500D   1237
     126       0       0       2       0                               0D   1238
     110    1488       0       0       0                        01010000D   1239
     110       0       0       2       0                               0D   1240
     126    1490       0       0       0                        01010500D   1241
     126       0       0       7       0                               0D   1242
     126    1497       0       0       0                        01010000D   1243
     126       0       0       5       0                               0D   1244
     126    1502       0       0       0                        01010500D   1245
     126       0       0       2       0                               0D   1246
     110    1504       0       0       0                        01010000D   1247
     110       0       0       2       0                               0D   1248
     126    1506       0       0       0                        01010500D   1249
     126       0       0       7       0                               0D   1250
     126    1513       0       0       0                        01010000D   1251
     126       0       0       5       0                               0D   1252
     102    1518       0       0       0                        01010500D   1253
     102       0       0       1       0                               0D   1254
     102    1519       0       0       0                        01010000D   1255
     102       0       0       1       0                               0D   1256
     142    1520       0       0       0                        00010500D   1257
     142       0       0       1       0                               0D   1258
     144    1521       0       0       0                        00000000D   1259
     144       0   -1229       1       0                               0D   1260
     314    1522       0       0       0                        00000200D   1261
     314       0       0       1       0                               0D   1262
     128    1523       0       0       0                        01010000D   1263
     128       0       0       4       0                               0D   1264
     126    1527       0       0       0                        01010500D   1265
     126       0       0       2       0                               0D   1266
     110    1529       0       0       0                        01010000D   1267
     110       0       0       2       0                               0D   1268
     126    1531       0       0       0                        01010500D   1269
     126       0       0       2       0                               0D   1270
     110    1533       0       0       0                        01010000D   1271
     110       0       0       2       0                               0D   1272
     126    1535       0       0       0                        01010500D   1273
     126       0       0       2       0                               0D   1274
     110    1537       0       0       0                        01010000D   1275
     110       0       0       2       0                               0D   1276
     126    1539       0       0       0                        01010500D   1277
     126       0       0       2       0                               0D   1278
     110    1541       0       0       0                        01010000D   1279
     110       0       0       2       0                               0D   1280
     102    1543       0       0       0                        01010500D   1281
     102       0       0       1       0                               0D   1282
     102    1544       0       0       0                        01010000D   1283
     102       0       0       1       0                               0D   1284
     142    1545       0       0       0                        00010500D   1285
     142       0       0       1       0                               0D   1286
     144    1546       0       0       0                        00000000D   1287
     144       0   -1261       1       0                               0D   1288
     314    1547       0       0       0                        00000200D   1289
     314       0       0       1       0                               0D   1290
     128    1548       0       0       0                        01010000D   1291
     128       0       0       4       0                               0D   1292
     126    1552       0       0       0                        01010500D   1293
     126       0       0       2       0                               0D   1294
     110    1554       0       0       0                        01010000D   1295
     110       0       0       2       0                               0D   1296
     126    1556       0       0       0                        01010500D   1297
     126       0       0       2       0                               0D   1298
     110    1558       0       0       0                        01010000D   1299
     110       0       0       2       0                               0D   1300
     126    1560       0       0       0                        01010500D   1301
     126       0       0       2       0                               0D   1302
     110    1562       0       0       0                        01010000D   1303
     110       0       0       2       0                               0D   1304
     102    1564       0       0       0                        01010500D   1305
     102       0       0       1       0                               0D   1306
     102    1565       0       0       0                        01010000D   1307
     102       0       0       1       0                               0D   1308
     142    1566       0       0       0                        00010500D   1309
     142       0       0       1       0                               0D   1310
     144    1567       0       0       0                        00000000D   1311
     144       0   -1289       1       0                               0D   1312
     314    1568       0       0       0                        00000200D   1313
     314       0       0       1       0                               0D   1314
     128    1569       0       0       0                        01010000D   1315
     128       0       0       4       0                               0D   1316
     126    1573       0       0       0                        01010500D   1317
     126       0       0       2       0                               0D   1318
     110    1575       0       0       0                        01010000D   1319
     110       0       0       2       0                               0D   1320
     126    1577       0       0       0                        01010500D   1321
     126       0       0       2       0                               0D   1322
     110    1579       0       0       0                        01010000D   1323
     110       0       0       2       0                               0D   1324
     126    1581       0       0       0                        01010500D   1325
     126       0       0       2       0                               0D   1326
     110    1583       0       0       0                        01010000D   1327
     110       0       0       2       0                               0D   1328
     102    1585       0       0       0                        01010500D   1329
     102       0       0       1       0                               0D   1330
     102    1586       0       0       0                        01010000D   1331
     102       0       0       1       0                               0D   1332
     142    1587       0       0       0                        00010500D   1333
     142       0       0       1       0                               0D   1334
     144    1588       0       0       0                        00000000D   1335
     144       0   -1313       1       0                               0D   1336
     314    1589       0       0       0                        00000200D   1337
     314       0       0       1       0                               0D   1338
     128    1590       0       0       0                        01010000D   1339
     128       0       0       4       0                               0D   1340
     126    1594       0       0       0                        01010500D   1341
     126       0       0       2       0                               0D   1342
     110    1596       0       0       0                        01010000D   1343
     110       0       0       1       0                               0D   1344
     126    1597       0       0       0                        01010500D   1345
     126       0       0       2       0                               0D   1346
     110    1599       0       0       0                        01010000D   1347
     110       0       0       1       0                               0D   1348
     126    1600       0       0       0                        01010500D   1349
     126       0       0       2       0                               0D   1350
     110    1602       0       0       0                        01010000D   1351
     110       0       0       1       0                               0D   1352
     102    1603       0       0       0                        01010500D   1353
     102       0       0       1       0                               0D   1354
     102    1604       0       0       0                        01010000D   1355
     102       0       0       1       0                               0D   1356
     142    1605       0       0       0                        00010500D   1357
     142       0       0       1       0                               0D   1358
     144    1606       0       0       0                        00000000D   1359
     144       0   -1337       1       0                               0D   1360
     314    1607       0       0       0                        00000200D   1361
     314       0       0       1       0                               0D   1362
     128    1608       0       0       0                        01010000D   1363
     128       0       0       4       0                               0D   1364
     126    1612       0       0       0                        01010500D   1365
     126       0       0       2       0                               0D   1366
     110    1614       0       0       0                        01010000D   1367
     110       0       0       1       0                               0D   1368
     126    1615       0       0       0                        01010500D   1369
     126       0       0       2       0                               0D   1370
     110    1617       0       0       0                        01010000D   1371
     110       0       0       2       0                               0D   1372
     126    1619       0       0       0                        01010500D   1373
     126       0       0       2       0                               0D   1374
     110    1621       0       0       0                        01010000D   1375
     110       0       0       1       0                               0D   1376
     126    1622       0       0       0                        01010500D   1377
     126       0       0       2       0                               0D   1378
     110    1624       0       0       0                        01010000D   1379
     110       0       0       1       0                               0D   1380
     102    1625       0       0       0                        01010500D   1381
     102       0       0       1       0                               0D   1382
     102    1626       0       0       0                        01010000D   1383
     102       0       0       1       0                               0D   1384
     142    1627       0       0       0                        00010500D   1385
     142       0       0       1       0                               0D   1386
     144    1628       0       0       0                        00000000D   1387
     144       0   -1361       1       0                               0D   1388
     314    1629       0       0       0                        00000200D   1389
     314       0       0       1       0                               0D   1390
     128    1630       0       0       0                        01010000D   1391
     128       0       0       4       0                               0D   1392
     126    1634       0       0       0                        01010500D   1393
     126       0       0       2       0                               0D   1394
     110    1636       0       0       0                        01010000D   1395
     110       0       0       1       0                               0D   1396
     126    1637       0       0       0                        01010500D   1397
     126       0       0       2       0                               0D   1398
     110    1639       0       0       0                        01010000D   1399
     110       0       0       1       0                               0D   1400
     126    1640       0       0       0                        01010500D   1401
     126       0       0       2       0                               0D   1402
     110    1642       0       0       0                        01010000D   1403
     110       0       0       1       0                               0D   1404
     102    1643       0       0       0                        01010500D   1405
     102       0       0       1       0                               0D   1406
     102    1644       0       0       0                        01010000D   1407
     102       0       0       1       0                               0D   1408
     142    1645       0       0       0                        00010500D   1409
     142       0       0       1       0                               0D   1410
     144    1646       0       0       0                        00000000D   1411
     144       0   -1389       1       0                               0D   1412
     314    1647       0       0       0                        00000200D   1413
     314       0       0       1       0                               0D   1414
     128    1648       0       0       0                        01010000D   1415
     128       0       0       4       0                               0D   1416
     126    1652       0       0       0                        01010500D   1417
     126       0       0       2       0                               0D   1418
     110    1654       0       0       0                        01010000D   1419
     110       0       0       2       0                               0D   1420
     126    1656       0       0       0                        01010500D   1421
     126       0       0       2       0                               0D   1422
     110    1658       0       0       0                        01010000D   1423
     110       0       0       1       0                               0D   1424
     126    1659       0       0       0                        01010500D   1425
     126       0       0       2       0                               0D   1426
     110    1661       0       0       0                        01010000D   1427
     110       0       0       2       0                               0D   1428
     102    1663       0       0       0                        01010500D   1429
     102       0       0       1       0                               0D   1430
     102    1664       0       0       0                        01010000D   1431
     102       0       0       1       0                               0D   1432
     142    1665       0       0       0                        00010500D   1433
     142       0       0       1       0                               0D   1434
     144    1666       0       0       0                        00000000D   1435
     144       0   -1413       1       0                               0D   1436
     314    1667       0       0       0                        00000200D   1437
     314       0       0       1       0                               0D   1438
     128    1668       0       0       0                        01010000D   1439
     128       0       0       4       0                               0D   1440
     126    1672       0       0       0                        01010500D   1441
     126       0       0       2       0                               0D   1442
     110    1674       0       0       0                        01010000D   1443
     110       0       0       2       0                               0D   1444
     126    1676       0       0       0                        01010500D   1445
     126       0       0       2       0                               0D   1446
     110    1678       0       0       0                        01010000D   1447
     110       0       0       2       0                               0D   1448
     126    1680       0       0       0                        01010500D   1449
     126       0       0       2       0                               0D   1450
     110    1682       0       0       0                        01010000D   1451
     110       0       0       2       0                               0D   1452
     126    1684       0       0       0                        01010500D   1453
     126       0       0       2       0                               0D   1454
     110    1686       0       0       0                        01010000D   1455
     110       0       0       1       0                               0D   1456
     102    1687       0       0       0                        01010500D   1457
     102       0       0       1       0                               0D   1458
     102    1688       0       0       0                        01010000D   1459
     102       0       0       1       0                               0D   1460
     142    1689       0       0       0                        00010500D   1461
     142       0       0       1       0                               0D   1462
     144    1690       0       0       0                        00000000D   1463
     144       0   -1437       1       0                               0D   1464
     314    1691       0       0       0                        00000200D   1465
     314       0       0       1       0                               0D   1466
     128    1692       0       0       0                        01010000D   1467
     128       0       0       4       0                               0D   1468
     126    1696       0       0       0                        01010500D   1469
     126       0       0       2       0                               0D   1470
     110    1698       0       0       0                        01010000D   1471
     110       0       0       1       0                               0D   1472
     126    1699       0       0       0                        01010500D   1473
     126       0       0       2       0                               0D   1474
     110    1701       0       0       0                        01010000D   1475
     110       0       0       2       0                               0D   1476
     126    1703       0       0       0                        01010500D   1477
     126       0       0       2       0                               0D   1478
     110    1705       0       0       0                        01010000D   1479
     110       0       0       2       0                               0D   1480
     102    1707       0       0       0                        01010500D   1481
     102       0       0       1       0                               0D   1482
     102    1708       0       0       0                        01010000D   1483
     102       0       0       1       0                               0D   1484
     142    1709       0       0       0                        00010500D   1485
     142       0       0       1       0                               0D   1486
     144    1710       0       0       0                        00000000D   1487
     144       0   -1465       1       0                               0D   1488
     314    1711       0       0       0                        00000200D   1489
     314       0       0       1       0                               0D   1490
     128    1712       0       0       0                        01010000D   1491
     128       0       0       4       0                               0D   1492
     126    1716       0       0       0                        01010500D   1493
     126       0       0       2       0                               0D   1494
     110    1718       0       0       0                        01010000D   1495
     110       0       0       2       0                               0D   1496
     126    1720       0       0       0                        01010500D   1497
     126       0       0       2       0                               0D   1498
     110    1722       0       0       0                        01010000D   1499
     110       0       0       2       0                               0D   1500
     126    1724       0       0       0                        01010500D   1501
     126       0       0       2       0                               0D   1502
     110    1726       0       0       0                        01010000D   1503
     110       0       0       2       0                               0D   1504
     126    1728       0       0       0                        01010500D   1505
     126       0       0       2       0                               0D   1506
     110    1730       0       0       0                        01010000D   1507
     110       0       0       2       0                               0D   1508
     102    1732       0       0       0                        01010500D   1509
     102       0       0       1       0                               0D   1510
     102    1733       0       0       0                        01010000D   1511
     102       0       0       1       0                               0D   1512
     142    1734       0       0       0                        00010500D   1513
     142       0       0       1       0                               0D   1514
     144    1735       0       0       0                        00000000D   1515
     144       0   -1489       1       0                               0D   1516
     314    1736       0       0       0                        00000200D   1517
     314       0       0       1       0                               0D   1518
     128    1737       0       0       0                        01010000D   1519
     128       0       0       4       0                               0D   1520
     126    1741       0       0       0                        01010500D   1521
     126       0       0       2       0                               0D   1522
     110    1743       0       0       0                        01010000D   1523
     110       0       0       2       0                               0D   1524
     126    1745       0       0       0                        01010500D   1525
     126       0       0       2       0                               0D   1526
     110    1747       0       0       0                        01010000D   1527
     110       0       0       2       0                               0D   1528
     126    1749       0       0       0                        01010500D   1529
     126       0       0       2       0                               0D   1530
     110    1751       0       0       0                        01010000D   1531
     110       0       0       2       0                               0D   1532
     102    1753       0       0       0                        01010500D   1533
     102       0       0       1       0                               0D   1534
     102    1754       0       0       0                        01010000D   1535
     102       0       0       1       0                               0D   1536
     142    1755       0       0       0                        00010500D   1537
     142       0       0       1       0                               0D   1538
     144    1756       0       0       0                        00000000D   1539
     144       0   -1517       1       0                               0D   1540
     314    1757       0       0       0                        00000200D   1541
     314       0       0       1       0                               0D   1542
     128    1758       0       0       0                        01010000D   1543
     128       0       0       4       0                               0D   1544
     126    1762       0       0       0                        01010500D   1545
     126       0       0       2       0                               0D   1546
     110    1764       0       0       0                        01010000D   1547
     110       0       0       2       0                               0D   1548
     126    1766       0       0       0                        01010500D   1549
     126       0       0       2       0                               0D   1550
     110    1768       0       0       0                        01010000D   1551
     110       0       0       2       0                               0D   1552
     126    1770       0       0       0                        01010500D   1553
     126       0       0       2       0                               0D   1554
     110    1772       0       0       0                        01010000D   1555
     110       0       0       2       0                               0D   1556
     102    1774       0       0       0                        01010500D   1557
     102       0       0       1       0                               0D   1558
     102    1775       0       0       0                        01010000D   1559
     102       0       0       1       0                               0D   1560
     142    1776       0       0       0                        00010500D   1561
     142       0       0       1       0                               0D   1562
     144    1777       0       0       0                        00000000D   1563
     144       0   -1541       1       0                               0D   1564
     314    1778       0       0       0                        00000200D   1565
     314       0       0       1       0                               0D   1566
     128    1779       0       0       0                        01010000D   1567
     128       0       0       4       0                               0D   1568
     126    1783       0       0       0                        01010500D   1569
     126       0       0       2       0                               0D   1570
     110    1785       0       0       0                        01010000D   1571
     110       0       0       2       0                               0D   1572
     126    1787       0       0       0                        01010500D   1573
     126       0       0       2       0                               0D   1574
     110    1789       0       0       0                        01010000D   1575
     110       0       0       2       0                               0D   1576
     126    1791       0       0       0                        01010500D   1577
     126       0       0       2       0                               0D   1578
     110    1793       0       0       0                        01010000D   1579
     110       0       0       2       0                               0D   1580
     126    1795       0       0       0                        01010500D   1581
     126       0       0       2       0                               0D   1582
     110    1797       0       0       0                        01010000D   1583
     110       0       0       2       0                               0D   1584
     126    1799       0       0       0                        01010500D   1585
     126       0       0       2       0                               0D   1586
     110    1801       0       0       0                        01010000D   1587
     110       0       0       2       0                               0D   1588
     126    1803       0       0       0                        01010500D   1589
     126       0       0      21       0                               0D   1590
     124    1824       0       0       0                        00000000D   1591
     124       0       0       4       0                               0D   1592
     100    1828       0       0       0            1591        01010000D   1593
     100       0       0       2       0                               0D   1594
     126    1830       0       0       0                        01010500D   1595
     126       0       0       2       0                               0D   1596
     110    1832       0       0       0                        01010000D   1597
     110       0       0       2       0                               0D   1598
     126    1834       0       0       0                        01010500D   1599
     126       0       0       2       0                               0D   1600
     110    1836       0       0       0                        01010000D   1601
     110       0       0       2       0                               0D   1602
     102    1838       0       0       0                        01010500D   1603
     102       0       0       1       0                               0D   1604
     102    1839       0       0       0                        01010000D   1605
     102       0       0       1       0                               0D   1606
     142    1840       0       0       0                        00010500D   1607
     142       0       0       1       0                               0D   1608
     144    1841       0       0       0                        00000000D   1609
     144       0   -1565       1       0                               0D   1610
     314    1842       0       0       0                        00000200D   1611
     314       0       0       1       0                               0D   1612
     128    1843       0       0       0                        01010000D   1613
     128       0       0       4       0                               0D   1614
     126    1847       0       0       0                        01010500D   1615
     126       0       0       2       0                               0D   1616
     110    1849       0       0       0                        01010000D   1617
     110       0       0       2       0                               0D   1618
     126    1851       0       0       0                        01010500D   1619
     126       0       0       2       0                               0D   1620
     110    1853       0       0       0                        01010000D   1621
     110       0       0       2       0                               0D   1622
     126    1855       0       0       0                        01010500D   1623
     126       0       0       2       0                               0D   1624
     110    1857       0       0       0                        01010000D   1625
     110       0       0       2       0                               0D   1626
     126    1859       0       0       0                        01010500D   1627
     126       0       0       2       0                               0D   1628
     110    1861       0       0       0                        01010000D   1629
     110       0       0       2       0                               0D   1630
     102    1863       0       0       0                        01010500D   1631
     102       0       0       1       0                               0D   1632
     102    1864       0       0       0                        01010000D   1633
     102       0       0       1       0                               0D   1634
     142    1865       0       0       0                        00010500D   1635
     142       0       0       1       0                               0D   1636
     144    1866       0       0       0                        00000000D   1637
     144       0   -1611       1       0                               0D   1638
     314    1867       0       0       0                        00000200D   1639
     314       0       0       1       0                               0D   1640
     128    1868       0       0       0                        01010000D   1641
     128       0       0       4       0                               0D   1642
     126    1872       0       0       0                        01010500D   1643
     126       0       0       2       0                               0D   1644
     110    1874       0       0       0                        01010000D   1645
     110       0       0       2       0                               0D   1646
     126    1876       0       0       0                        01010500D   1647
     126       0       0       2       0                               0D   1648
     110    1878       0       0       0                        01010000D   1649
     110       0       0       2       0                               0D   1650
     126    1880       0       0       0                        01010500D   1651
     126       0       0       2       0                               0D   1652
     110    1882       0       0       0                        01010000D   1653
     110       0       0       2       0                               0D   1654
     126    1884       0       0       0                        01010500D   1655
     126       0       0       2       0                               0D   1656
     110    1886       0       0       0                        01010000D   1657
     110       0       0       2       0                               0D   1658
     102    1888       0       0       0                        01010500D   1659
     102       0       0       1       0                               0D   1660
     102    1889       0       0       0                        01010000D   1661
     102       0       0       1       0                               0D   1662
     142    1890       0       0       0                        00010500D   1663
     142       0       0       1       0                               0D   1664
     144    1891       0       0       0                        00000000D   1665
     144       0   -1639       1       0                               0D   1666
     314    1892       0       0       0                        00000200D   1667
     314       0       0       1       0                               0D   1668
     110    1893       0       0       0                        01010000D   1669
     110       0       0       2       0                               0D   1670
     110    1895       0       0       0                        01010000D   1671
     110       0       0       2       0                               0D   1672
     120    1897       0       0       0                        01010000D   1673
     120       0       0       1       0                               0D   1674
     126    1898       0       0       0                        01010500D   1675
     126       0       0       2       0                               0D   1676
     110    1900       0       0       0                        01010000D   1677
     110       0       0       2       0                               0D   1678
     126    1902       0       0       0                        01010500D   1679
     126       0       0       2       0                               0D   1680
     124    1904       0       0       0                        00000000D   1681
     124       0       0       4       0                               0D   1682
     100    1908       0       0       0            1681        01010000D   1683
     100       0       0       2       0                               0D   1684
     126    1910       0       0       0                        01010500D   1685
     126       0       0       2       0                               0D   1686
     110    1912       0       0       0                        01010000D   1687
     110       0       0       2       0                               0D   1688
     126    1914       0       0       0                        01010500D   1689
     126       0       0       2       0                               0D   1690
     124    1916       0       0       0                        00000000D   1691
     124       0       0       4       0                               0D   1692
     100    1920       0       0       0            1691        01010000D   1693
     100       0       0       2       0                               0D   1694
     102    1922       0       0       0                        01010500D   1695
     102       0       0       1       0                               0D   1696
     102    1923       0       0       0                        01010000D   1697
     102       0       0       1       0                               0D   1698
     142    1924       0       0       0                        00010500D   1699
     142       0       0       1       0                               0D   1700
     144    1925       0       0       0                        00000000D   1701
     144       0   -1667       1       0                               0D   1702
     314    1926       0       0       0                        00000200D   1703
     314       0       0       1       0                               0D   1704
     128    1927       0       0       0                        01010000D   1705
     128       0       0       4       0                               0D   1706
     126    1931       0       0       0                        01010500D   1707
     126       0       0       2       0                               0D   1708
     110    1933       0       0       0                        01010000D   1709
     110       0       0       2       0                               0D   1710
     126    1935       0       0       0                        01010500D   1711
     126       0       0      21       0                               0D   1712
     124    1956       0       0       0                        00000000D   1713
     124       0       0       4       0                               0D   1714
     100    1960       0       0       0            1713        01010000D   1715
     100       0       0       2       0                               0D   1716
     126    1962       0       0       0                        01010500D   1717
     126       0       0       2       0                               0D   1718
     110    1964       0       0       0                        01010000D   1719
     110       0       0       2       0                               0D   1720
     126    1966       0       0       0                        01010500D   1721
     126       0       0       2       0                               0D   1722
     110    1968       0       0       0                        01010000D   1723
     110       0       0       2       0                               0D   1724
     102    1970       0       0       0                        01010500D   1725
     102       0       0       1       0                               0D   1726
     102    1971       0       0       0                        01010000D   1727
     102       0       0       1       0                               0D   1728
     142    1972       0       0       0                        00010500D   1729
     142       0       0       1       0                               0D   1730
     144    1973       0       0       0                        00000000D   1731
     144       0   -1703       1       0                               0D   1732
     314    1974       0       0       0                        00000200D   1733
     314       0       0       1       0                               0D   1734
     128    1975       0       0       0                        01010000D   1735
     128       0       0       4       0                               0D   1736
     126    1979       0       0       0                        01010500D   1737
     126       0       0       2       0                               0D   1738
     110    1981       0       0       0                        01010000D   1739
     110       0       0       2       0                               0D   1740
     126    1983       0       0       0                        01010500D   1741
     126       0       0       2       0                               0D   1742
     110    1985       0       0       0                        01010000D   1743
     110       0       0       2       0                               0D   1744
     126    1987       0       0       0                        01010500D   1745
     126       0       0       2       0                               0D   1746
     110    1989       0       0       0                        01010000D   1747
     110       0       0       2       0                               0D   1748
     126    1991       0       0       0                        01010500D   1749
     126       0       0       2       0                               0D   1750
     110    1993       0       0       0                        01010000D   1751
     110       0       0       2       0                               0D   1752
     102    1995       0       0       0                        01010500D   1753
     102       0       0       1       0                               0D   1754
     102    1996       0       0       0                        01010000D   1755
     102       0       0       1       0                               0D   1756
     142    1997       0       0       0                        00010500D   1757
     142       0       0       1       0                               0D   1758
     144    1998       0       0       0                        00000000D   1759
     144       0   -1733       1       0                               0D   1760
     314    1999       0       0       0                        00000200D   1761
     314       0       0       1       0                               0D   1762
     110    2000       0       0       0                        01010000D   1763
     110       0       0       2       0                               0D   1764
     110    2002       0       0       0                        01010000D   1765
     110       0       0       2       0                               0D   1766
     120    2004       0       0       0                        01010000D   1767
     120       0       0       1       0                               0D   1768
     126    2005       0       0       0                        01010500D   1769
     126       0       0       2       0                               0D   1770
     110    2007       0       0       0                        01010000D   1771
     110       0       0       2       0                               0D   1772
     126    2009       0       0       0                        01010500D   1773
     126       0       0       2       0                               0D   1774
     124    2011       0       0       0                        00000000D   1775
     124       0       0       5       0                               0D   1776
     100    2016       0       0       0            1775        01010000D   1777
     100       0       0       2       0                               0D   1778
     126    2018       0       0       0                        01010500D   1779
     126       0       0       2       0                               0D   1780
     110    2020       0       0       0                        01010000D   1781
     110       0       0       2       0                               0D   1782
     126    2022       0       0       0                        01010500D   1783
     126       0       0       2       0                               0D   1784
     100    2024       0       0       0                        01010000D   1785
     100       0       0       2       0                               0D   1786
     102    2026       0       0       0                        01010500D   1787
     102       0       0       1       0                               0D   1788
     102    2027       0       0       0                        01010000D   1789
     102       0       0       1       0                               0D   1790
     142    2028       0       0       0                        00010500D   1791
     142       0       0       1       0                               0D   1792
     144    2029       0       0       0                        00000000D   1793
     144       0   -1761       1       0                               0D   1794
     314    2030       0       0       0                        00000200D   1795
     314       0       0       1       0                               0D   1796
     128    2031       0       0       0                        01010000D   1797
     128       0       0       4       0                               0D   1798
     126    2035       0       0       0                        01010500D   1799
     126       0       0       2       0                               0D   1800
     110    2037       0       0       0                        01010000D   1801
     110       0       0       2       0                               0D   1802
     126    2039       0       0       0                        01010500D   1803
     126       0       0       2       0                               0D   1804
     110    2041       0       0       0                        01010000D   1805
     110       0       0       2       0                               0D   1806
     126    2043       0       0       0                        01010500D   1807
     126       0       0       2       0                               0D   1808
     110    2045       0       0       0                        01010000D   1809
     110       0       0       2       0                               0D   1810
     126    2047       0       0       0                        01010500D   1811
     126       0       0       2       0                               0D   1812
     110    2049       0       0       0                        01010000D   1813
     110       0       0       2       0                               0D   1814
     102    2051       0       0       0                        01010500D   1815
     102       0       0       1       0                               0D   1816
     102    2052       0       0       0                        01010000D   1817
     102       0       0       1       0                               0D   1818
     142    2053       0       0       0                        00010500D   1819
     142       0       0       1       0                               0D   1820
     144    2054       0       0       0                        00000000D   1821
     144       0   -1795       1       0                               0D   1822
     314    2055       0       0       0                        00000200D   1823
     314       0       0       1       0                               0D   1824
     128    2056       0       0       0                        01010000D   1825
     128       0       0       4       0                               0D   1826
     126    2060       0       0       0                        01010500D   1827
     126       0       0      11       0                               0D   1828
     124    2071       0       0       0                        00000000D   1829
     124       0       0       4       0                               0D   1830
     100    2075       0       0       0            1829        01010000D   1831
     100       0       0       2       0                               0D   1832
     126    2077       0       0       0                        01010500D   1833
     126       0       0      11       0                               0D   1834
     124    2088       0       0       0                        00000000D   1835
     124       0       0       4       0                               0D   1836
     100    2092       0       0       0            1835        01010000D   1837
     100       0       0       2       0                               0D   1838
     126    2094       0       0       0                        01010500D   1839
     126       0       0       2       0                               0D   1840
     110    2096       0       0       0                        01010000D   1841
     110       0       0       2       0                               0D   1842
     126    2098       0       0       0                        01010500D   1843
     126       0       0       2       0                               0D   1844
     110    2100       0       0       0                        01010000D   1845
     110       0       0       2       0                               0D   1846
     126    2102       0       0       0                        01010500D   1847
     126       0       0       2       0                               0D   1848
     110    2104       0       0       0                        01010000D   1849
     110       0       0       2       0                               0D   1850
     102    2106       0       0       0                        01010500D   1851
     102       0       0       1       0                               0D   1852
     102    2107       0       0       0                        01010000D   1853
     102       0       0       1       0                               0D   1854
     142    2108       0       0       0                        00010500D   1855
     142       0       0       1       0                               0D   1856
     144    2109       0       0       0                        00000000D   1857
     144       0   -1823       1       0                               0D   1858
     314    2110       0       0       0                        00000200D   1859
     314       0       0       1       0                               0D   1860
     128    2111       0       0       0                        01010000D   1861
     128       0       0       4       0                               0D   1862
     126    2115       0       0       0                        01010500D   1863
     126       0       0       2       0                               0D   1864
     110    2117       0       0       0                        01010000D   1865
     110       0       0       2       0                               0D   1866
     126    2119       0       0       0                        01010500D   1867
     126       0       0       2       0                               0D   1868
     110    2121       0       0       0                        01010000D   1869
     110       0       0       2       0                               0D   1870
     126    2123       0       0       0                        01010500D   1871
     126       0       0      11       0                               0D   1872
     124    2134       0       0       0                        00000000D   1873
     124       0       0       4       0                               0D   1874
     100    2138       0       0       0            1873        01010000D   1875
     100       0       0       2       0                               0D   1876
     126    2140       0       0       0                        01010500D   1877
     126       0       0      11       0                               0D   1878
     124    2151       0       0       0                        00000000D   1879
     124       0       0       5       0                               0D   1880
     100    2156       0       0       0            1879        01010000D   1881
     100       0       0       2       0                               0D   1882
     126    2158       0       0       0                        01010500D   1883
     126       0       0       2       0                               0D   1884
     110    2160       0       0       0                        01010000D   1885
     110       0       0       2       0                               0D   1886
     102    2162       0       0       0                        01010500D   1887
     102       0       0       1       0                               0D   1888
     102    2163       0       0       0                        01010000D   1889
     102       0       0       1       0                               0D   1890
     142    2164       0       0       0                        00010500D   1891
     142       0       0       1       0                               0D   1892
     144    2165       0       0       0                        00000000D   1893
     144       0   -1859       1       0                               0D   1894
     314    2166       0       0       0                        00000200D   1895
     314       0       0       1       0                               0D   1896
     128    2167       0       0       0                        01010000D   1897
     128       0       0       4       0                               0D   1898
     126    2171       0       0       0                        01010500D   1899
     126       0       0       2       0                               0D   1900
     110    2173       0       0       0                        01010000D   1901
     110       0       0       2       0                               0D   1902
     126    2175       0       0       0                        01010500D   1903
     126       0       0       2       0                               0D   1904
     110    2177       0       0       0                        01010000D   1905
     110       0       0       2       0                               0D   1906
     126    2179       0       0       0                        01010500D   1907
     126       0       0       2       0                               0D   1908
     110    2181       0       0       0                        01010000D   1909
     110       0       0       2       0                               0D   1910
     126    2183       0       0       0                        01010500D   1911
     126       0       0       2       0                               0D   1912
     110    2185       0       0       0                        01010000D   1913
     110       0       0       2       0                               0D   1914
     102    2187       0       0       0                        01010500D   1915
     102       0       0       1       0                               0D   1916
     102    2188       0       0       0                        01010000D   1917
     102       0       0       1       0                               0D   1918
     142    2189       0       0       0                        00010500D   1919
     142       0       0       1       0                               0D   1920
     144    2190       0       0       0                        00000000D   1921
     144       0   -1895       1       0                               0D   1922
     314    2191       0       0       0                        00000200D   1923
     314       0       0       1       0                               0D   1924
     128    2192       0       0       0                        01010000D   1925
     128       0       0       4       0                               0D   1926
     126    2196       0       0       0                        01010500D   1927
     126       0       0       2       0                               0D   1928
     110    2198       0       0       0                        01010000D   1929
     110       0       0       2       0                               0D   1930
     126    2200       0       0       0                        01010500D   1931
     126       0       0       2       0                               0D   1932
     110    2202       0       0       0                        01010000D   1933
     110       0       0       2       0                               0D   1934
     126    2204       0       0       0                        01010500D   1935
     126       0       0       2       0                               0D   1936
     110    2206       0       0       0                        01010000D   1937
     110       0       0       2       0                               0D   1938
     126    2208       0       0       0                        01010500D   1939
     126       0       0       2       0                               0D   1940
     110    2210       0       0       0                        01010000D   1941
     110       0       0       2       0                               0D   1942
     102    2212       0       0       0                        01010500D   1943
     102       0       0       1       0                               0D   1944
     102    2213       0       0       0                        01010000D   1945
     102       0       0       1       0                               0D   1946
     142    2214       0       0       0                        00010500D   1947
     142       0       0       1       0                               0D   1948
     144    2215       0       0       0                        00000000D   1949
     144       0   -1923       1       0                               0D   1950
     314    2216       0       0       0                        00000200D   1951
     314       0       0       1       0                               0D   1952
     110    2217       0       0       0                        01010000D   1953
     110       0       0       2       0                               0D   1954
     110    2219       0       0       0                        01010000D   1955
     110       0       0       2       0                               0D   1956
     120    2221       0       0       0                        01010000D   1957
     120       0       0       1       0                               0D   1958
     126    2222       0       0       0                        01010500D   1959
     126       0       0       2       0                               0D   1960
     124    2224       0       0       0                        00000000D   1961
     124       0       0       5       0                               0D   1962
     100    2229       0       0       0            1961        01010000D   1963
     100       0       0       2       0                               0D   1964
     126    2231       0       0       0                        01010500D   1965
     126       0       0       2       0                               0D   1966
     110    2233       0       0       0                        01010000D   1967
     110       0       0       2       0                               0D   1968
     126    2235       0       0       0                        01010500D   1969
     126       0       0       2       0                               0D   1970
     124    2237       0       0       0                        00000000D   1971
     124       0       0       4       0                               0D   1972
     100    2241       0       0       0            1971        01010000D   1973
     100       0       0       2       0                               0D   1974
     126    2243       0       0       0                        01010500D   1975
     126       0       0       2       0                               0D   1976
     110    2245       0       0       0                        01010000D   1977
     110       0       0       2       0                               0D   1978
     102    2247       0       0       0                        01010500D   1979
     102       0       0       1       0                               0D   1980
     102    2248       0       0       0                        01010000D   1981
     102       0       0       1       0                               0D   1982
     142    2249       0       0       0                        00010500D   1983
     142       0       0       1       0                               0D   1984
     144    2250       0       0       0                        00000000D   1985
     144       0   -1951       1       0                               0D   1986
     314    2251       0       0       0                        00000200D   1987
     314       0       0       1       0                               0D   1988
     128    2252       0       0       0                        01010000D   1989
     128       0       0       4       0                               0D   1990
     126    2256       0       0       0                        01010500D   1991
     126       0       0       2       0                               0D   1992
     110    2258       0       0       0                        01010000D   1993
     110       0       0       2       0                               0D   1994
     126    2260       0       0       0                        01010500D   1995
     126       0       0       2       0                               0D   1996
     110    2262       0       0       0                        01010000D   1997
     110       0       0       2       0                               0D   1998
     126    2264       0       0       0                        01010500D   1999
     126       0       0      21       0                               0D   2000
     100    2285       0       0       0                        01010000D   2001
     100       0       0       2       0                               0D   2002
     126    2287       0       0       0                        01010500D   2003
     126       0       0       2       0                               0D   2004
     110    2289       0       0       0                        01010000D   2005
     110       0       0       2       0                               0D   2006
     102    2291       0       0       0                        01010500D   2007
     102       0       0       1       0                               0D   2008
     102    2292       0       0       0                        01010000D   2009
     102       0       0       1       0                               0D   2010
     142    2293       0       0       0                        00010500D   2011
     142       0       0       1       0                               0D   2012
     144    2294       0       0       0                        00000000D   2013
     144       0   -1987       1       0                               0D   2014
     314    2295       0       0       0                        00000200D   2015
     314       0       0       1       0                               0D   2016
     128    2296       0       0       0                        01010000D   2017
     128       0       0       4       0                               0D   2018
     126    2300       0       0       0                        01010500D   2019
     126       0       0       2       0                               0D   2020
     110    2302       0       0       0                        01010000D   2021
     110       0       0       2       0                               0D   2022
     126    2304       0       0       0                        01010500D   2023
     126       0       0       2       0                               0D   2024
     110    2306       0       0       0                        01010000D   2025
     110       0       0       2       0                               0D   2026
     126    2308       0       0       0                        01010500D   2027
     126       0       0       2       0                               0D   2028
     110    2310       0       0       0                        01010000D   2029
     110       0       0       2       0                               0D   2030
     126    2312       0       0       0                        01010500D   2031
     126       0       0       2       0                               0D   2032
     110    2314       0       0       0                        01010000D   2033
     110       0       0       2       0                               0D   2034
     102    2316       0       0       0                        01010500D   2035
     102       0       0       1       0                               0D   2036
     102    2317       0       0       0                        01010000D   2037
     102       0       0       1       0                               0D   2038
     142    2318       0       0       0                        00010500D   2039
     142       0       0       1       0                               0D   2040
     144    2319       0       0       0                        00000000D   2041
     144       0   -2015       1       0                               0D   2042
     314    2320       0       0       0                        00000200D   2043
     314       0       0       1       0                               0D   2044
     128    2321       0       0       0                        01010000D   2045
     128       0       0       4       0                               0D   2046
     126    2325       0       0       0                        01010500D   2047
     126       0       0       2       0                               0D   2048
     110    2327       0       0       0                        01010000D   2049
     110       0       0       2       0                               0D   2050
     126    2329       0       0       0                        01010500D   2051
     126       0       0       2       0                               0D   2052
     110    2331       0       0       0                        01010000D   2053
     110       0       0       2       0                               0D   2054
     126    2333       0       0       0                        01010500D   2055
     126       0       0       2       0                               0D   2056
     110    2335       0       0       0                        01010000D   2057
     110       0       0       2       0                               0D   2058
     126    2337       0       0       0                        01010500D   2059
     126       0       0       2       0                               0D   2060
     110    2339       0       0       0                        01010000D   2061
     110       0       0       2       0                               0D   2062
     102    2341       0       0       0                        01010500D   2063
     102       0       0       1       0                               0D   2064
     102    2342       0       0       0                        01010000D   2065
     102       0       0       1       0                               0D   2066
     142    2343       0       0       0                        00010500D   2067
     142       0       0       1       0                               0D   2068
     144    2344       0       0       0                        00000000D   2069
     144       0   -2043       1       0                               0D   2070
     314    2345       0       0       0                        00000200D   2071
     314       0       0       1       0                               0D   2072
     110    2346       0       0       0                        01010000D   2073
     110       0       0       2       0                               0D   2074
     110    2348       0       0       0                        01010000D   2075
     110       0       0       2       0                               0D   2076
     120    2350       0       0       0                        01010000D   2077
     120       0       0       1       0                               0D   2078
     126    2351       0       0       0                        01010500D   2079
     126       0       0       2       0                               0D   2080
     110    2353       0       0       0                        01010000D   2081
     110       0       0       2       0                               0D   2082
     126    2355       0       0       0                        01010500D   2083
     126       0       0       2       0                               0D   2084
     100    2357       0       0       0                        01010000D   2085
     100       0       0       2       0                               0D   2086
     126    2359       0       0       0                        01010500D   2087
     126       0       0       2       0                               0D   2088
     110    2361       0       0       0                        01010000D   2089
     110       0       0       2       0                               0D   2090
     126    2363       0       0       0                        01010500D   2091
     126       0       0       2       0                               0D   2092
     124    2365       0       0       0                        00000000D   2093
     124       0       0       4       0                               0D   2094
     100    2369       0       0       0            2093        01010000D   2095
     100       0       0       2       0                               0D   2096
     102    2371       0       0       0                        01010500D   2097
     102       0       0       1       0                               0D   2098
     102    2372       0       0       0                        01010000D   2099
     102       0       0       1       0                               0D   2100
     142    2373       0       0       0                        00010500D   2101
     142       0       0       1       0                               0D   2102
     144    2374       0       0       0                        00000000D   2103
     144       0   -2071       1       0                               0D   2104
     314    2375       0       0       0                        00000200D   2105
     314       0       0       1       0                               0D   2106
     110    2376       0       0       0                        01010000D   2107
     110       0       0       2       0                               0D   2108
     110    2378       0       0       0                        01010000D   2109
     110       0       0       2       0                               0D   2110
     120    2380       0       0       0                        01010000D   2111
     120       0       0       1       0                               0D   2112
     126    2381       0       0       0                        01010500D   2113
     126       0       0       2       0                               0D   2114
     124    2383       0       0       0                        00000000D   2115
     124       0       0       4       0                               0D   2116
     100    2387       0       0       0            2115        01010000D   2117
     100       0       0       2       0                               0D   2118
     126    2389       0       0       0                        01010500D   2119
     126       0       0       2       0                               0D   2120
     110    2391       0       0       0                        01010000D   2121
     110       0       0       2       0                               0D   2122
     126    2393       0       0       0                        01010500D   2123
     126       0       0       2       0                               0D   2124
     124    2395       0       0       0                        00000000D   2125
     124       0       0       4       0                               0D   2126
     100    2399       0       0       0            2125        01010000D   2127
     100       0       0       2       0                               0D   2128
     126    2401       0       0       0                        01010500D   2129
     126       0       0       2       0                               0D   2130
     110    2403       0       0       0                        01010000D   2131
     110       0       0       2       0                               0D   2132
     126    2405       0       0       0                        01010500D   2133
     126       0       0       5       0                               0D   2134
     126    2410       0       0       0                        01010000D   2135
     126       0       0       4       0                               0D   2136
     102    2414       0       0       0                        01010500D   2137
     102       0       0       1       0                               0D   2138
     102    2415       0       0       0                        01010000D   2139
     102       0       0       1       0                               0D   2140
     142    2416       0       0       0                        00010500D   2141
     142       0       0       1       0                               0D   2142
     144    2417       0       0       0                        00000000D   2143
     144       0   -2105       1       0                               0D   2144
     314    2418       0       0       0                        00000200D   2145
     314       0       0       1       0                               0D   2146
     128    2419       0       0       0                        01010000D   2147
     128       0       0      16       0                               0D   2148
     126    2435       0       0       0                        01010500D   2149
     126       0       0       2       0                               0D   2150
     124    2437       0       0       0                        00000000D   2151
     124       0       0       4       0                               0D   2152
     100    2441       0       0       0            2151        01010000D   2153
     100       0       0       2       0                               0D   2154
     126    2443       0       0       0                        01010500D   2155
     126       0       0       2       0                               0D   2156
     124    2445       0       0       0                        00000000D   2157
     124       0       0       4       0                               0D   2158
     100    2449       0       0       0            2157        01010000D   2159
     100       0       0       2       0                               0D   2160
     126    2451       0       0       0                        01010500D   2161
     126       0       0       2       0                               0D   2162
     124    2453       0       0       0                        00000000D   2163
     124       0       0       4       0                               0D   2164
     100    2457       0       0       0            2163        01010000D   2165
     100       0       0       2       0                               0D   2166
     126    2459       0       0       0                        01010500D   2167
     126       0       0       2       0                               0D   2168
     100    2461       0       0       0                        01010000D   2169
     100       0       0       2       0                               0D   2170
     102    2463       0       0       0                        01010500D   2171
     102       0       0       1       0                               0D   2172
     102    2464       0       0       0                        01010000D   2173
     102       0       0       1       0                               0D   2174
     142    2465       0       0       0                        00010500D   2175
     142       0       0       1       0                               0D   2176
     144    2466       0       0       0                        00000000D   2177
     144       0   -2145       1       0                               0D   2178
     314    2467       0       0       0                        00000200D   2179
     314       0       0       1       0                               0D   2180
     110    2468       0       0       0                        01010000D   2181
     110       0       0       2       0                               0D   2182
     110    2470       0       0       0                        01010000D   2183
     110       0       0       2       0                               0D   2184
     120    2472       0       0       0                        01010000D   2185
     120       0       0       1       0                               0D   2186
     126    2473       0       0       0                        01010500D   2187
     126       0       0       5       0                               0D   2188
     126    2478       0       0       0                        01010000D   2189
     126       0       0       4       0                               0D   2190
     126    2482       0       0       0                        01010500D   2191
     126       0       0       2       0                               0D   2192
     110    2484       0       0       0                        01010000D   2193
     110       0       0       2       0                               0D   2194
     126    2486       0       0       0                        01010500D   2195
     126       0       0       5       0                               0D   2196
     126    2491       0       0       0                        01010000D   2197
     126       0       0       4       0                               0D   2198
     126    2495       0       0       0                        01010500D   2199
     126       0       0       2       0                               0D   2200
     110    2497       0       0       0                        01010000D   2201
     110       0       0       2       0                               0D   2202
     102    2499       0       0       0                        01010500D   2203
     102       0       0       1       0                               0D   2204
     102    2500       0       0       0                        01010000D   2205
     102       0       0       1       0                               0D   2206
     142    2501       0       0       0                        00010500D   2207
     142       0       0       1       0                               0D   2208
     144    2502       0       0       0                        00000000D   2209
     144       0   -2179       1       0                               0D   2210
     314    2503       0       0       0                        00000200D   2211
     314       0       0       1       0                               0D   2212
     110    2504       0       0       0                        01010000D   2213
     110       0       0       2       0                               0D   2214
     110    2506       0       0       0                        01010000D   2215
     110       0       0       2       0                               0D   2216
     120    2508       0       0       0                        01010000D   2217
     120       0       0       1       0                               0D   2218
     126    2509       0       0       0                        01010500D   2219
     126       0       0       2       0                               0D   2220
     124    2511       0       0       0                        00000000D   2221
     124       0       0       4       0                               0D   2222
     100    2515       0       0       0            2221        01010000D   2223
     100       0       0       2       0                               0D   2224
     126    2517       0       0       0                        01010500D   2225
     126       0       0       2       0                               0D   2226
     110    2519       0       0       0                        01010000D   2227
     110       0       0       2       0                               0D   2228
     126    2521       0       0       0                        01010500D   2229
     126       0       0       2       0                               0D   2230
     124    2523       0       0       0                        00000000D   2231
     124       0       0       4       0                               0D   2232
     100    2527       0       0       0            2231        01010000D   2233
     100       0       0       2       0                               0D   2234
     126    2529       0       0       0                        01010500D   2235
     126       0       0       5       0                               0D   2236
     126    2534       0       0       0                        01010000D   2237
     126       0       0       4       0                               0D   2238
     126    2538       0       0       0                        01010500D   2239
     126       0       0       2       0                               0D   2240
     110    2540       0       0       0                        01010000D   2241
     110       0       0       2       0                               0D   2242
     102    2542       0       0       0                        01010500D   2243
     102       0       0       1       0                               0D   2244
     102    2543       0       0       0                        01010000D   2245
     102       0       0       1       0                               0D   2246
     142    2544       0       0       0                        00010500D   2247
     142       0       0       1       0                               0D   2248
     144    2545       0       0       0                        00000000D   2249
     144       0   -2211       1       0                               0D   2250
     314    2546       0       0       0                        00000200D   2251
     314       0       0       1       0                               0D   2252
     110    2547       0       0       0                        01010000D   2253
     110       0       0       2       0                               0D   2254
     110    2549       0       0       0                        01010000D   2255
     110       0       0       2       0                               0D   2256
     120    2551       0       0       0                        01010000D   2257
     120       0       0       1       0                               0D   2258
     126    2552       0       0       0                        01010500D   2259
     126       0       0       5       0                               0D   2260
     126    2557       0       0       0                        01010000D   2261
     126       0       0       5       0                               0D   2262
     126    2562       0       0       0                        01010500D   2263
     126       0       0       2       0                               0D   2264
     110    2564       0       0       0                        01010000D   2265
     110       0       0       2       0                               0D   2266
     126    2566       0       0       0                        01010500D   2267
     126       0       0       5       0                               0D   2268
     126    2571       0       0       0                        01010000D   2269
     126       0       0       5       0                               0D   2270
     126    2576       0       0       0                        01010500D   2271
     126       0       0       2       0                               0D   2272
     110    2578       0       0       0                        01010000D   2273
     110       0       0       2       0                               0D   2274
     102    2580       0       0       0                        01010500D   2275
     102       0       0       1       0                               0D   2276
     102    2581       0       0       0                        01010000D   2277
     102       0       0       1       0                               0D   2278
     142    2582       0       0       0                        00010500D   2279
     142       0       0       1       0                               0D   2280
     144    2583       0       0       0                        00000000D   2281
     144       0   -2251       1       0                               0D   2282
     314    2584       0       0       0                        00000200D   2283
     314       0       0       1       0                               0D   2284
     110    2585       0       0       0                        01010000D   2285
     110       0       0       2       0                               0D   2286
     110    2587       0       0       0                        01010000D   2287
     110       0       0       2       0                               0D   2288
     120    2589       0       0       0                        01010000D   2289
     120       0       0       1       0                               0D   2290
     126    2590       0       0       0                        01010500D   2291
     126       0       0       2       0                               0D   2292
     124    2592       0       0       0                        00000000D   2293
     124       0       0       4       0                               0D   2294
     100    2596       0       0       0            2293        01010000D   2295
     100       0       0       2       0                               0D   2296
     126    2598       0       0       0                        01010500D   2297
     126       0       0       2       0                               0D   2298
     110    2600       0       0       0                        01010000D   2299
     110       0       0       2       0                               0D   2300
     126    2602       0       0       0                        01010500D   2301
     126       0       0       2       0                               0D   2302
     124    2604       0       0       0                        00000000D   2303
     124       0       0       4       0                               0D   2304
     100    2608       0       0       0            2303        01010000D   2305
     100       0       0       2       0                               0D   2306
     126    2610       0       0       0                        01010500D   2307
     126       0       0       2       0                               0D   2308
     110    2612       0       0       0                        01010000D   2309
     110       0       0       2       0                               0D   2310
     126    2614       0       0       0                        01010500D   2311
     126       0       0       5       0                               0D   2312
     126    2619       0       0       0                        01010000D   2313
     126       0       0       5       0                               0D   2314
     102    2624       0       0       0                        01010500D   2315
     102       0       0       1       0                               0D   2316
     102    2625       0       0       0                        01010000D   2317
     102       0       0       1       0                               0D   2318
     142    2626       0       0       0                        00010500D   2319
     142       0       0       1       0                               0D   2320
     144    2627       0       0       0                        00000000D   2321
     144       0   -2283       1       0                               0D   2322
     314    2628       0       0       0                        00000200D   2323
     314       0       0       1       0                               0D   2324
     110    2629       0       0       0                        01010000D   2325
     110       0       0       2       0                               0D   2326
     110    2631       0       0       0                        01010000D   2327
     110       0       0       2       0                               0D   2328
     120    2633       0       0       0                        01010000D   2329
     120       0       0       1       0                               0D   2330
     126    2634       0       0       0                        01010500D   2331
     126       0       0       5       0                               0D   2332
     126    2639       0       0       0                        01010000D   2333
     126       0       0       5       0                               0D   2334
     126    2644       0       0       0                        01010500D   2335
     126       0       0       2       0                               0D   2336
     110    2646       0       0       0                        01010000D   2337
     110       0       0       2       0                               0D   2338
     126    2648       0       0       0                        01010500D   2339
     126       0       0       2       0                               0D   2340
     124    2650       0       0       0                        00000000D   2341
     124       0       0       4       0                               0D   2342
     100    2654       0       0       0            2341        01010000D   2343
     100       0       0       2       0                               0D   2344
     126    2656       0       0       0                        01010500D   2345
     126       0       0       2       0                               0D   2346
     110    2658       0       0       0                        01010000D   2347
     110       0       0       2       0                               0D   2348
     126    2660       0       0       0                        01010500D   2349
     126       0       0       2       0                               0D   2350
     124    2662       0       0       0                        00000000D   2351
     124       0       0       4       0                               0D   2352
     100    2666       0       0       0            2351        01010000D   2353
     100       0       0       2       0                               0D   2354
     102    2668       0       0       0                        01010500D   2355
     102       0       0       1       0                               0D   2356
     102    2669       0       0       0                        01010000D   2357
     102       0       0       1       0                               0D   2358
     142    2670       0       0       0                        00010500D   2359
     142       0       0       1       0                               0D   2360
     144    2671       0       0       0                        00000000D   2361
     144       0   -2323       1       0                               0D   2362
     314    2672       0       0       0                        00000200D   2363
     314       0       0       1       0                               0D   2364
     128    2673       0       0       0                        01010000D   2365
     128       0       0      16       0                               0D   2366
     126    2689       0       0       0                        01010500D   2367
     126       0       0       2       0                               0D   2368
     124    2691       0       0       0                        00000000D   2369
     124       0       0       4       0                               0D   2370
     100    2695       0       0       0            2369        01010000D   2371
     100       0       0       2       0                               0D   2372
     126    2697       0       0       0                        01010500D   2373
     126       0       0       2       0                               0D   2374
     124    2699       0       0       0                        00000000D   2375
     124       0       0       4       0                               0D   2376
     100    2703       0       0       0            2375        01010000D   2377
     100       0       0       2       0                               0D   2378
     126    2705       0       0       0                        01010500D   2379
     126       0       0       2       0                               0D   2380
     124    2707       0       0       0                        00000000D   2381
     124       0       0       4       0                               0D   2382
     100    2711       0       0       0            2381        01010000D   2383
     100       0       0       2       0                               0D   2384
     126    2713       0       0       0                        01010500D   2385
     126       0       0       2       0                               0D   2386
     124    2715       0       0       0                        00000000D   2387
     124       0       0       4       0                               0D   2388
     100    2719       0       0       0            2387        01010000D   2389
     100       0       0       2       0                               0D   2390
     102    2721       0       0       0                        01010500D   2391
     102       0       0       1       0                               0D   2392
     102    2722       0       0       0                        01010000D   2393
     102       0       0       1       0                               0D   2394
     142    2723       0       0       0                        00010500D   2395
     142       0       0       1       0                               0D   2396
     144    2724       0       0       0                        00000000D   2397
     144       0   -2363       1       0                               0D   2398
     314    2725       0       0       0                        00000200D   2399
     314       0       0       1       0                               0D   2400
     110    2726       0       0       0                        01010000D   2401
     110       0       0       2       0                               0D   2402
     110    2728       0       0       0                        01010000D   2403
     110       0       0       2       0                               0D   2404
     120    2730       0       0       0                        01010000D   2405
     120       0       0       1       0                               0D   2406
     126    2731       0       0       0                        01010500D   2407
     126       0       0       5       0                               0D   2408
     126    2736       0       0       0                        01010000D   2409
     126       0       0      18       0                               0D   2410
     126    2754       0       0       0                        01010500D   2411
     126       0       0       2       0                               0D   2412
     110    2756       0       0       0                        01010000D   2413
     110       0       0       2       0                               0D   2414
     126    2758       0       0       0                        01010500D   2415
     126       0       0       5       0                               0D   2416
     126    2763       0       0       0                        01010000D   2417
     126       0       0      19       0                               0D   2418
     126    2782       0       0       0                        01010500D   2419
     126       0       0       2       0                               0D   2420
     110    2784       0       0       0                        01010000D   2421
     110       0       0       2       0                               0D   2422
     102    2786       0       0       0                        01010500D   2423
     102       0       0       1       0                               0D   2424
     102    2787       0       0       0                        01010000D   2425
     102       0       0       1       0                               0D   2426
     142    2788       0       0       0                        00010500D   2427
     142       0       0       1       0                               0D   2428
     144    2789       0       0       0                        00000000D   2429
     144       0   -2399       1       0                               0D   2430
     314    2790       0       0       0                        00000200D   2431
     314       0       0       1       0                               0D   2432
     128    2791       0       0       0                        01010000D   2433
     128       0       0      49       0                               0D   2434
     126    2840       0       0       0                        01010500D   2435
     126       0       0       7       0                               0D   2436
     126    2847       0       0       0                        01010000D   2437
     126       0       0      18       0                               0D   2438
     126    2865       0       0       0                        01010500D   2439
     126       0       0       2       0                               0D   2440
     126    2867       0       0       0                        01010000D   2441
     126       0       0       5       0                               0D   2442
     126    2872       0       0       0                        01010500D   2443
     126       0       0       6       0                               0D   2444
     126    2878       0       0       0                        01010000D   2445
     126       0       0      19       0                               0D   2446
     126    2897       0       0       0                        01010500D   2447
     126       0       0       2       0                               0D   2448
     126    2899       0       0       0                        01010000D   2449
     126       0       0       6       0                               0D   2450
     126    2905       0       0       0                        01010500D   2451
     126       0       0       2       0                               0D   2452
     126    2907       0       0       0                        01010000D   2453
     126       0       0       5       0                               0D   2454
     126    2912       0       0       0                        01010500D   2455
     126       0       0       2       0                               0D   2456
     126    2914       0       0       0                        01010000D   2457
     126       0       0       6       0                               0D   2458
     102    2920       0       0       0                        01010500D   2459
     102       0       0       1       0                               0D   2460
     102    2921       0       0       0                        01010000D   2461
     102       0       0       1       0                               0D   2462
     142    2922       0       0       0                        00010500D   2463
     142       0       0       1       0                               0D   2464
     144    2923       0       0       0                        00000000D   2465
     144       0   -2431       1       0                               0D   2466
     314    2924       0       0       0                        00000200D   2467
     314       0       0       1       0                               0D   2468
     128    2925       0       0       0                        01010000D   2469
     128       0       0      49       0                               0D   2470
     126    2974       0       0       0                        01010500D   2471
     126       0       0       2       0                               0D   2472
     126    2976       0       0       0                        01010000D   2473
     126       0       0       5       0                               0D   2474
     126    2981       0       0       0                        01010500D   2475
     126       0       0       2       0                               0D   2476
     126    2983       0       0       0                        01010000D   2477
     126       0       0       6       0                               0D   2478
     126    2989       0       0       0                        01010500D   2479
     126       0       0       6       0                               0D   2480
     126    2995       0       0       0                        01010000D   2481
     126       0       0      18       0                               0D   2482
     126    3013       0       0       0                        01010500D   2483
     126       0       0       2       0                               0D   2484
     126    3015       0       0       0                        01010000D   2485
     126       0       0       5       0                               0D   2486
     126    3020       0       0       0                        01010500D   2487
     126       0       0       7       0                               0D   2488
     126    3027       0       0       0                        01010000D   2489
     126       0       0      18       0                               0D   2490
     126    3045       0       0       0                        01010500D   2491
     126       0       0       2       0                               0D   2492
     126    3047       0       0       0                        01010000D   2493
     126       0       0       6       0                               0D   2494
     102    3053       0       0       0                        01010500D   2495
     102       0       0       1       0                               0D   2496
     102    3054       0       0       0                        01010000D   2497
     102       0       0       1       0                               0D   2498
     142    3055       0       0       0                        00010500D   2499
     142       0       0       1       0                               0D   2500
     144    3056       0       0       0                        00000000D   2501
     144       0   -2467       1       0                               0D   2502
     314    3057       0       0       0                        00000200D   2503
     314       0       0       1       0                               0D   2504
     110    3058       0       0       0                        01010000D   2505
     110       0       0       2       0                               0D   2506
     110    3060       0       0       0                        01010000D   2507
     110       0       0       2       0                               0D   2508
     120    3062       0       0       0                        01010000D   2509
     120       0       0       1       0                               0D   2510
     126    3063       0       0       0                        01010500D   2511
     126       0       0       5       0                               0D   2512
     126    3068       0       0       0                        01010000D   2513
     126       0       0      18       0                               0D   2514
     126    3086       0       0       0                        01010500D   2515
     126       0       0       2       0                               0D   2516
     110    3088       0       0       0                        01010000D   2517
     110       0       0       2       0                               0D   2518
     126    3090       0       0       0                        01010500D   2519
     126       0       0       5       0                               0D   2520
     126    3095       0       0       0                        01010000D   2521
     126       0       0      19       0                               0D   2522
     126    3114       0       0       0                        01010500D   2523
     126       0       0       2       0                               0D   2524
     110    3116       0       0       0                        01010000D   2525
     110       0       0       2       0                               0D   2526
     102    3118       0       0       0                        01010500D   2527
     102       0       0       1       0                               0D   2528
     102    3119       0       0       0                        01010000D   2529
     102       0       0       1       0                               0D   2530
     142    3120       0       0       0                        00010500D   2531
     142       0       0       1       0                               0D   2532
     144    3121       0       0       0                        00000000D   2533
     144       0   -2503       1       0                               0D   2534
     314    3122       0       0       0                        00000200D   2535
     314       0       0       1       0                               0D   2536
     110    3123       0       0       0                        01010000D   2537
     110       0       0       2       0                               0D   2538
     110    3125       0       0       0                        01010000D   2539
     110       0       0       2       0                               0D   2540
     120    3127       0       0       0                        01010000D   2541
     120       0       0       1       0                               0D   2542
     126    3128       0       0       0                        01010500D   2543
     126       0       0       5       0                               0D   2544
     126    3133       0       0       0                        01010000D   2545
     126       0       0      19       0                               0D   2546
     126    3152       0       0       0                        01010500D   2547
     126       0       0       2       0                               0D   2548
     110    3154       0       0       0                        01010000D   2549
     110       0       0       2       0                               0D   2550
     126    3156       0       0       0                        01010500D   2551
     126       0       0       5       0                               0D   2552
     126    3161       0       0       0                        01010000D   2553
     126       0       0      19       0                               0D   2554
     126    3180       0       0       0                        01010500D   2555
     126       0       0       2       0                               0D   2556
     110    3182       0       0       0                        01010000D   2557
     110       0       0       2       0                               0D   2558
     102    3184       0       0       0                        01010500D   2559
     102       0       0       1       0                               0D   2560
     102    3185       0       0       0                        01010000D   2561
     102       0       0       1       0                               0D   2562
     142    3186       0       0       0                        00010500D   2563
     142       0       0       1       0                               0D   2564
     144    3187       0       0       0                        00000000D   2565
     144       0   -2535       1       0                               0D   2566
     314    3188       0       0       0                        00000200D   2567
     314       0       0       1       0                               0D   2568
     128    3189       0       0       0                        01010000D   2569
     128       0       0      51       0                               0D   2570
     126    3240       0       0       0                        01010500D   2571
     126       0       0       7       0                               0D   2572
     126    3247       0       0       0                        01010000D   2573
     126       0       0      18       0                               0D   2574
     126    3265       0       0       0                        01010500D   2575
     126       0       0       2       0                               0D   2576
     126    3267       0       0       0                        01010000D   2577
     126       0       0       5       0                               0D   2578
     126    3272       0       0       0                        01010500D   2579
     126       0       0       6       0                               0D   2580
     126    3278       0       0       0                        01010000D   2581
     126       0       0      19       0                               0D   2582
     126    3297       0       0       0                        01010500D   2583
     126       0       0       2       0                               0D   2584
     126    3299       0       0       0                        01010000D   2585
     126       0       0       6       0                               0D   2586
     126    3305       0       0       0                        01010500D   2587
     126       0       0       2       0                               0D   2588
     126    3307       0       0       0                        01010000D   2589
     126       0       0       5       0                               0D   2590
     126    3312       0       0       0                        01010500D   2591
     126       0       0       2       0                               0D   2592
     126    3314       0       0       0                        01010000D   2593
     126       0       0       6       0                               0D   2594
     102    3320       0       0       0                        01010500D   2595
     102       0       0       1       0                               0D   2596
     102    3321       0       0       0                        01010000D   2597
     102       0       0       1       0                               0D   2598
     142    3322       0       0       0                        00010500D   2599
     142       0       0       1       0                               0D   2600
     144    3323       0       0       0                        00000000D   2601
     144       0   -2567       1       0                               0D   2602
     314    3324       0       0       0                        00000200D   2603
     314       0       0       1       0                               0D   2604
     128    3325       0       0       0                        01010000D   2605
     128       0       0      50       0                               0D   2606
     126    3375       0       0       0                        01010500D   2607
     126       0       0       2       0                               0D   2608
     126    3377       0       0       0                        01010000D   2609
     126       0       0       5       0                               0D   2610
     126    3382       0       0       0                        01010500D   2611
     126       0       0       2       0                               0D   2612
     126    3384       0       0       0                        01010000D   2613
     126       0       0       6       0                               0D   2614
     126    3390       0       0       0                        01010500D   2615
     126       0       0       6       0                               0D   2616
     126    3396       0       0       0                        01010000D   2617
     126       0       0      19       0                               0D   2618
     126    3415       0       0       0                        01010500D   2619
     126       0       0       2       0                               0D   2620
     126    3417       0       0       0                        01010000D   2621
     126       0       0       5       0                               0D   2622
     126    3422       0       0       0                        01010500D   2623
     126       0       0       7       0                               0D   2624
     126    3429       0       0       0                        01010000D   2625
     126       0       0      19       0                               0D   2626
     126    3448       0       0       0                        01010500D   2627
     126       0       0       2       0                               0D   2628
     126    3450       0       0       0                        01010000D   2629
     126       0       0       6       0                               0D   2630
     102    3456       0       0       0                        01010500D   2631
     102       0       0       1       0                               0D   2632
     102    3457       0       0       0                        01010000D   2633
     102       0       0       1       0                               0D   2634
     142    3458       0       0       0                        00010500D   2635
     142       0       0       1       0                               0D   2636
     144    3459       0       0       0                        00000000D   2637
     144       0   -2603       1       0                               0D   2638
     314    3460       0       0       0                        00000200D   2639
     314       0       0       1       0                               0D   2640
     110    3461       0       0       0                        01010000D   2641
     110       0       0       2       0                               0D   2642
     110    3463       0       0       0                        01010000D   2643
     110       0       0       2       0                               0D   2644
     120    3465       0       0       0                        01010000D   2645
     120       0       0       1       0                               0D   2646
     126    3466       0       0       0                        01010500D   2647
     126       0       0       5       0                               0D   2648
     126    3471       0       0       0                        01010000D   2649
     126       0       0      19       0                               0D   2650
     126    3490       0       0       0                        01010500D   2651
     126       0       0       2       0                               0D   2652
     110    3492       0       0       0                        01010000D   2653
     110       0       0       2       0                               0D   2654
     126    3494       0       0       0                        01010500D   2655
     126       0       0       5       0                               0D   2656
     126    3499       0       0       0                        01010000D   2657
     126       0       0      19       0                               0D   2658
     126    3518       0       0       0                        01010500D   2659
     126       0       0       2       0                               0D   2660
     110    3520       0       0       0                        01010000D   2661
     110       0       0       2       0                               0D   2662
     102    3522       0       0       0                        01010500D   2663
     102       0       0       1       0                               0D   2664
     102    3523       0       0       0                        01010000D   2665
     102       0       0       1       0                               0D   2666
     142    3524       0       0       0                        00010500D   2667
     142       0       0       1       0                               0D   2668
     144    3525       0       0       0                        00000000D   2669
     144       0   -2639       1       0                               0D   2670
     314    3526       0       0       0                        00000200D   2671
     314       0       0       1       0                               0D   2672
     128    3527       0       0       0                        01010000D   2673
     128       0       0       4       0                               0D   2674
     126    3531       0       0       0                        01010500D   2675
     126       0       0       2       0                               0D   2676
     110    3533       0       0       0                        01010000D   2677
     110       0       0       2       0                               0D   2678
     126    3535       0       0       0                        01010500D   2679
     126       0       0       2       0                               0D   2680
     110    3537       0       0       0                        01010000D   2681
     110       0       0       2       0                               0D   2682
     126    3539       0       0       0                        01010500D   2683
     126       0       0       2       0                               0D   2684
     110    3541       0       0       0                        01010000D   2685
     110       0       0       2       0                               0D   2686
     126    3543       0       0       0                        01010500D   2687
     126       0       0       2       0                               0D   2688
     110    3545       0       0       0                        01010000D   2689
     110       0       0       2       0                               0D   2690
     126    3547       0       0       0                        01010500D   2691
     126       0       0       2       0                               0D   2692
     110    3549       0       0       0                        01010000D   2693
     110       0       0       2       0                               0D   2694
     102    3551       0       0       0                        01010500D   2695
     102       0       0       1       0                               0D   2696
     102    3552       0       0       0                        01010000D   2697
     102       0       0       1       0                               0D   2698
     142    3553       0       0       0                        00010500D   2699
     142       0       0       1       0                               0D   2700
     144    3554       0       0       0                        00000000D   2701
     144       0   -2671       1       0                               0D   2702
     314    3555       0       0       0                        00000200D   2703
     314       0       0       1       0                               0D   2704
     128    3556       0       0       0                        01010000D   2705
     128       0       0       4       0                               0D   2706
     126    3560       0       0       0                        01010500D   2707
     126       0       0       2       0                               0D   2708
     110    3562       0       0       0                        01010000D   2709
     110       0       0       2       0                               0D   2710
     126    3564       0       0       0                        01010500D   2711
     126       0       0       2       0                               0D   2712
     110    3566       0       0       0                        01010000D   2713
     110       0       0       2       0                               0D   2714
     126    3568       0       0       0                        01010500D   2715
     126       0       0       2       0                               0D   2716
     110    3570       0       0       0                        01010000D   2717
     110       0       0       2       0                               0D   2718
     126    3572       0       0       0                        01010500D   2719
     126       0       0       2       0                               0D   2720
     110    3574       0       0       0                        01010000D   2721
     110       0       0       2       0                               0D   2722
     102    3576       0       0       0                        01010500D   2723
     102       0       0       1       0                               0D   2724
     102    3577       0       0       0                        01010000D   2725
     102       0       0       1       0                               0D   2726
     142    3578       0       0       0                        00010500D   2727
     142       0       0       1       0                               0D   2728
     144    3579       0       0       0                        00000000D   2729
     144       0   -2703       1       0                               0D   2730
     314    3580       0       0       0                        00000200D   2731
     314       0       0       1       0                               0D   2732
     128    3581       0       0       0                        01010000D   2733
     128       0       0       4       0                               0D   2734
     126    3585       0       0       0                        01010500D   2735
     126       0       0       2       0                               0D   2736
     110    3587       0       0       0                        01010000D   2737
     110       0       0       2       0                               0D   2738
     126    3589       0       0       0                        01010500D   2739
     126       0       0       2       0                               0D   2740
     110    3591       0       0       0                        01010000D   2741
     110       0       0       2       0                               0D   2742
     126    3593       0       0       0                        01010500D   2743
     126       0       0       2       0                               0D   2744
     110    3595       0       0       0                        01010000D   2745
     110       0       0       2       0                               0D   2746
     126    3597       0       0       0                        01010500D   2747
     126       0       0       2       0                               0D   2748
     110    3599       0       0       0                        01010000D   2749
     110       0       0       2       0                               0D   2750
     102    3601       0       0       0                        01010500D   2751
     102       0       0       1       0                               0D   2752
     102    3602       0       0       0                        01010000D   2753
     102       0       0       1       0                               0D   2754
     142    3603       0       0       0                        00010500D   2755
     142       0       0       1       0                               0D   2756
     144    3604       0       0       0                        00000000D   2757
     144       0   -2731       1       0                               0D   2758
     314    3605       0       0       0                        00000200D   2759
     314       0       0       1       0                               0D   2760
     128    3606       0       0       0                        01010000D   2761
     128       0       0       4       0                               0D   2762
     126    3610       0       0       0                        01010500D   2763
     126       0       0       2       0                               0D   2764
     110    3612       0       0       0                        01010000D   2765
     110       0       0       2       0                               0D   2766
     126    3614       0       0       0                        01010500D   2767
     126       0       0       2       0                               0D   2768
     110    3616       0       0       0                        01010000D   2769
     110       0       0       2       0                               0D   2770
     126    3618       0       0       0                        01010500D   2771
     126       0       0       2       0                               0D   2772
     110    3620       0       0       0                        01010000D   2773
     110       0       0       2       0                               0D   2774
     126    3622       0       0       0                        01010500D   2775
     126       0       0       2       0                               0D   2776
     110    3624       0       0       0                        01010000D   2777
     110       0       0       2       0                               0D   2778
     102    3626       0       0       0                        01010500D   2779
     102       0       0       1       0                               0D   2780
     102    3627       0       0       0                        01010000D   2781
     102       0       0       1       0                               0D   2782
     142    3628       0       0       0                        00010500D   2783
     142       0       0       1       0                               0D   2784
     144    3629       0       0       0                        00000000D   2785
     144       0   -2759       1       0                               0D   2786
     314    3630       0       0       0                        00000200D   2787
     314       0       0       1       0                               0D   2788
     128    3631       0       0       0                        01010000D   2789
     128       0       0       4       0                               0D   2790
     126    3635       0       0       0                        01010500D   2791
     126       0       0       2       0                               0D   2792
     110    3637       0       0       0                        01010000D   2793
     110       0       0       2       0                               0D   2794
     126    3639       0       0       0                        01010500D   2795
     126       0       0       2       0                               0D   2796
     110    3641       0       0       0                        01010000D   2797
     110       0       0       2       0                               0D   2798
     126    3643       0       0       0                        01010500D   2799
     126       0       0       2       0                               0D   2800
     110    3645       0       0       0                        01010000D   2801
     110       0       0       2       0                               0D   2802
     126    3647       0       0       0                        01010500D   2803
     126       0       0       2       0                               0D   2804
     110    3649       0       0       0                        01010000D   2805
     110       0       0       2       0                               0D   2806
     126    3651       0       0       0                        01010500D   2807
     126       0       0       2       0                               0D   2808
     110    3653       0       0       0                        01010000D   2809
     110       0       0       2       0                               0D   2810
     102    3655       0       0       0                        01010500D   2811
     102       0       0       1       0                               0D   2812
     102    3656       0       0       0                        01010000D   2813
     102       0       0       1       0                               0D   2814
     142    3657       0       0       0                        00010500D   2815
     142       0       0       1       0                               0D   2816
     144    3658       0       0       0                        00000000D   2817
     144       0   -2787       1       0                               0D   2818
     314    3659       0       0       0                        00000200D   2819
     314       0       0       1       0                               0D   2820
     128    3660       0       0       0                        01010000D   2821
     128       0       0       4       0                               0D   2822
     126    3664       0       0       0                        01010500D   2823
     126       0       0       2       0                               0D   2824
     110    3666       0       0       0                        01010000D   2825
     110       0       0       2       0                               0D   2826
     126    3668       0       0       0                        01010500D   2827
     126       0       0       2       0                               0D   2828
     110    3670       0       0       0                        01010000D   2829
     110       0       0       2       0                               0D   2830
     126    3672       0       0       0                        01010500D   2831
     126       0       0       2       0                               0D   2832
     110    3674       0       0       0                        01010000D   2833
     110       0       0       2       0                               0D   2834
     126    3676       0       0       0                        01010500D   2835
     126       0       0       2       0                               0D   2836
     110    3678       0       0       0                        01010000D   2837
     110       0       0       2       0                               0D   2838
     102    3680       0       0       0                        01010500D   2839
     102       0       0       1       0                               0D   2840
     102    3681       0       0       0                        01010000D   2841
     102       0       0       1       0                               0D   2842
     142    3682       0       0       0                        00010500D   2843
     142       0       0       1       0                               0D   2844
     144    3683       0       0       0                        00000000D   2845
     144       0   -2819       1       0                               0D   2846
     314    3684       0       0       0                        00000200D   2847
     314       0       0       1       0                               0D   2848
     128    3685       0       0       0                        01010000D   2849
     128       0       0       4       0                               0D   2850
     126    3689       0       0       0                        01010500D   2851
     126       0       0       2       0                               0D   2852
     110    3691       0       0       0                        01010000D   2853
     110       0       0       2       0                               0D   2854
     126    3693       0       0       0                        01010500D   2855
     126       0       0       2       0                               0D   2856
     110    3695       0       0       0                        01010000D   2857
     110       0       0       2       0                               0D   2858
     126    3697       0       0       0                        01010500D   2859
     126       0       0       2       0                               0D   2860
     110    3699       0       0       0                        01010000D   2861
     110       0       0       2       0                               0D   2862
     126    3701       0       0       0                        01010500D   2863
     126       0       0       2       0                               0D   2864
     110    3703       0       0       0                        01010000D   2865
     110       0       0       2       0                               0D   2866
     126    3705       0       0       0                        01010500D   2867
     126       0       0       6       0                               0D   2868
     126    3711       0       0       0                        01010000D   2869
     126       0       0       5       0                               0D   2870
     126    3716       0       0       0                        01010500D   2871
     126       0       0       2       0                               0D   2872
     110    3718       0       0       0                        01010000D   2873
     110       0       0       2       0                               0D   2874
     126    3720       0       0       0                        01010500D   2875
     126       0       0       6       0                               0D   2876
     126    3726       0       0       0                        01010000D   2877
     126       0       0       5       0                               0D   2878
     126    3731       0       0       0                        01010500D   2879
     126       0       0       2       0                               0D   2880
     110    3733       0       0       0                        01010000D   2881
     110       0       0       2       0                               0D   2882
     126    3735       0       0       0                        01010500D   2883
     126       0       0       6       0                               0D   2884
     126    3741       0       0       0                        01010000D   2885
     126       0       0       5       0                               0D   2886
     126    3746       0       0       0                        01010500D   2887
     126       0       0       2       0                               0D   2888
     110    3748       0       0       0                        01010000D   2889
     110       0       0       2       0                               0D   2890
     126    3750       0       0       0                        01010500D   2891
     126       0       0       6       0                               0D   2892
     126    3756       0       0       0                        01010000D   2893
     126       0       0       5       0                               0D   2894
     126    3761       0       0       0                        01010500D   2895
     126       0       0       2       0                               0D   2896
     110    3763       0       0       0                        01010000D   2897
     110       0       0       2       0                               0D   2898
     126    3765       0       0       0                        01010500D   2899
     126       0       0       2       0                               0D   2900
     110    3767       0       0       0                        01010000D   2901
     110       0       0       2       0                               0D   2902
     126    3769       0       0       0                        01010500D   2903
     126       0       0       2       0                               0D   2904
     110    3771       0       0       0                        01010000D   2905
     110       0       0       2       0                               0D   2906
     102    3773       0       0       0                        01010500D   2907
     102       0       0       2       0                               0D   2908
     102    3775       0       0       0                        01010000D   2909
     102       0       0       2       0                               0D   2910
     142    3777       0       0       0                        00010500D   2911
     142       0       0       1       0                               0D   2912
     126    3778       0       0       0                        01010500D   2913
     126       0       0       2       0                               0D   2914
     110    3780       0       0       0                        01010000D   2915
     110       0       0       2       0                               0D   2916
     126    3782       0       0       0                        01010500D   2917
     126       0       0       2       0                               0D   2918
     110    3784       0       0       0                        01010000D   2919
     110       0       0       2       0                               0D   2920
     126    3786       0       0       0                        01010500D   2921
     126       0       0       2       0                               0D   2922
     110    3788       0       0       0                        01010000D   2923
     110       0       0       2       0                               0D   2924
     126    3790       0       0       0                        01010500D   2925
     126       0       0       2       0                               0D   2926
     110    3792       0       0       0                        01010000D   2927
     110       0       0       2       0                               0D   2928
     102    3794       0       0       0                        01010500D   2929
     102       0       0       1       0                               0D   2930
     102    3795       0       0       0                        01010000D   2931
     102       0       0       1       0                               0D   2932
     142    3796       0       0       0                        00010500D   2933
     142       0       0       1       0                               0D   2934
     144    3797       0       0       0                        00000000D   2935
     144       0   -2847       1       0                               0D   2936
     314    3798       0       0       0                        00000200D   2937
     314       0       0       1       0                               0D   2938
     128    3799       0       0       0                        01010000D   2939
     128       0       0       4       0                               0D   2940
     126    3803       0       0       0                        01010500D   2941
     126       0       0       2       0                               0D   2942
     110    3805       0       0       0                        01010000D   2943
     110       0       0       2       0                               0D   2944
     126    3807       0       0       0                        01010500D   2945
     126       0       0       2       0                               0D   2946
     110    3809       0       0       0                        01010000D   2947
     110       0       0       2       0                               0D   2948
     126    3811       0       0       0                        01010500D   2949
     126       0       0       2       0                               0D   2950
     110    3813       0       0       0                        01010000D   2951
     110       0       0       2       0                               0D   2952
     126    3815       0       0       0                        01010500D   2953
     126       0       0       2       0                               0D   2954
     110    3817       0       0       0                        01010000D   2955
     110       0       0       2       0                               0D   2956
     102    3819       0       0       0                        01010500D   2957
     102       0       0       1       0                               0D   2958
     102    3820       0       0       0                        01010000D   2959
     102       0       0       1       0                               0D   2960
     142    3821       0       0       0                        00010500D   2961
     142       0       0       1       0                               0D   2962
     144    3822       0       0       0                        00000000D   2963
     144       0   -2937       1       0                               0D   2964
     314    3823       0       0       0                        00000200D   2965
     314       0       0       1       0                               0D   2966
     128    3824       0       0       0                        01010000D   2967
     128       0       0       4       0                               0D   2968
     126    3828       0       0       0                        01010500D   2969
     126       0       0       2       0                               0D   2970
     110    3830       0       0       0                        01010000D   2971
     110       0       0       2       0                               0D   2972
     126    3832       0       0       0                        01010500D   2973
     126       0       0       2       0                               0D   2974
     110    3834       0       0       0                        01010000D   2975
     110       0       0       2       0                               0D   2976
     126    3836       0       0       0                        01010500D   2977
     126       0       0       2       0                               0D   2978
     110    3838       0       0       0                        01010000D   2979
     110       0       0       2       0                               0D   2980
     126    3840       0       0       0                        01010500D   2981
     126       0       0       2       0                               0D   2982
     110    3842       0       0       0                        01010000D   2983
     110       0       0       2       0                               0D   2984
     102    3844       0       0       0                        01010500D   2985
     102       0       0       1       0                               0D   2986
     102    3845       0       0       0                        01010000D   2987
     102       0       0       1       0                               0D   2988
     142    3846       0       0       0                        00010500D   2989
     142       0       0       1       0                               0D   2990
     144    3847       0       0       0                        00000000D   2991
     144       0   -2965       1       0                               0D   2992
     314    3848       0       0       0                        00000200D   2993
     314       0       0       1       0                               0D   2994
     128    3849       0       0       0                        01010000D   2995
     128       0       0       4       0                               0D   2996
     126    3853       0       0       0                        01010500D   2997
     126       0       0       2       0                               0D   2998
     110    3855       0       0       0                        01010000D   2999
     110       0       0       2       0                               0D   3000
     126    3857       0       0       0                        01010500D   3001
     126       0       0       2       0                               0D   3002
     110    3859       0       0       0                        01010000D   3003
     110       0       0       2       0                               0D   3004
     126    3861       0       0       0                        01010500D   3005
     126       0       0       2       0                               0D   3006
     110    3863       0       0       0                        01010000D   3007
     110       0       0       2       0                               0D   3008
     126    3865       0       0       0                        01010500D   3009
     126       0       0       2       0                               0D   3010
     110    3867       0       0       0                        01010000D   3011
     110       0       0       2       0                               0D   3012
     102    3869       0       0       0                        01010500D   3013
     102       0       0       1       0                               0D   3014
     102    3870       0       0       0                        01010000D   3015
     102       0       0       1       0                               0D   3016
     142    3871       0       0       0                        00010500D   3017
     142       0       0       1       0                               0D   3018
     144    3872       0       0       0                        00000000D   3019
     144       0   -2993       1       0                               0D   3020
     314    3873       0       0       0                        00000200D   3021
     314       0       0       1       0                               0D   3022
     110    3874       0       0       0                        01010000D   3023
     110       0       0       2       0                               0D   3024
     110    3876       0       0       0                        01010000D   3025
     110       0       0       2       0                               0D   3026
     120    3878       0       0       0                        01010000D   3027
     120       0       0       1       0                               0D   3028
     126    3879       0       0       0                        01010500D   3029
     126       0       0       2       0                               0D   3030
     124    3881       0       0       0                        00000000D   3031
     124       0       0       4       0                               0D   3032
     100    3885       0       0       0            3031        01010000D   3033
     100       0       0       2       0                               0D   3034
     126    3887       0       0       0                        01010500D   3035
     126       0       0       2       0                               0D   3036
     110    3889       0       0       0                        01010000D   3037
     110       0       0       2       0                               0D   3038
     126    3891       0       0       0                        01010500D   3039
     126       0       0       3       0                               0D   3040
     126    3894       0       0       0                        01010000D   3041
     126       0       0       5       0                               0D   3042
     126    3899       0       0       0                        01010500D   3043
     126       0       0       2       0                               0D   3044
     110    3901       0       0       0                        01010000D   3045
     110       0       0       2       0                               0D   3046
     102    3903       0       0       0                        01010500D   3047
     102       0       0       1       0                               0D   3048
     102    3904       0       0       0                        01010000D   3049
     102       0       0       1       0                               0D   3050
     142    3905       0       0       0                        00010500D   3051
     142       0       0       1       0                               0D   3052
     144    3906       0       0       0                        00000000D   3053
     144       0   -3021       1       0                               0D   3054
     314    3907       0       0       0                        00000200D   3055
     314       0       0       1       0                               0D   3056
     110    3908       0       0       0                        01010000D   3057
     110       0       0       2       0                               0D   3058
     124    3910       0       0       0                        00000000D   3059
     124       0       0       4       0                               0D   3060
     100    3914       0       0       0            3059        01010000D   3061
     100       0       0       2       0                               0D   3062
     120    3916       0       0       0                        01010000D   3063
     120       0       0       1       0                               0D   3064
     126    3917       0       0       0                        01010500D   3065
     126       0       0       2       0                               0D   3066
     100    3919       0       0       0                        01010000D   3067
     100       0       0       2       0                               0D   3068
     126    3921       0       0       0                        01010500D   3069
     126       0       0       2       0                               0D   3070
     126    3923       0       0       0                        01010500D   3071
     126       0       0       2       0                               0D   3072
     124    3925       0       0       0                        00000000D   3073
     124       0       0       5       0                               0D   3074
     100    3930       0       0       0            3073        01010000D   3075
     100       0       0       2       0                               0D   3076
     126    3932       0       0       0                        01010500D   3077
     126       0       0       3       0                               0D   3078
     124    3935       0       0       0                        00000000D   3079
     124       0       0       4       0                               0D   3080
     100    3939       0       0       0            3079        01010000D   3081
     100       0       0       2       0                               0D   3082
     102    3941       0       0       0                        01010500D   3083
     102       0       0       1       0                               0D   3084
     102    3942       0       0       0                        01010000D   3085
     102       0       0       1       0                               0D   3086
     142    3943       0       0       0                        00010500D   3087
     142       0       0       1       0                               0D   3088
     144    3944       0       0       0                        00000000D   3089
     144       0   -3055       1       0                               0D   3090
     314    3945       0       0       0                        00000200D   3091
     314       0       0       1       0                               0D   3092
     110    3946       0       0       0                        01010000D   3093
     110       0       0       2       0                               0D   3094
     110    3948       0       0       0                        01010000D   3095
     110       0       0       2       0                               0D   3096
     120    3950       0       0       0                        01010000D   3097
     120       0       0       1       0                               0D   3098
     126    3951       0       0       0                        01010500D   3099
     126       0       0       2       0                               0D   3100
     110    3953       0       0       0                        01010000D   3101
     110       0       0       2       0                               0D   3102
     126    3955       0       0       0                        01010500D   3103
     126       0       0       2       0                               0D   3104
     124    3957       0       0       0                        00000000D   3105
     124       0       0       5       0                               0D   3106
     100    3962       0       0       0            3105        01010000D   3107
     100       0       0       2       0                               0D   3108
     126    3964       0       0       0                        01010500D   3109
     126       0       0       2       0                               0D   3110
     110    3966       0       0       0                        01010000D   3111
     110       0       0       2       0                               0D   3112
     126    3968       0       0       0                        01010500D   3113
     126       0       0       3       0                               0D   3114
     126    3971       0       0       0                        01010000D   3115
     126       0       0       5       0                               0D   3116
     102    3976       0       0       0                        01010500D   3117
     102       0       0       1       0                               0D   3118
     102    3977       0       0       0                        01010000D   3119
     102       0       0       1       0                               0D   3120
     142    3978       0       0       0                        00010500D   3121
     142       0       0       1       0                               0D   3122
     144    3979       0       0       0                        00000000D   3123
     144       0   -3091       1       0                               0D   3124
     314    3980       0       0       0                        00000200D   3125
     314       0       0       1       0                               0D   3126
     110    3981       0       0       0                        01010000D   3127
     110       0       0       2       0                               0D   3128
     110    3983       0       0       0                        01010000D   3129
     110       0       0       2       0                               0D   3130
     120    3985       0       0       0                        01010000D   3131
     120       0       0       1       0                               0D   3132
     126    3986       0       0       0                        01010500D   3133
     126       0       0       2       0                               0D   3134
     124    3988       0       0       0                        00000000D   3135
     124       0       0       4       0                               0D   3136
     100    3992       0       0       0            3135        01010000D   3137
     100       0       0       2       0                               0D   3138
     126    3994       0       0       0                        01010500D   3139
     126       0       0       2       0                               0D   3140
     110    3996       0       0       0                        01010000D   3141
     110       0       0       2       0                               0D   3142
     126    3998       0       0       0                        01010500D   3143
     126       0       0       3       0                               0D   3144
     126    4001       0       0       0                        01010000D   3145
     126       0       0       4       0                               0D   3146
     126    4005       0       0       0                        01010500D   3147
     126       0       0       3       0                               0D   3148
     126    4008       0       0       0                        01010000D   3149
     126       0       0       5       0                               0D   3150
     126    4013       0       0       0                        01010500D   3151
     126       0       0       2       0                               0D   3152
     110    4015       0       0       0                        01010000D   3153
     110       0       0       2       0                               0D   3154
     102    4017       0       0       0                        01010500D   3155
     102       0       0       1       0                               0D   3156
     102    4018       0       0       0                        01010000D   3157
     102       0       0       1       0                               0D   3158
     142    4019       0       0       0                        00010500D   3159
     142       0       0       1       0                               0D   3160
     144    4020       0       0       0                        00000000D   3161
     144       0   -3125       1       0                               0D   3162
     314    4021       0       0       0                        00000200D   3163
     314       0       0       1       0                               0D   3164
     110    4022       0       0       0                        01010000D   3165
     110       0       0       2       0                               0D   3166
     110    4024       0       0       0                        01010000D   3167
     110       0       0       2       0                               0D   3168
     120    4026       0       0       0                        01010000D   3169
     120       0       0       1       0                               0D   3170
     126    4027       0       0       0                        01010500D   3171
     126       0       0       2       0                               0D   3172
     124    4029       0       0       0                        00000000D   3173
     124       0       0       4       0                               0D   3174
     100    4033       0       0       0            3173        01010000D   3175
     100       0       0       2       0                               0D   3176
     126    4035       0       0       0                        01010500D   3177
     126       0       0       2       0                               0D   3178
     110    4037       0       0       0                        01010000D   3179
     110       0       0       2       0                               0D   3180
     126    4039       0       0       0                        01010500D   3181
     126       0       0       2       0                               0D   3182
     100    4041       0       0       0                        01010000D   3183
     100       0       0       2       0                               0D   3184
     126    4043       0       0       0                        01010500D   3185
     126       0       0       2       0                               0D   3186
     110    4045       0       0       0                        01010000D   3187
     110       0       0       2       0                               0D   3188
     102    4047       0       0       0                        01010500D   3189
     102       0       0       1       0                               0D   3190
     102    4048       0       0       0                        01010000D   3191
     102       0       0       1       0                               0D   3192
     142    4049       0       0       0                        00010500D   3193
     142       0       0       1       0                               0D   3194
     144    4050       0       0       0                        00000000D   3195
     144       0   -3163       1       0                               0D   3196
     314    4051       0       0       0                        00000200D   3197
     314       0       0       1       0                               0D   3198
     110    4052       0       0       0                        01010000D   3199
     110       0       0       2       0                               0D   3200
     110    4054       0       0       0                        01010000D   3201
     110       0       0       2       0                               0D   3202
     120    4056       0       0       0                        01010000D   3203
     120       0       0       1       0                               0D   3204
     126    4057       0       0       0                        01010500D   3205
     126       0       0       3       0                               0D   3206
     126    4060       0       0       0                        01010000D   3207
     126       0       0       5       0                               0D   3208
     126    4065       0       0       0                        01010500D   3209
     126       0       0       2       0                               0D   3210
     110    4067       0       0       0                        01010000D   3211
     110       0       0       2       0                               0D   3212
     126    4069       0       0       0                        01010500D   3213
     126       0       0       2       0                               0D   3214
     124    4071       0       0       0                        00000000D   3215
     124       0       0       5       0                               0D   3216
     100    4076       0       0       0            3215        01010000D   3217
     100       0       0       2       0                               0D   3218
     126    4078       0       0       0                        01010500D   3219
     126       0       0       2       0                               0D   3220
     110    4080       0       0       0                        01010000D   3221
     110       0       0       2       0                               0D   3222
     102    4082       0       0       0                        01010500D   3223
     102       0       0       1       0                               0D   3224
     102    4083       0       0       0                        01010000D   3225
     102       0       0       1       0                               0D   3226
     142    4084       0       0       0                        00010500D   3227
     142       0       0       1       0                               0D   3228
     144    4085       0       0       0                        00000000D   3229
     144       0   -3197       1       0                               0D   3230
     314    4086       0       0       0                        00000200D   3231
     314       0       0       1       0                               0D   3232
     128    4087       0       0       0                        01010000D   3233
     128       0       0      18       0                               0D   3234
     126    4105       0       0       0                        01010500D   3235
     126       0       0       2       0                               0D   3236
     126    4107       0       0       0                        01010000D   3237
     126       0       0       5       0                               0D   3238
     126    4112       0       0       0                        01010500D   3239
     126       0       0       2       0                               0D   3240
     100    4114       0       0       0                        01010000D   3241
     100       0       0       2       0                               0D   3242
     126    4116       0       0       0                        01010500D   3243
     126       0       0       2       0                               0D   3244
     126    4118       0       0       0                        01010000D   3245
     126       0       0       4       0                               0D   3246
     126    4122       0       0       0                        01010500D   3247
     126       0       0       2       0                               0D   3248
     124    4124       0       0       0                        00000000D   3249
     124       0       0       4       0                               0D   3250
     100    4128       0       0       0            3249        01010000D   3251
     100       0       0       2       0                               0D   3252
     102    4130       0       0       0                        01010500D   3253
     102       0       0       1       0                               0D   3254
     102    4131       0       0       0                        01010000D   3255
     102       0       0       1       0                               0D   3256
     142    4132       0       0       0                        00010500D   3257
     142       0       0       1       0                               0D   3258
     144    4133       0       0       0                        00000000D   3259
     144       0   -3231       1       0                               0D   3260
     314    4134       0       0       0                        00000200D   3261
     314       0       0       1       0                               0D   3262
     110    4135       0       0       0                        01010000D   3263
     110       0       0       2       0                               0D   3264
     124    4137       0       0       0                        00000000D   3265
     124       0       0       4       0                               0D   3266
     100    4141       0       0       0            3265        01010000D   3267
     100       0       0       2       0                               0D   3268
     120    4143       0       0       0                        01010000D   3269
     120       0       0       1       0                               0D   3270
     126    4144       0       0       0                        01010500D   3271
     126       0       0       2       0                               0D   3272
     124    4146       0       0       0                        00000000D   3273
     124       0       0       4       0                               0D   3274
     100    4150       0       0       0            3273        01010000D   3275
     100       0       0       2       0                               0D   3276
     126    4152       0       0       0                        01010500D   3277
     126       0       0       2       0                               0D   3278
     126    4154       0       0       0                        01010500D   3279
     126       0       0       2       0                               0D   3280
     124    4156       0       0       0                        00000000D   3281
     124       0       0       4       0                               0D   3282
     100    4160       0       0       0            3281        01010000D   3283
     100       0       0       2       0                               0D   3284
     126    4162       0       0       0                        01010500D   3285
     126       0       0       3       0                               0D   3286
     124    4165       0       0       0                        00000000D   3287
     124       0       0       4       0                               0D   3288
     100    4169       0       0       0            3287        01010000D   3289
     100       0       0       2       0                               0D   3290
     102    4171       0       0       0                        01010500D   3291
     102       0       0       1       0                               0D   3292
     102    4172       0       0       0                        01010000D   3293
     102       0       0       1       0                               0D   3294
     142    4173       0       0       0                        00010500D   3295
     142       0       0       1       0                               0D   3296
     144    4174       0       0       0                        00000000D   3297
     144       0   -3261       1       0                               0D   3298
     314    4175       0       0       0                        00000200D   3299
     314       0       0       1       0                               0D   3300
     110    4176       0       0       0                        01010000D   3301
     110       0       0       2       0                               0D   3302
     110    4178       0       0       0                        01010000D   3303
     110       0       0       2       0                               0D   3304
     120    4180       0       0       0                        01010000D   3305
     120       0       0       1       0                               0D   3306
     126    4181       0       0       0                        01010500D   3307
     126       0       0       2       0                               0D   3308
     110    4183       0       0       0                        01010000D   3309
     110       0       0       2       0                               0D   3310
     126    4185       0       0       0                        01010500D   3311
     126       0       0       2       0                               0D   3312
     100    4187       0       0       0                        01010000D   3313
     100       0       0       2       0                               0D   3314
     126    4189       0       0       0                        01010500D   3315
     126       0       0       2       0                               0D   3316
     110    4191       0       0       0                        01010000D   3317
     110       0       0       2       0                               0D   3318
     126    4193       0       0       0                        01010500D   3319
     126       0       0       2       0                               0D   3320
     124    4195       0       0       0                        00000000D   3321
     124       0       0       5       0                               0D   3322
     100    4200       0       0       0            3321        01010000D   3323
     100       0       0       2       0                               0D   3324
     102    4202       0       0       0                        01010500D   3325
     102       0       0       1       0                               0D   3326
     102    4203       0       0       0                        01010000D   3327
     102       0       0       1       0                               0D   3328
     142    4204       0       0       0                        00010500D   3329
     142       0       0       1       0                               0D   3330
     144    4205       0       0       0                        00000000D   3331
     144       0   -3299       1       0                               0D   3332
     314    4206       0       0       0                        00000200D   3333
     314       0       0       1       0                               0D   3334
     110    4207       0       0       0                        01010000D   3335
     110       0       0       2       0                               0D   3336
     110    4209       0       0       0                        01010000D   3337
     110       0       0       2       0                               0D   3338
     120    4211       0       0       0                        01010000D   3339
     120       0       0       1       0                               0D   3340
     126    4212       0       0       0                        01010500D   3341
     126       0       0       2       0                               0D   3342
     124    4214       0       0       0                        00000000D   3343
     124       0       0       4       0                               0D   3344
     100    4218       0       0       0            3343        01010000D   3345
     100       0       0       2       0                               0D   3346
     126    4220       0       0       0                        01010500D   3347
     126       0       0       2       0                               0D   3348
     110    4222       0       0       0                        01010000D   3349
     110       0       0       2       0                               0D   3350
     126    4224       0       0       0                        01010500D   3351
     126       0       0       3       0                               0D   3352
     126    4227       0       0       0                        01010000D   3353
     126       0       0       5       0                               0D   3354
     126    4232       0       0       0                        01010500D   3355
     126       0       0       3       0                               0D   3356
     126    4235       0       0       0                        01010000D   3357
     126       0       0       5       0                               0D   3358
     126    4240       0       0       0                        01010500D   3359
     126       0       0       2       0                               0D   3360
     110    4242       0       0       0                        01010000D   3361
     110       0       0       2       0                               0D   3362
     102    4244       0       0       0                        01010500D   3363
     102       0       0       1       0                               0D   3364
     102    4245       0       0       0                        01010000D   3365
     102       0       0       1       0                               0D   3366
     142    4246       0       0       0                        00010500D   3367
     142       0       0       1       0                               0D   3368
     144    4247       0       0       0                        00000000D   3369
     144       0   -3333       1       0                               0D   3370
     314    4248       0       0       0                        00000200D   3371
     314       0       0       1       0                               0D   3372
     128    4249       0       0       0                        01010000D   3373
     128       0       0      19       0                               0D   3374
     126    4268       0       0       0                        01010500D   3375
     126       0       0       2       0                               0D   3376
     126    4270       0       0       0                        01010000D   3377
     126       0       0       5       0                               0D   3378
     126    4275       0       0       0                        01010500D   3379
     126       0       0       2       0                               0D   3380
     124    4277       0       0       0                        00000000D   3381
     124       0       0       5       0                               0D   3382
     100    4282       0       0       0            3381        01010000D   3383
     100       0       0       2       0                               0D   3384
     126    4284       0       0       0                        01010500D   3385
     126       0       0       2       0                               0D   3386
     126    4286       0       0       0                        01010000D   3387
     126       0       0       5       0                               0D   3388
     126    4291       0       0       0                        01010500D   3389
     126       0       0       2       0                               0D   3390
     124    4293       0       0       0                        00000000D   3391
     124       0       0       4       0                               0D   3392
     100    4297       0       0       0            3391        01010000D   3393
     100       0       0       2       0                               0D   3394
     102    4299       0       0       0                        01010500D   3395
     102       0       0       1       0                               0D   3396
     102    4300       0       0       0                        01010000D   3397
     102       0       0       1       0                               0D   3398
     142    4301       0       0       0                        00010500D   3399
     142       0       0       1       0                               0D   3400
     144    4302       0       0       0                        00000000D   3401
     144       0   -3371       1       0                               0D   3402
     314    4303       0       0       0                        00000200D   3403
     314       0       0       1       0                               0D   3404
     110    4304       0       0       0                        01010000D   3405
     110       0       0       2       0                               0D   3406
     110    4306       0       0       0                        01010000D   3407
     110       0       0       2       0                               0D   3408
     120    4308       0       0       0                        01010000D   3409
     120       0       0       1       0                               0D   3410
     126    4309       0       0       0                        01010500D   3411
     126       0       0       2       0                               0D   3412
     110    4311       0       0       0                        01010000D   3413
     110       0       0       2       0                               0D   3414
     126    4313       0       0       0                        01010500D   3415
     126       0       0       3       0                               0D   3416
     126    4316       0       0       0                        01010000D   3417
     126       0       0       5       0                               0D   3418
     126    4321       0       0       0                        01010500D   3419
     126       0       0       2       0                               0D   3420
     110    4323       0       0       0                        01010000D   3421
     110       0       0       2       0                               0D   3422
     126    4325       0       0       0                        01010500D   3423
     126       0       0       2       0                               0D   3424
     124    4327       0       0       0                        00000000D   3425
     124       0       0       5       0                               0D   3426
     100    4332       0       0       0            3425        01010000D   3427
     100       0       0       2       0                               0D   3428
     102    4334       0       0       0                        01010500D   3429
     102       0       0       1       0                               0D   3430
     102    4335       0       0       0                        01010000D   3431
     102       0       0       1       0                               0D   3432
     142    4336       0       0       0                        00010500D   3433
     142       0       0       1       0                               0D   3434
     144    4337       0       0       0                        00000000D   3435
     144       0   -3403       1       0                               0D   3436
     314    4338       0       0       0                        00000200D   3437
     314       0       0       1       0                               0D   3438
     110    4339       0       0       0                        01010000D   3439
     110       0       0       2       0                               0D   3440
     110    4341       0       0       0                        01010000D   3441
     110       0       0       2       0                               0D   3442
     120    4343       0       0       0                        01010000D   3443
     120       0       0       1       0                               0D   3444
     126    4344       0       0       0                        01010500D   3445
     126       0       0       6       0                               0D   3446
     126    4350       0       0       0                        01010000D   3447
     126       0       0       5       0                               0D   3448
     126    4355       0       0       0                        01010500D   3449
     126       0       0       2       0                               0D   3450
     110    4357       0       0       0                        01010000D   3451
     110       0       0       2       0                               0D   3452
     126    4359       0       0       0                        01010500D   3453
     126       0       0       6       0                               0D   3454
     126    4365       0       0       0                        01010000D   3455
     126       0       0       5       0                               0D   3456
     126    4370       0       0       0                        01010500D   3457
     126       0       0       2       0                               0D   3458
     110    4372       0       0       0                        01010000D   3459
     110       0       0       2       0                               0D   3460
     102    4374       0       0       0                        01010500D   3461
     102       0       0       1       0                               0D   3462
     102    4375       0       0       0                        01010000D   3463
     102       0       0       1       0                               0D   3464
     142    4376       0       0       0                        00010500D   3465
     142       0       0       1       0                               0D   3466
     144    4377       0       0       0                        00000000D   3467
     144       0   -3437       1       0                               0D   3468
     314    4378       0       0       0                        00000200D   3469
     314       0       0       1       0                               0D   3470
     110    4379       0       0       0                        01010000D   3471
     110       0       0       2       0                               0D   3472
     110    4381       0       0       0                        01010000D   3473
     110       0       0       2       0                               0D   3474
     120    4383       0       0       0                        01010000D   3475
     120       0       0       1       0                               0D   3476
     126    4384       0       0       0                        01010500D   3477
     126       0       0       7       0                               0D   3478
     126    4391       0       0       0                        01010000D   3479
     126       0       0       5       0                               0D   3480
     126    4396       0       0       0                        01010500D   3481
     126       0       0       2       0                               0D   3482
     110    4398       0       0       0                        01010000D   3483
     110       0       0       2       0                               0D   3484
     126    4400       0       0       0                        01010500D   3485
     126       0       0       6       0                               0D   3486
     126    4406       0       0       0                        01010000D   3487
     126       0       0       5       0                               0D   3488
     126    4411       0       0       0                        01010500D   3489
     126       0       0       2       0                               0D   3490
     110    4413       0       0       0                        01010000D   3491
     110       0       0       2       0                               0D   3492
     102    4415       0       0       0                        01010500D   3493
     102       0       0       1       0                               0D   3494
     102    4416       0       0       0                        01010000D   3495
     102       0       0       1       0                               0D   3496
     142    4417       0       0       0                        00010500D   3497
     142       0       0       1       0                               0D   3498
     144    4418       0       0       0                        00000000D   3499
     144       0   -3469       1       0                               0D   3500
     314    4419       0       0       0                        00000200D   3501
     314       0       0       1       0                               0D   3502
     110    4420       0       0       0                        01010000D   3503
     110       0       0       2       0                               0D   3504
     110    4422       0       0       0                        01010000D   3505
     110       0       0       2       0                               0D   3506
     120    4424       0       0       0                        01010000D   3507
     120       0       0       1       0                               0D   3508
     126    4425       0       0       0                        01010500D   3509
     126       0       0       2       0                               0D   3510
     110    4427       0       0       0                        01010000D   3511
     110       0       0       2       0                               0D   3512
     126    4429       0       0       0                        01010500D   3513
     126       0       0       2       0                               0D   3514
     110    4431       0       0       0                        01010000D   3515
     110       0       0       2       0                               0D   3516
     126    4433       0       0       0                        01010500D   3517
     126       0       0       6       0                               0D   3518
     126    4439       0       0       0                        01010000D   3519
     126       0       0       5       0                               0D   3520
     126    4444       0       0       0                        01010500D   3521
     126       0       0       2       0                               0D   3522
     110    4446       0       0       0                        01010000D   3523
     110       0       0       2       0                               0D   3524
     126    4448       0       0       0                        01010500D   3525
     126       0       0       7       0                               0D   3526
     126    4455       0       0       0                        01010000D   3527
     126       0       0       5       0                               0D   3528
     102    4460       0       0       0                        01010500D   3529
     102       0       0       1       0                               0D   3530
     102    4461       0       0       0                        01010000D   3531
     102       0       0       1       0                               0D   3532
     142    4462       0       0       0                        00010500D   3533
     142       0       0       1       0                               0D   3534
     144    4463       0       0       0                        00000000D   3535
     144       0   -3501       1       0                               0D   3536
     314    4464       0       0       0                        00000200D   3537
     314       0       0       1       0                               0D   3538
     110    4465       0       0       0                        01010000D   3539
     110       0       0       2       0                               0D   3540
     110    4467       0       0       0                        01010000D   3541
     110       0       0       2       0                               0D   3542
     120    4469       0       0       0                        01010000D   3543
     120       0       0       1       0                               0D   3544
     126    4470       0       0       0                        01010500D   3545
     126       0       0       6       0                               0D   3546
     126    4476       0       0       0                        01010000D   3547
     126       0       0       5       0                               0D   3548
     126    4481       0       0       0                        01010500D   3549
     126       0       0       2       0                               0D   3550
     110    4483       0       0       0                        01010000D   3551
     110       0       0       2       0                               0D   3552
     126    4485       0       0       0                        01010500D   3553
     126       0       0       7       0                               0D   3554
     126    4492       0       0       0                        01010000D   3555
     126       0       0       5       0                               0D   3556
     126    4497       0       0       0                        01010500D   3557
     126       0       0       2       0                               0D   3558
     110    4499       0       0       0                        01010000D   3559
     110       0       0       2       0                               0D   3560
     102    4501       0       0       0                        01010500D   3561
     102       0       0       1       0                               0D   3562
     102    4502       0       0       0                        01010000D   3563
     102       0       0       1       0                               0D   3564
     142    4503       0       0       0                        00010500D   3565
     142       0       0       1       0                               0D   3566
     144    4504       0       0       0                        00000000D   3567
     144       0   -3537       1       0                               0D   3568
     314    4505       0       0       0                        00000200D   3569
     314       0       0       1       0                               0D   3570
     110    4506       0       0       0                        01010000D   3571
     110       0       0       2       0                               0D   3572
     110    4508       0       0       0                        01010000D   3573
     110       0       0       2       0                               0D   3574
     120    4510       0       0       0                        01010000D   3575
     120       0       0       1       0                               0D   3576
     126    4511       0       0       0                        01010500D   3577
     126       0       0       7       0                               0D   3578
     126    4518       0       0       0                        01010000D   3579
     126       0       0       5       0                               0D   3580
     126    4523       0       0       0                        01010500D   3581
     126       0       0       2       0                               0D   3582
     110    4525       0       0       0                        01010000D   3583
     110       0       0       2       0                               0D   3584
     126    4527       0       0       0                        01010500D   3585
     126       0       0       7       0                               0D   3586
     126    4534       0       0       0                        01010000D   3587
     126       0       0       5       0                               0D   3588
     126    4539       0       0       0                        01010500D   3589
     126       0       0       2       0                               0D   3590
     110    4541       0       0       0                        01010000D   3591
     110       0       0       2       0                               0D   3592
     102    4543       0       0       0                        01010500D   3593
     102       0       0       1       0                               0D   3594
     102    4544       0       0       0                        01010000D   3595
     102       0       0       1       0                               0D   3596
     142    4545       0       0       0                        00010500D   3597
     142       0       0       1       0                               0D   3598
     144    4546       0       0       0                        00000000D   3599
     144       0   -3569       1       0                               0D   3600
     314    4547       0       0       0                        00000200D   3601
     314       0       0       1       0                               0D   3602
     110    4548       0       0       0                        01010000D   3603
     110       0       0       2       0                               0D   3604
     110    4550       0       0       0                        01010000D   3605
     110       0       0       2       0                               0D   3606
     120    4552       0       0       0                        01010000D   3607
     120       0       0       1       0                               0D   3608
     126    4553       0       0       0                        01010500D   3609
     126       0       0       6       0                               0D   3610
     126    4559       0       0       0                        01010000D   3611
     126       0       0       5       0                               0D   3612
     126    4564       0       0       0                        01010500D   3613
     126       0       0       2       0                               0D   3614
     110    4566       0       0       0                        01010000D   3615
     110       0       0       2       0                               0D   3616
     126    4568       0       0       0                        01010500D   3617
     126       0       0       6       0                               0D   3618
     126    4574       0       0       0                        01010000D   3619
     126       0       0       5       0                               0D   3620
     126    4579       0       0       0                        01010500D   3621
     126       0       0       2       0                               0D   3622
     110    4581       0       0       0                        01010000D   3623
     110       0       0       2       0                               0D   3624
     126    4583       0       0       0                        01010500D   3625
     126       0       0       2       0                               0D   3626
     110    4585       0       0       0                        01010000D   3627
     110       0       0       2       0                               0D   3628
     102    4587       0       0       0                        01010500D   3629
     102       0       0       1       0                               0D   3630
     102    4588       0       0       0                        01010000D   3631
     102       0       0       1       0                               0D   3632
     142    4589       0       0       0                        00010500D   3633
     142       0       0       1       0                               0D   3634
     144    4590       0       0       0                        00000000D   3635
     144       0   -3601       1       0                               0D   3636
     314    4591       0       0       0                        00000200D   3637
     314       0       0       1       0                               0D   3638
     110    4592       0       0       0                        01010000D   3639
     110       0       0       2       0                               0D   3640
     110    4594       0       0       0                        01010000D   3641
     110       0       0       2       0                               0D   3642
     120    4596       0       0       0                        01010000D   3643
     120       0       0       1       0                               0D   3644
     126    4597       0       0       0                        01010500D   3645
     126       0       0       7       0                               0D   3646
     126    4604       0       0       0                        01010000D   3647
     126       0       0       5       0                               0D   3648
     126    4609       0       0       0                        01010500D   3649
     126       0       0       2       0                               0D   3650
     110    4611       0       0       0                        01010000D   3651
     110       0       0       2       0                               0D   3652
     126    4613       0       0       0                        01010500D   3653
     126       0       0       7       0                               0D   3654
     126    4620       0       0       0                        01010000D   3655
     126       0       0       5       0                               0D   3656
     126    4625       0       0       0                        01010500D   3657
     126       0       0       2       0                               0D   3658
     110    4627       0       0       0                        01010000D   3659
     110       0       0       2       0                               0D   3660
     102    4629       0       0       0                        01010500D   3661
     102       0       0       1       0                               0D   3662
     102    4630       0       0       0                        01010000D   3663
     102       0       0       1       0                               0D   3664
     142    4631       0       0       0                        00010500D   3665
     142       0       0       1       0                               0D   3666
     144    4632       0       0       0                        00000000D   3667
     144       0   -3637       1       0                               0D   3668
     314    4633       0       0       0                        00000200D   3669
     314       0       0       1       0                               0D   3670
     110    4634       0       0       0                        01010000D   3671
     110       0       0       2       0                               0D   3672
     110    4636       0       0       0                        01010000D   3673
     110       0       0       2       0                               0D   3674
     120    4638       0       0       0                        01010000D   3675
     120       0       0       1       0                               0D   3676
     126    4639       0       0       0                        01010500D   3677
     126       0       0       7       0                               0D   3678
     126    4646       0       0       0                        01010000D   3679
     126       0       0       5       0                               0D   3680
     126    4651       0       0       0                        01010500D   3681
     126       0       0       2       0                               0D   3682
     110    4653       0       0       0                        01010000D   3683
     110       0       0       2       0                               0D   3684
     126    4655       0       0       0                        01010500D   3685
     126       0       0       7       0                               0D   3686
     126    4662       0       0       0                        01010000D   3687
     126       0       0       5       0                               0D   3688
     126    4667       0       0       0                        01010500D   3689
     126       0       0       2       0                               0D   3690
     110    4669       0       0       0                        01010000D   3691
     110       0       0       2       0                               0D   3692
     102    4671       0       0       0                        01010500D   3693
     102       0       0       1       0                               0D   3694
     102    4672       0       0       0                        01010000D   3695
     102       0       0       1       0                               0D   3696
     142    4673       0       0       0                        00010500D   3697
     142       0       0       1       0                               0D   3698
     144    4674       0       0       0                        00000000D   3699
     144       0   -3669       1       0                               0D   3700
     314    4675       0       0       0                        00000200D   3701
     314       0       0       1       0                               0D   3702
     110    4676       0       0       0                        01010000D   3703
     110       0       0       2       0                               0D   3704
     110    4678       0       0       0                        01010000D   3705
     110       0       0       2       0                               0D   3706
     120    4680       0       0       0                        01010000D   3707
     120       0       0       1       0                               0D   3708
     126    4681       0       0       0                        01010500D   3709
     126       0       0       2       0                               0D   3710
     100    4683       0       0       0                        01010000D   3711
     100       0       0       2       0                               0D   3712
     126    4685       0       0       0                        01010500D   3713
     126       0       0       2       0                               0D   3714
     110    4687       0       0       0                        01010000D   3715
     110       0       0       2       0                               0D   3716
     126    4689       0       0       0                        01010500D   3717
     126       0       0       2       0                               0D   3718
     124    4691       0       0       0                        00000000D   3719
     124       0       0       5       0                               0D   3720
     100    4696       0       0       0            3719        01010000D   3721
     100       0       0       2       0                               0D   3722
     126    4698       0       0       0                        01010500D   3723
     126       0       0       2       0                               0D   3724
     110    4700       0       0       0                        01010000D   3725
     110       0       0       2       0                               0D   3726
     102    4702       0       0       0                        01010500D   3727
     102       0       0       1       0                               0D   3728
     102    4703       0       0       0                        01010000D   3729
     102       0       0       1       0                               0D   3730
     142    4704       0       0       0                        00010500D   3731
     142       0       0       1       0                               0D   3732
     144    4705       0       0       0                        00000000D   3733
     144       0   -3701       1       0                               0D   3734
     314    4706       0       0       0                        00000200D   3735
     314       0       0       1       0                               0D   3736
     128    4707       0       0       0                        01010000D   3737
     128       0       0       4       0                               0D   3738
     126    4711       0       0       0                        01010500D   3739
     126       0       0       2       0                               0D   3740
     110    4713       0       0       0                        01010000D   3741
     110       0       0       2       0                               0D   3742
     126    4715       0       0       0                        01010500D   3743
     126       0       0       2       0                               0D   3744
     110    4717       0       0       0                        01010000D   3745
     110       0       0       2       0                               0D   3746
     126    4719       0       0       0                        01010500D   3747
     126       0       0       2       0                               0D   3748
     110    4721       0       0       0                        01010000D   3749
     110       0       0       2       0                               0D   3750
     126    4723       0       0       0                        01010500D   3751
     126       0       0       2       0                               0D   3752
     110    4725       0       0       0                        01010000D   3753
     110       0       0       2       0                               0D   3754
     102    4727       0       0       0                        01010500D   3755
     102       0       0       1       0                               0D   3756
     102    4728       0       0       0                        01010000D   3757
     102       0       0       1       0                               0D   3758
     142    4729       0       0       0                        00010500D   3759
     142       0       0       1       0                               0D   3760
     144    4730       0       0       0                        00000000D   3761
     144       0   -3735       1       0                               0D   3762
     314    4731       0       0       0                        00000200D   3763
     314       0       0       1       0                               0D   3764
     128    4732       0       0       0                        01010000D   3765
     128       0       0       4       0                               0D   3766
     126    4736       0       0       0                        01010500D   3767
     126       0       0       2       0                               0D   3768
     110    4738       0       0       0                        01010000D   3769
     110       0       0       2       0                               0D   3770
     126    4740       0       0       0                        01010500D   3771
     126       0       0       2       0                               0D   3772
     110    4742       0       0       0                        01010000D   3773
     110       0       0       2       0                               0D   3774
     126    4744       0       0       0                        01010500D   3775
     126       0       0       2       0                               0D   3776
     110    4746       0       0       0                        01010000D   3777
     110       0       0       2       0                               0D   3778
     126    4748       0       0       0                        01010500D   3779
     126       0       0       2       0                               0D   3780
     110    4750       0       0       0                        01010000D   3781
     110       0       0       2       0                               0D   3782
     102    4752       0       0       0                        01010500D   3783
     102       0       0       1       0                               0D   3784
     102    4753       0       0       0                        01010000D   3785
     102       0       0       1       0                               0D   3786
     142    4754       0       0       0                        00010500D   3787
     142       0       0       1       0                               0D   3788
     144    4755       0       0       0                        00000000D   3789
     144       0   -3763       1       0                               0D   3790
     314    4756       0       0       0                        00000200D   3791
     314       0       0       1       0                               0D   3792
     128    4757       0       0       0                        01010000D   3793
     128       0       0       4       0                               0D   3794
     126    4761       0       0       0                        01010500D   3795
     126       0       0       2       0                               0D   3796
     110    4763       0       0       0                        01010000D   3797
     110       0       0       2       0                               0D   3798
     126    4765       0       0       0                        01010500D   3799
     126       0       0       2       0                               0D   3800
     110    4767       0       0       0                        01010000D   3801
     110       0       0       2       0                               0D   3802
     126    4769       0       0       0                        01010500D   3803
     126       0       0       2       0                               0D   3804
     110    4771       0       0       0                        01010000D   3805
     110       0       0       2       0                               0D   3806
     102    4773       0       0       0                        01010500D   3807
     102       0       0       1       0                               0D   3808
     102    4774       0       0       0                        01010000D   3809
     102       0       0       1       0                               0D   3810
     142    4775       0       0       0                        00010500D   3811
     142       0       0       1       0                               0D   3812
     144    4776       0       0       0                        00000000D   3813
     144       0   -3791       1       0                               0D   3814
     314    4777       0       0       0                        00000200D   3815
     314       0       0       1       0                               0D   3816
     128    4778       0       0       0                        01010000D   3817
     128       0       0       4       0                               0D   3818
     126    4782       0       0       0                        01010500D   3819
     126       0       0       2       0                               0D   3820
     110    4784       0       0       0                        01010000D   3821
     110       0       0       2       0                               0D   3822
     126    4786       0       0       0                        01010500D   3823
     126       0       0       2       0                               0D   3824
     110    4788       0       0       0                        01010000D   3825
     110       0       0       2       0                               0D   3826
     126    4790       0       0       0                        01010500D   3827
     126       0       0       2       0                               0D   3828
     110    4792       0       0       0                        01010000D   3829
     110       0       0       2       0                               0D   3830
     102    4794       0       0       0                        01010500D   3831
     102       0       0       1       0                               0D   3832
     102    4795       0       0       0                        01010000D   3833
     102       0       0       1       0                               0D   3834
     142    4796       0       0       0                        00010500D   3835
     142       0       0       1       0                               0D   3836
     144    4797       0       0       0                        00000000D   3837
     144       0   -3815       1       0                               0D   3838
     314    4798       0       0       0                        00000200D   3839
     314       0       0       1       0                               0D   3840
     110    4799       0       0       0                        01010000D   3841
     110       0       0       2       0                               0D   3842
     110    4801       0       0       0                        01010000D   3843
     110       0       0       2       0                               0D   3844
     120    4803       0       0       0                        01010000D   3845
     120       0       0       1       0                               0D   3846
     126    4804       0       0       0                        01010500D   3847
     126       0       0       2       0                               0D   3848
     100    4806       0       0       0                        01010000D   3849
     100       0       0       2       0                               0D   3850
     126    4808       0       0       0                        01010500D   3851
     126       0       0       2       0                               0D   3852
     110    4810       0       0       0                        01010000D   3853
     110       0       0       2       0                               0D   3854
     126    4812       0       0       0                        01010500D   3855
     126       0       0       2       0                               0D   3856
     124    4814       0       0       0                        00000000D   3857
     124       0       0       5       0                               0D   3858
     100    4819       0       0       0            3857        01010000D   3859
     100       0       0       2       0                               0D   3860
     126    4821       0       0       0                        01010500D   3861
     126       0       0       2       0                               0D   3862
     110    4823       0       0       0                        01010000D   3863
     110       0       0       2       0                               0D   3864
     102    4825       0       0       0                        01010500D   3865
     102       0       0       1       0                               0D   3866
     102    4826       0       0       0                        01010000D   3867
     102       0       0       1       0                               0D   3868
     142    4827       0       0       0                        00010500D   3869
     142       0       0       1       0                               0D   3870
     144    4828       0       0       0                        00000000D   3871
     144       0   -3839       1       0                               0D   3872
     314    4829       0       0       0                        00000200D   3873
     314       0       0       1       0                               0D   3874
     110    4830       0       0       0                        01010000D   3875
     110       0       0       2       0                               0D   3876
     110    4832       0       0       0                        01010000D   3877
     110       0       0       2       0                               0D   3878
     120    4834       0       0       0                        01010000D   3879
     120       0       0       1       0                               0D   3880
     126    4835       0       0       0                        01010500D   3881
     126       0       0       2       0                               0D   3882
     110    4837       0       0       0                        01010000D   3883
     110       0       0       2       0                               0D   3884
     126    4839       0       0       0                        01010500D   3885
     126       0       0       2       0                               0D   3886
     100    4841       0       0       0                        01010000D   3887
     100       0       0       2       0                               0D   3888
     126    4843       0       0       0                        01010500D   3889
     126       0       0       2       0                               0D   3890
     110    4845       0       0       0                        01010000D   3891
     110       0       0       2       0                               0D   3892
     126    4847       0       0       0                        01010500D   3893
     126       0       0       2       0                               0D   3894
     124    4849       0       0       0                        00000000D   3895
     124       0       0       5       0                               0D   3896
     100    4854       0       0       0            3895        01010000D   3897
     100       0       0       2       0                               0D   3898
     102    4856       0       0       0                        01010500D   3899
     102       0       0       1       0                               0D   3900
     102    4857       0       0       0                        01010000D   3901
     102       0       0       1       0                               0D   3902
     142    4858       0       0       0                        00010500D   3903
     142       0       0       1       0                               0D   3904
     144    4859       0       0       0                        00000000D   3905
     144       0   -3873       1       0                               0D   3906
     314    4860       0       0       0                        00000200D   3907
     314       0       0       1       0                               0D   3908
     128    4861       0       0       0                        01010000D   3909
     128       0       0       4       0                               0D   3910
     126    4865       0       0       0                        01010500D   3911
     126       0       0       2       0                               0D   3912
     110    4867       0       0       0                        01010000D   3913
     110       0       0       2       0                               0D   3914
     126    4869       0       0       0                        01010500D   3915
     126       0       0       7       0                               0D   3916
     100    4876       0       0       0                        01010000D   3917
     100       0       0       2       0                               0D   3918
     126    4878       0       0       0                        01010500D   3919
     126       0       0       2       0                               0D   3920
     110    4880       0       0       0                        01010000D   3921
     110       0       0       2       0                               0D   3922
     126    4882       0       0       0                        01010500D   3923
     126       0       0       2       0                               0D   3924
     110    4884       0       0       0                        01010000D   3925
     110       0       0       2       0                               0D   3926
     126    4886       0       0       0                        01010500D   3927
     126       0       0       2       0                               0D   3928
     110    4888       0       0       0                        01010000D   3929
     110       0       0       2       0                               0D   3930
     126    4890       0       0       0                        01010500D   3931
     126       0       0       7       0                               0D   3932
     124    4897       0       0       0                        00000000D   3933
     124       0       0       5       0                               0D   3934
     100    4902       0       0       0            3933        01010000D   3935
     100       0       0       2       0                               0D   3936
     126    4904       0       0       0                        01010500D   3937
     126       0       0       2       0                               0D   3938
     110    4906       0       0       0                        01010000D   3939
     110       0       0       2       0                               0D   3940
     126    4908       0       0       0                        01010500D   3941
     126       0       0       4       0                               0D   3942
     100    4912       0       0       0                        01010000D   3943
     100       0       0       2       0                               0D   3944
     102    4914       0       0       0                        01010500D   3945
     102       0       0       1       0                               0D   3946
     102    4915       0       0       0                        01010000D   3947
     102       0       0       1       0                               0D   3948
     142    4916       0       0       0                        00010500D   3949
     142       0       0       1       0                               0D   3950
     144    4917       0       0       0                        00000000D   3951
     144       0   -3907       1       0                               0D   3952
     314    4918       0       0       0                        00000200D   3953
     314       0       0       1       0                               0D   3954
     128    4919       0       0       0                        01010000D   3955
     128       0       0       4       0                               0D   3956
     126    4923       0       0       0                        01010500D   3957
     126       0       0       2       0                               0D   3958
     110    4925       0       0       0                        01010000D   3959
     110       0       0       2       0                               0D   3960
     126    4927       0       0       0                        01010500D   3961
     126       0       0       4       0                               0D   3962
     100    4931       0       0       0                        01010000D   3963
     100       0       0       2       0                               0D   3964
     126    4933       0       0       0                        01010500D   3965
     126       0       0       2       0                               0D   3966
     110    4935       0       0       0                        01010000D   3967
     110       0       0       2       0                               0D   3968
     126    4937       0       0       0                        01010500D   3969
     126       0       0       7       0                               0D   3970
     100    4944       0       0       0                        01010000D   3971
     100       0       0       2       0                               0D   3972
     126    4946       0       0       0                        01010500D   3973
     126       0       0       2       0                               0D   3974
     110    4948       0       0       0                        01010000D   3975
     110       0       0       2       0                               0D   3976
     126    4950       0       0       0                        01010500D   3977
     126       0       0       2       0                               0D   3978
     110    4952       0       0       0                        01010000D   3979
     110       0       0       2       0                               0D   3980
     126    4954       0       0       0                        01010500D   3981
     126       0       0       2       0                               0D   3982
     110    4956       0       0       0                        01010000D   3983
     110       0       0       2       0                               0D   3984
     126    4958       0       0       0                        01010500D   3985
     126       0       0       7       0                               0D   3986
     124    4965       0       0       0                        00000000D   3987
     124       0       0       5       0                               0D   3988
     100    4970       0       0       0            3987        01010000D   3989
     100       0       0       2       0                               0D   3990
     102    4972       0       0       0                        01010500D   3991
     102       0       0       1       0                               0D   3992
     102    4973       0       0       0                        01010000D   3993
     102       0       0       1       0                               0D   3994
     142    4974       0       0       0                        00010500D   3995
     142       0       0       1       0                               0D   3996
     144    4975       0       0       0                        00000000D   3997
     144       0   -3953       1       0                               0D   3998
     314    4976       0       0       0                        00000200D   3999
     314       0       0       1       0                               0D   4000
     128    4977       0       0       0                        01010000D   4001
     128       0       0       4       0                               0D   4002
     126    4981       0       0       0                        01010500D   4003
     126       0       0       2       0                               0D   4004
     110    4983       0       0       0                        01010000D   4005
     110       0       0       2       0                               0D   4006
     126    4985       0       0       0                        01010500D   4007
     126       0       0       2       0                               0D   4008
     110    4987       0       0       0                        01010000D   4009
     110       0       0       2       0                               0D   4010
     126    4989       0       0       0                        01010500D   4011
     126       0       0       2       0                               0D   4012
     110    4991       0       0       0                        01010000D   4013
     110       0       0       2       0                               0D   4014
     126    4993       0       0       0                        01010500D   4015
     126       0       0       2       0                               0D   4016
     110    4995       0       0       0                        01010000D   4017
     110       0       0       2       0                               0D   4018
     126    4997       0       0       0                        01010500D   4019
     126       0       0       2       0                               0D   4020
     110    4999       0       0       0                        01010000D   4021
     110       0       0       2       0                               0D   4022
     126    5001       0       0       0                        01010500D   4023
     126       0       0       2       0                               0D   4024
     110    5003       0       0       0                        01010000D   4025
     110       0       0       2       0                               0D   4026
     126    5005       0       0       0                        01010500D   4027
     126       0       0       2       0                               0D   4028
     110    5007       0       0       0                        01010000D   4029
     110       0       0       2       0                               0D   4030
     126    5009       0       0       0                        01010500D   4031
     126       0       0       2       0                               0D   4032
     110    5011       0       0       0                        01010000D   4033
     110       0       0       2       0                               0D   4034
     102    5013       0       0       0                        01010500D   4035
     102       0       0       1       0                               0D   4036
     102    5014       0       0       0                        01010000D   4037
     102       0       0       1       0                               0D   4038
     142    5015       0       0       0                        00010500D   4039
     142       0       0       1       0                               0D   4040
     144    5016       0       0       0                        00000000D   4041
     144       0   -3999       1       0                               0D   4042
314,75.2941176470588,75.2941176470588,75.2941176470588,;               1P      1
314,40.,56.8627450980392,87.4509803921569,;                            3P      2
128,5,2,3,2,0,0,0,0,0,6.4027687351506E-016,                            5P      3
6.4027687351506E-016,6.4027687351506E-016,6.4027687351506E-016,        5P      4
0.392622935074915,0.392622935074915,0.78524587014983,                  5P      5
0.78524587014983,0.78524587014983,0.78524587014983,0.,0.,0.,1.,        5P      6
1.,1.,1.,1.,1.,1.,1.,1.,0.715778482466134,0.715779493739023,           5P      7
0.715554331539782,0.714690343361862,0.714051664648384,                 5P      8
0.713250449154182,1.,1.,1.,1.,1.,1.,-0.363769833,0.351824374,          5P      9
-0.12097037,-0.363769833,0.3499732,-0.119119195,-0.363769833,          5P     10
0.348491466,-0.116901362,-0.363769833,0.346488194,-0.112064602,        5P     11
-0.363769833,0.345967772,-0.109448375,-0.363769833,0.345967772,        5P     12
-0.106830019,-0.363769833,0.358723046,-0.114071699,                    5P     13
-0.363769833,0.357775112,-0.113123765,-0.363769833,0.357021308,        5P     14
-0.111983586,-0.363769833,0.356019586,-0.109501837,                    5P     15
-0.363769833,0.355772296,-0.108161982,-0.363769833,0.355794744,        5P     16
-0.106830019,-0.35401661,0.358893289,-0.113901455,-0.35401661,         5P     17
0.357967701,-0.112975868,-0.354010189,0.357226947,-0.111866839,        5P     18
-0.353985475,0.356225742,-0.109448028,-0.353967195,0.35596585,         5P     19
-0.108139596,-0.353944357,0.355966249,-0.106830019,                    5P     20
6.4027687351506E-016,0.78524587014983,0.,1.;                           5P     21
126,1,1,1,0,1,0,0.,0.,1.,1.,1.,1.,0.78524587,0.,0.,0.78524587,         7P     22
1.,0.,0.,1.,0.,0.,1.;                                                  7P     23
124,-1.,-2.13058737319471E-014,1.17496353335671E-014,                  9P     24
-0.707539666052536,-2.13128126258511E-014,1.,                          9P     25
-2.73021322424903E-013,-3.67383469885731E-014,                         9P     26
-1.17496353335613E-014,-2.73021322424903E-013,-1.,                     9P     27
-0.21366003745597;                                                     9P     28
100,-0.106830019,-0.353769833,0.345967772,-0.343769833,               11P     29
0.345967772,-0.353595309,0.355966249;                                 11P     30
126,1,1,1,0,1,0,0.,0.,1.,1.,1.,1.,0.78524587,1.,0.,0.,1.,0.,0.,       13P     31
1.,0.,0.,1.;                                                          13P     32
126,3,3,1,0,0,0,0.,0.,0.,0.,1.,1.,1.,1.,1.,0.949272446589464,         15P     33
0.949272446589464,1.,-0.353944357,0.355966249,-0.106830019,           15P     34
-0.353991239,0.35596543,-0.109518308,-0.35401661,0.356993249,         15P     35
-0.112001416,-0.35401661,0.358893289,-0.113901455,0.,1.,0.,0.,        15P     36
0.;                                                                   15P     37
126,1,1,1,0,1,0,0.,0.,1.,1.,1.,1.,0.,1.,0.,0.,0.,0.,0.,1.,0.,         17P     38
0.,1.;                                                                17P     39
124,-0.0246776719230425,-0.999695459881888,                           19P     40
1.13976053201439E-016,-0.0107828190851788,0.706891438803888,          19P     41
-0.0174497491606804,-0.707106781186547,0.522501518963335,             19P     42
0.706891438803886,-0.0174497491606802,0.707106781186548,              19P     43
0.22078471234868;                                                     19P     44
100,-0.12097037,-0.353769833,0.351824374,-0.343769833,                21P     45
0.351824374,-0.353523056,0.361821329;                                 21P     46
126,1,1,1,0,1,0,0.,0.,1.,1.,1.,1.,0.,0.,0.,0.78524587,0.,0.,0.,       23P     47
1.,0.,0.,1.;                                                          23P     48
126,3,3,1,0,0,0,0.,0.,0.,0.,1.,1.,1.,1.,1.,0.949272446589434,         25P     49
0.949272446589434,1.,-0.363769833,0.351824374,-0.12097037,            25P     50
-0.363769833,0.348024295,-0.11717029,-0.363769833,0.345967772,        25P     51
-0.112204961,-0.363769833,0.345967772,-0.106830019,0.,1.,1.,0.,       25P     52
0.;                                                                   25P     53
102,4,7,13,17,23;                                                     27P     54
102,4,11,15,21,25;                                                    29P     55
142,1,5,27,29,1;                                                      31P     56
144,5,1,0,31;                                                         33P     57
314,40.,56.8627450980392,87.4509803921569,;                           35P     58
128,5,2,3,2,0,0,0,0,0,-8.88178419700125E-016,                         37P     59
-8.88178419700125E-016,-8.88178419700125E-016,                        37P     60
-8.88178419700125E-016,0.392622935074937,0.392622935074937,           37P     61
0.785245870149875,0.785245870149875,0.785245870149875,                37P     62
0.785245870149875,0.,0.,0.,1.,1.,1.,1.,1.,1.,1.,1.,1.,                37P     63
0.715778482466134,0.71577949373896,0.715554331539866,                 37P     64
0.714690343361784,0.714051664648442,0.713250449154182,1.,1.,1.,       37P     65
1.,1.,1.,-0.363769833,0.351824374,0.12197037,-0.363769833,            37P     66
0.353675549,0.123821545,-0.363769833,0.355893382,0.125303278,         37P     67
-0.363769833,0.360730142,0.127306551,-0.363769833,0.36334637,         37P     68
0.127826973,-0.363769833,0.365964726,0.127826973,-0.363769833,        37P     69
0.358723046,0.115071699,-0.363769833,0.359670979,0.116019632,         37P     70
-0.363769833,0.360811158,0.116773436,-0.363769833,0.363292907,        37P     71
0.117775158,-0.363769833,0.364632762,0.118022449,-0.363769833,        37P     72
0.365964726,0.118,-0.35401661,0.358893289,0.114901455,                37P     73
-0.35401661,0.359818876,0.115827043,-0.354010189,0.360927905,         37P     74
0.116567797,-0.353985475,0.363346716,0.117569002,-0.353967195,        37P     75
0.364655148,0.117828894,-0.353944357,0.365964726,0.117828496,         37P     76
-8.88178419700125E-016,0.785245870149875,0.,1.;                       37P     77
126,1,1,1,0,1,0,0.,0.,1.,1.,1.,1.,0.78524587,0.,0.,0.78524587,        39P     78
1.,0.,0.,1.,0.,0.,1.;                                                 39P     79
124,-1.,6.97602782831486E-015,6.93889390390721E-018,                  41P     80
-0.707539666052544,-6.93889390390764E-018,                            41P     81
-6.12303176911188E-017,-1.,0.493791698210132,                         41P     82
-6.97602782831486E-015,-1.,6.12303176911189E-017,                     41P     83
0.49379169821013;                                                     41P     84
100,0.127826973,-0.353769833,0.365964726,-0.343769833,                43P     85
0.365964726,-0.353595309,0.375963203;                                 43P     86
126,1,1,1,0,1,0,0.,0.,1.,1.,1.,1.,0.78524587,1.,0.,0.,1.,0.,0.,       45P     87
1.,0.,0.,1.;                                                          45P     88
126,3,3,1,0,0,0,0.,0.,0.,0.,1.,1.,1.,1.,1.,0.949272446589428,         47P     89
0.949272446589428,1.,-0.353944357,0.365964726,0.117828496,            47P     90
-0.353991239,0.363276436,0.117829314,-0.35401661,0.360793329,         47P     91
0.116801495,-0.35401661,0.358893289,0.114901455,0.,1.,0.,0.,0.;       47P     92
126,1,1,1,0,1,0,0.,0.,1.,1.,1.,1.,0.,1.,0.,0.,0.,0.,0.,1.,0.,         49P     93
0.,1.;                                                                49P     94
124,-0.0246776719230429,-0.999695459881888,                           51P     95
1.04162975334665E-016,-0.0107828190851798,0.706891438803888,          51P     96
-0.0174497491606804,0.707106781186547,0.521794412182148,              51P     97
-0.706891438803886,0.0174497491606805,0.707106781186548,              51P     98
-0.220491819129866;                                                   51P     99
100,0.12197037,-0.353769833,0.351824374,-0.343769833,                 53P    100
0.351824374,-0.353523056,0.361821329;                                 53P    101
126,1,1,1,0,1,0,0.,0.,1.,1.,1.,1.,0.,0.,0.,0.78524587,0.,0.,0.,       55P    102
1.,0.,0.,1.;                                                          55P    103
126,3,3,1,0,0,0,0.,0.,0.,0.,1.,1.,1.,1.,1.,0.949272446589429,         57P    104
0.949272446589429,1.,-0.363769833,0.351824374,0.12197037,             57P    105
-0.363769833,0.355624454,0.125770449,-0.363769833,0.360589783,        57P    106
0.127826973,-0.363769833,0.365964726,0.127826973,0.,1.,1.,0.,         57P    107
0.;                                                                   57P    108
102,4,39,45,49,55;                                                    59P    109
102,4,43,47,53,57;                                                    61P    110
142,1,37,59,61,1;                                                     63P    111
144,37,1,0,63;                                                        65P    112
314,40.,56.8627450980392,87.4509803921569,;                           67P    113
128,3,3,3,3,0,0,0,0,0,0.,0.,0.,0.,1.,1.,1.,1.,0.,0.,0.,0.,1.,         69P    114
1.,1.,1.,1.,0.666666666666657,0.666666666666657,1.,                   69P    115
0.804737854124364,0.536491902749568,0.536491902749568,                69P    116
0.804737854124364,0.804737854124364,0.536491902749568,                69P    117
0.536491902749568,0.804737854124364,1.,0.666666666666657,             69P    118
0.666666666666657,1.,-0.591769833,0.529681496,-0.1755,                69P    119
-0.591769833,0.534011623,-0.1755,-0.591769833,0.536176686,            69P    120
-0.17175,-0.591769833,0.534011623,-0.168,-0.556688986,                69P    121
0.529681496,-0.1755,-0.554152457,0.534011623,-0.1755,                 69P    122
-0.552884192,0.536176686,-0.17175,-0.554152457,0.534011623,           69P    123
-0.168,-0.531883082,0.504875591,-0.1755,-0.527552955,                 69P    124
0.507412121,-0.1755,-0.525387891,0.508680386,-0.17175,                69P    125
-0.527552955,0.507412121,-0.168,-0.531883082,0.469794744,             69P    126
-0.1755,-0.527552955,0.469794744,-0.1755,-0.525387891,                69P    127
0.469794744,-0.17175,-0.527552955,0.469794744,-0.168,0.,1.,0.,        69P    128
1.;                                                                   69P    129
126,1,1,1,0,1,0,0.,0.,1.,1.,1.,1.,1.,0.,0.,1.,1.,0.,0.,1.,0.,         71P    130
0.,1.;                                                                71P    131
124,1.19001154975413E-014,1.,7.44466892605586E-015,                   73P    132
-1.06156457733327,1.,-1.19001154975412E-014,                          73P    133
-6.98296672221876E-015,1.06156457733328,-6.98296672221867E-015,       73P    134
7.44466892605595E-015,-1.,-0.336000000000006;                         73P    135
100,-0.168,-0.591769833,0.469794744,-0.527552955,0.469794744,         75P    136
-0.591769833,0.534011623;                                             75P    137
126,1,1,1,0,1,0,0.,0.,1.,1.,1.,1.,1.,1.,0.,0.,1.,0.,0.,1.,0.,         77P    138
0.,1.;                                                                77P    139
124,0.866025403784362,0.500000000000133,-6.93889390390723E-018,       79P    140
-0.306156193255616,-2.46059004506195E-017,                            79P    141
5.64964575542505E-017,1.,0.640294744307006,0.500000000000133,         79P    142
-0.866025403784362,6.12303176911189E-017,0.50229572397448;            79P    143
100,-0.1705,-0.531883082,0.469794744,-0.526883082,0.469794744,        81P    144
-0.534383082,0.474124871;                                             81P    145
126,1,1,1,0,1,0,0.,0.,1.,1.,1.,1.,0.,1.,0.,0.,0.,0.,0.,1.,0.,         83P    146
0.,1.;                                                                83P    147
100,-0.1755,-0.591769833,0.469794744,-0.531883082,0.469794744,        85P    148
-0.591769833,0.529681496;                                             85P    149
126,1,1,1,0,1,0,0.,0.,1.,1.,1.,1.,0.,0.,0.,1.,0.,0.,0.,1.,0.,         87P    150
0.,1.;                                                                87P    151
124,-7.04419703990988E-015,-6.9388939039073E-018,1.,                  89P    152
-0.421269833026277,-6.9388939039073E-018,1.,                          89P    153
6.93889390390725E-018,-8.21245617380447E-018,-1.,                     89P    154
-6.93889390390725E-018,-7.04419703990988E-015,                        89P    155
-0.762269833026272;                                                   89P    156
100,-0.1705,-0.591769833,0.529681496,-0.586769833,0.529681496,        91P    157
-0.594269833,0.534011623;                                             91P    158
102,4,71,77,83,87;                                                    93P    159
102,4,75,81,85,91;                                                    95P    160
142,1,69,93,95,1;                                                     97P    161
144,69,1,0,97;                                                        99P    162
314,40.,56.8627450980392,87.4509803921569,;                          101P    163
110,-0.591769833,-39.056283996,0.0005,-0.591769833,0.313794744,      103P    164
0.0005;                                                              103P    165
110,-0.534769833,0.313794744,0.0005,-0.519758726,0.339794744,        105P    166
0.0005;                                                              105P    167
120,103,105,0.,6.28318530717959;                                     107P    168
126,1,1,1,0,1,0,0.,0.,1.,1.,1.,1.,0.,1.570796327,0.,1.,              109P    169
1.570796327,0.,0.,1.,0.,0.,1.;                                       109P    170
110,-0.591769833,0.313794744,-0.0565,-0.591769833,0.339794744,       111P    171
-0.071511107;                                                        111P    172
126,1,1,1,0,1,0,0.,0.,1.,1.,1.,1.,1.,1.570796327,0.,1.,0.,0.,        113P    173
0.,1.,0.,0.,1.;                                                      113P    174
124,7.14773260623295E-014,1.,-3.2712786984932E-015,                  115P    175
-0.931564577333234,-6.12303176913527E-017,                           115P    176
-3.27127869849319E-015,-1.,0.340294744307004,-1.,                    115P    177
7.14773260623295E-014,6.12303176911189E-017,-0.591269833026297;      115P    178
100,0.0005,-0.591769833,0.339794744,-0.519758726,0.339794744,        117P    179
-0.591769833,0.411805851;                                            117P    180
126,1,1,1,0,1,0,0.,0.,1.,1.,1.,1.,1.,0.,0.,0.,0.,0.,0.,1.,0.,        119P    181
0.,1.;                                                               119P    182
110,-0.519758726,0.339794744,0.0005,-0.534769833,0.313794744,        121P    183
0.0005;                                                              121P    184
126,1,1,1,0,1,0,0.,0.,1.,1.,1.,1.,0.,0.,0.,0.,1.570796327,0.,        123P    185
0.,1.,0.,0.,1.;                                                      123P    186
124,1.,-1.72372121429307E-014,3.2712786984932E-015,                  125P    187
5.41799660880512E-015,-3.27127869849332E-015,                        125P    188
-7.04419703990983E-015,1.,0.313294744307005,                         125P    189
-1.72372121429307E-014,-1.,-7.04419703990988E-015,                   125P    190
0.314294744306993;                                                   125P    191
100,0.0005,-0.591769833,0.313794744,-0.534769833,0.313794744,        127P    192
-0.591769833,0.370794744;                                            127P    193
102,4,109,113,119,123;                                               129P    194
102,4,111,117,121,127;                                               131P    195
142,1,107,129,131,1;                                                 133P    196
144,107,1,0,133;                                                     135P    197
314,40.,56.8627450980392,87.4509803921569,;                          137P    198
110,-0.591769833,0.469794744,39.21457874,-0.591769833,               139P    199
0.469794744,-0.1555;                                                 139P    200
110,-0.534769833,0.469794744,-0.1555,-0.527552955,0.469794744,       141P    201
-0.168;                                                              141P    202
120,139,141,0.,6.28318530717959;                                     143P    203
126,1,1,1,0,1,0,0.,0.,1.,1.,1.,1.,0.,4.71238898,0.,0.,               145P    204
6.283185307,0.,0.,1.,0.,0.,1.;                                       145P    205
124,6.1230317691144E-017,1.,7.18907366753754E-015,                   147P    206
-1.06156457733328,1.,-6.12303176910938E-017,                         147P    207
-6.98296672221876E-015,1.06156457733328,-6.98296672221876E-015,      147P    208
7.18907366753754E-015,-1.,-0.311000000000006;                        147P    209
100,-0.1555,-0.591769833,0.469794744,-0.534769833,0.469794744,       149P    210
-0.591769833,0.526794744;                                            149P    211
126,1,1,1,0,1,0,0.,0.,1.,1.,1.,1.,0.,6.283185307,0.,1.,              151P    212
6.283185307,0.,0.,1.,0.,0.,1.;                                       151P    213
110,-0.534769833,0.469794744,-0.1555,-0.527552955,0.469794744,       153P    214
-0.168;                                                              153P    215
126,1,1,1,0,1,0,0.,0.,1.,1.,1.,1.,1.,6.283185307,0.,1.,              155P    216
4.71238898,0.,0.,1.,0.,0.,1.;                                        155P    217
100,-0.168,-0.591769833,0.469794744,-0.527552955,0.469794744,        157P    218
-0.591769833,0.534011623;                                            157P    219
126,1,1,1,0,1,0,0.,0.,1.,1.,1.,1.,1.,4.71238898,0.,0.,               159P    220
4.71238898,0.,0.,1.,0.,0.,1.;                                        159P    221
110,-0.591769833,0.534011623,-0.168,-0.591769833,0.526794744,        161P    222
-0.1555;                                                             161P    223
102,4,145,151,155,159;                                               163P    224
102,4,149,153,157,161;                                               165P    225
142,1,143,163,165,1;                                                 167P    226
144,143,1,0,167;                                                     169P    227
314,40.,56.8627450980392,87.4509803921569,;                          171P    228
128,1,1,1,1,0,0,1,0,0,0.,0.,1.,1.,0.,0.,1.,1.,1.,1.,1.,1.,           173P    229
-1.019769833,0.313794744,-0.1705,-1.019769833,0.313794744,           173P    230
0.1565,-1.019769833,0.640794744,-0.1705,-1.019769833,                173P    231
0.640794744,0.1565,0.,1.,0.,1.;                                      173P    232
126,1,1,1,0,1,0,0.,0.,1.,1.,1.,1.,0.697247706,0.95412844,0.,         175P    233
0.719317671,0.99235474,0.,0.,1.,0.,0.,1.;                            175P    234
110,-1.019769833,0.625794744,0.0575,-1.019769833,0.638294744,        177P    235
0.064716878;                                                         177P    236
126,2,2,1,0,1,0,0.,0.,0.,1.,1.,1.,1.,1.,1.,0.719317671,              179P    237
0.99235474,0.,0.721366212,0.995902918,0.,0.721366212,1.,0.,0.,       179P    238
1.,0.,0.,-1.;                                                        179P    239
124,5.64964575542558E-017,2.46059004506072E-017,-1.,                 181P    240
-0.959383081680324,-0.499999999999945,0.86602540378447,              181P    241
-6.93889390390725E-018,-0.424034699387515,0.86602540378447,          181P    242
0.499999999999945,6.12303176911189E-017,0.623135960606278;           181P    243
100,0.060386751,-1.019769833,0.640794744,-1.014769833,               183P    244
0.640794744,-1.015439706,0.643294744;                                183P    245
126,1,1,1,0,1,0,0.,0.,1.,1.,1.,1.,0.721366212,1.,0.,                 185P    246
0.324505348,1.,0.,0.,1.,0.,0.,1.;                                    185P    247
110,-1.019769833,0.640794744,0.065386751,-1.019769833,               187P    248
0.640794744,-0.064386751;                                            187P    249
126,2,2,1,0,1,0,0.,0.,0.,1.,1.,1.,1.,1.,1.,0.324505348,1.,0.,        189P    250
0.324505348,0.995902918,0.,0.326553889,0.99235474,0.,0.,1.,0.,       189P    251
0.,-1.;                                                              189P    252
124,-6.12303176911188E-017,6.93889390390811E-018,-1.,                191P    253
-1.07915658437222,-1.40814551859159E-014,-1.,                        191P    254
-6.93889390390725E-018,1.281589488614,-1.,                           191P    255
1.40814551859159E-014,6.12303176911189E-017,-1.07915658437223;       191P    256
100,-0.059386751,-1.019769833,0.640794744,-1.014769833,              193P    257
0.640794744,-1.015439706,0.643294744;                                193P    258
126,1,1,1,0,1,0,0.,0.,1.,1.,1.,1.,0.326553889,0.99235474,0.,         195P    259
0.348623853,0.95412844,0.,0.,1.,0.,0.,1.;                            195P    260
110,-1.019769833,0.638294744,-0.063716878,-1.019769833,              197P    261
0.625794744,-0.0565;                                                 197P    262
126,1,1,1,0,1,0,0.,0.,1.,1.,1.,1.,0.348623853,0.95412844,0.,         199P    263
0.288990826,0.95412844,0.,0.,1.,0.,0.,1.;                            199P    264
110,-1.019769833,0.625794744,-0.0565,-1.019769833,0.625794744,       201P    265
-0.076;                                                              201P    266
126,1,1,1,0,1,0,0.,0.,1.,1.,1.,1.,0.288990826,0.95412844,0.,         203P    267
0.04587156,0.95412844,0.,0.,1.,0.,0.,1.;                             203P    268
110,-1.019769833,0.625794744,-0.076,-1.019769833,0.625794744,        205P    269
-0.1555;                                                             205P    270
126,1,1,1,0,1,0,0.,0.,1.,1.,1.,1.,0.04587156,0.95412844,0.,          207P    271
0.04587156,0.711636868,0.,0.,1.,0.,0.,1.;                            207P    272
110,-1.019769833,0.625794744,-0.1555,-1.019769833,0.5465,            209P    273
-0.1555;                                                             209P    274
126,1,1,1,0,1,0,0.,0.,1.,1.,1.,1.,0.04587156,0.711636868,0.,         211P    275
0.04587156,0.651376147,0.,0.,1.,0.,0.,1.;                            211P    276
110,-1.019769833,0.5465,-0.1555,-1.019769833,0.526794744,            213P    277
-0.1555;                                                             213P    278
126,1,1,1,0,1,0,0.,0.,1.,1.,1.,1.,0.04587156,0.651376147,0.,         215P    279
0.00764526,0.673446111,0.,0.,1.,0.,0.,1.;                            215P    280
110,-1.019769833,0.526794744,-0.1555,-1.019769833,0.534011623,       217P    281
-0.168;                                                              217P    282
126,2,2,1,0,1,0,0.,0.,0.,1.,1.,1.,1.,1.,1.,0.00764526,               219P    283
0.673446111,0.,0.004097082,0.675494652,0.,0.,0.675494652,0.,0.,      219P    284
1.,0.,0.,-1.;                                                        219P    285
124,2.46059004506007E-017,-5.64964575542587E-017,-1.,                221P    286
-1.19026983302627,0.866025403784528,0.499999999999846,               221P    287
-6.93889390390725E-018,1.14798732924041,0.499999999999846,           221P    288
-0.866025403784528,6.12303176911189E-017,0.798102547663019;          221P    289
100,-0.1705,-1.019769833,0.529681496,-1.014769833,0.529681496,       223P    290
-1.015439706,0.532181496;                                            223P    291
126,1,1,1,0,1,0,0.,0.,1.,1.,1.,1.,0.,0.675494652,0.,0.,              225P    292
0.278633788,0.,0.,1.,0.,0.,1.;                                       225P    293
110,-1.019769833,0.534681496,-0.1705,-1.019769833,0.404907993,       227P    294
-0.1705;                                                             227P    295
126,2,2,1,0,1,0,0.,0.,0.,1.,1.,1.,1.,1.,1.,0.,0.278633788,0.,        229P    296
0.004097082,0.278633788,0.,0.00764526,0.280682329,0.,0.,1.,0.,       229P    297
0.,-1.;                                                              229P    298
124,6.93889390391142E-018,6.12303176911184E-017,-1.,                 231P    299
-1.19026983302627,-1.,6.81991084699324E-014,                         231P    300
-6.93889390390725E-018,-0.609861840065242,                           231P    301
6.81991084699324E-014,1.,6.12303176911189E-017,                      231P    302
-0.58040799296099;                                                   231P    303
100,-0.1705,-1.019769833,0.409907993,-1.014769833,0.409907993,       233P    304
-1.015439706,0.412407993;                                            233P    305
126,1,1,1,0,1,0,0.,0.,1.,1.,1.,1.,0.00764526,0.280682329,0.,         235P    306
0.04587156,0.302752294,0.,0.,1.,0.,0.,1.;                            235P    307
110,-1.019769833,0.405577866,-0.168,-1.019769833,0.412794744,        237P    308
-0.1555;                                                             237P    309
126,1,1,1,0,1,0,0.,0.,1.,1.,1.,1.,0.04587156,0.302752294,0.,         239P    310
0.04587156,0.243746959,0.,0.,1.,0.,0.,1.;                            239P    311
110,-1.019769833,0.412794744,-0.1555,-1.019769833,0.3935,            241P    312
-0.1555;                                                             241P    313
126,1,1,1,0,1,0,0.,0.,1.,1.,1.,1.,0.04587156,0.243746959,0.,         243P    314
0.04587156,0.,0.,0.,1.,0.,0.,1.;                                     243P    315
110,-1.019769833,0.3935,-0.1555,-1.019769833,0.313794744,            245P    316
-0.1555;                                                             245P    317
126,1,1,1,0,1,0,0.,0.,1.,1.,1.,1.,0.04587156,0.,0.,0.288990826,      247P    318
0.,0.,0.,1.,0.,0.,1.;                                                247P    319
110,-1.019769833,0.313794744,-0.1555,-1.019769833,0.313794744,       249P    320
-0.076;                                                              249P    321
126,1,1,1,0,1,0,0.,0.,1.,1.,1.,1.,0.288990826,0.,0.,                 251P    322
0.348623853,0.,0.,0.,1.,0.,0.,1.;                                    251P    323
110,-1.019769833,0.313794744,-0.076,-1.019769833,0.313794744,        253P    324
-0.0565;                                                             253P    325
126,1,1,1,0,1,0,0.,0.,1.,1.,1.,1.,0.348623853,0.,0.,                 255P    326
0.302718327,0.079510703,0.,0.,1.,0.,0.,1.;                           255P    327
110,-1.019769833,0.313794744,-0.0565,-1.019769833,0.339794744,       257P    328
-0.071511107;                                                        257P    329
126,1,1,1,0,1,0,0.,0.,1.,1.,1.,1.,0.302718327,0.079510703,0.,        259P    330
0.743153232,0.079510703,0.,0.,1.,0.,0.,1.;                           259P    331
110,-1.019769833,0.339794744,-0.071511107,-1.019769833,              261P    332
0.339794744,0.072511107;                                             261P    333
126,1,1,1,0,1,0,0.,0.,1.,1.,1.,1.,0.743153232,0.079510703,0.,        263P    334
0.697247706,0.,0.,0.,1.,0.,0.,1.;                                    263P    335
110,-1.019769833,0.339794744,0.072511107,-1.019769833,               265P    336
0.313794744,0.0575;                                                  265P    337
126,1,1,1,0,1,0,0.,0.,1.,1.,1.,1.,0.697247706,0.,0.,                 267P    338
0.756880734,0.,0.,0.,1.,0.,0.,1.;                                    267P    339
110,-1.019769833,0.313794744,0.0575,-1.019769833,0.313794744,        269P    340
0.077;                                                               269P    341
126,1,1,1,0,1,0,0.,0.,1.,1.,1.,1.,0.756880734,0.,0.,1.,0.,0.,        271P    342
0.,1.,0.,0.,1.;                                                      271P    343
110,-1.019769833,0.313794744,0.077,-1.019769833,0.313794744,         273P    344
0.1565;                                                              273P    345
126,1,1,1,0,1,0,0.,0.,1.,1.,1.,1.,1.,0.,0.,1.,0.243746959,0.,        275P    346
0.,1.,0.,0.,1.;                                                      275P    347
110,-1.019769833,0.313794744,0.1565,-1.019769833,0.3935,0.1565;      277P    348
126,1,1,1,0,1,0,0.,0.,1.,1.,1.,1.,1.,0.243746959,0.,1.,              279P    349
0.302752294,0.,0.,1.,0.,0.,1.;                                       279P    350
110,-1.019769833,0.3935,0.1565,-1.019769833,0.412794744,0.1565;      281P    351
126,1,1,1,0,1,0,0.,0.,1.,1.,1.,1.,1.,0.302752294,0.,                 283P    352
0.920489297,0.256846768,0.,0.,1.,0.,0.,1.;                           283P    353
110,-1.019769833,0.412794744,0.1565,-1.019769833,0.397783637,        285P    354
0.1305;                                                              285P    355
126,1,1,1,0,1,0,0.,0.,1.,1.,1.,1.,0.920489297,0.256846768,0.,        287P    356
0.920489297,0.697281673,0.,0.,1.,0.,0.,1.;                           287P    357
110,-1.019769833,0.397783637,0.1305,-1.019769833,0.541805851,        289P    358
0.1305;                                                              289P    359
126,1,1,1,0,1,0,0.,0.,1.,1.,1.,1.,0.920489297,0.697281673,0.,        291P    360
1.,0.651376147,0.,0.,1.,0.,0.,1.;                                    291P    361
110,-1.019769833,0.541805851,0.1305,-1.019769833,0.526794744,        293P    362
0.1565;                                                              293P    363
126,1,1,1,0,1,0,0.,0.,1.,1.,1.,1.,1.,0.651376147,0.,1.,              295P    364
0.711636868,0.,0.,1.,0.,0.,1.;                                       295P    365
110,-1.019769833,0.526794744,0.1565,-1.019769833,0.5465,0.1565;      297P    366
126,1,1,1,0,1,0,0.,0.,1.,1.,1.,1.,1.,0.711636868,0.,1.,              299P    367
0.95412844,0.,0.,1.,0.,0.,1.;                                        299P    368
110,-1.019769833,0.5465,0.1565,-1.019769833,0.625794744,0.1565;      301P    369
126,1,1,1,0,1,0,0.,0.,1.,1.,1.,1.,1.,0.95412844,0.,0.756880734,      303P    370
0.95412844,0.,0.,1.,0.,0.,1.;                                        303P    371
110,-1.019769833,0.625794744,0.1565,-1.019769833,0.625794744,        305P    372
0.077;                                                               305P    373
126,1,1,1,0,1,0,0.,0.,1.,1.,1.,1.,0.756880734,0.95412844,0.,         307P    374
0.697247706,0.95412844,0.,0.,1.,0.,0.,1.;                            307P    375
110,-1.019769833,0.625794744,0.077,-1.019769833,0.625794744,         309P    376
0.0575;                                                              309P    377
102,32,175,179,185,189,195,199,203,207,211,215,219,225,229,235,      311P    378
239,243,247,251,255,259,263,267,271,275,279,283,287,291,295,         311P    379
299,303,307;                                                         311P    380
102,32,177,183,187,193,197,201,205,209,213,217,223,227,233,237,      313P    381
241,245,249,253,257,261,265,269,273,277,281,285,289,293,297,         313P    382
301,305,309;                                                         313P    383
142,1,173,311,313,1;                                                 315P    384
126,1,1,1,0,1,0,0.,0.,1.,1.,1.,1.,0.599009045,0.51449531,0.,         317P    385
0.599009045,0.413390571,0.,0.,1.,0.,0.,1.;                           317P    386
110,-1.019769833,0.482034711,0.025375958,-1.019769833,               319P    387
0.448973461,0.025375958;                                             319P    388
126,1,1,1,0,1,0,0.,0.,1.,1.,1.,1.,0.599009045,0.413390571,0.,        321P    389
0.443804411,0.413390571,0.,0.,1.,0.,0.,1.;                           321P    390
110,-1.019769833,0.448973461,0.025375958,-1.019769833,               323P    391
0.448973461,-0.025375958;                                            323P    392
126,1,1,1,0,1,0,0.,0.,1.,1.,1.,1.,0.443804411,0.413390571,0.,        325P    393
0.443804411,0.51449531,0.,0.,1.,0.,0.,1.;                            325P    394
110,-1.019769833,0.448973461,-0.025375958,-1.019769833,              327P    395
0.482034711,-0.025375958;                                            327P    396
126,1,1,1,0,1,0,0.,0.,1.,1.,1.,1.,0.443804411,0.51449531,0.,         329P    397
0.599009045,0.51449531,0.,0.,1.,0.,0.,1.;                            329P    398
110,-1.019769833,0.482034711,-0.025375958,-1.019769833,              331P    399
0.482034711,0.025375958;                                             331P    400
102,4,317,321,325,329;                                               333P    401
102,4,319,323,327,331;                                               335P    402
142,1,173,333,335,1;                                                 337P    403
144,173,1,1,315,337;                                                 339P    404
314,72.5490196078431,72.5490196078431,0.,;                           341P    405
128,1,1,1,1,0,0,1,0,0,0.,0.,1.,1.,0.,0.,1.,1.,1.,1.,1.,1.,           343P    406
-1.042453836,0.049080969,-0.025375958,-1.042453836,0.049080969,      343P    407
0.025375958,-1.075453836,0.049080969,-0.025375958,-1.075453836,      343P    408
0.049080969,0.025375958,0.,1.,0.,1.;                                 343P    409
126,1,1,1,0,1,0,0.,0.,1.,1.,1.,1.,0.,1.,0.,0.,0.,0.,0.,1.,0.,        345P    410
0.,1.;                                                               345P    411
110,-1.075453836,0.049080969,-0.025375958,-1.042453836,              347P    412
0.049080969,-0.025375958;                                            347P    413
126,1,1,1,0,1,0,0.,0.,1.,1.,1.,1.,0.,0.,0.,1.,0.,0.,0.,1.,0.,        349P    414
0.,1.;                                                               349P    415
110,-1.042453836,0.049080969,-0.025375958,-1.042453836,              351P    416
0.049080969,0.025375958;                                             351P    417
126,1,1,1,0,1,0,0.,0.,1.,1.,1.,1.,1.,0.,0.,1.,1.,0.,0.,1.,0.,        353P    418
0.,1.;                                                               353P    419
110,-1.042453836,0.049080969,0.025375958,-1.075453836,               355P    420
0.049080969,0.025375958;                                             355P    421
126,1,1,1,0,1,0,0.,0.,1.,1.,1.,1.,1.,1.,0.,0.,1.,0.,0.,1.,0.,        357P    422
0.,1.;                                                               357P    423
110,-1.075453836,0.049080969,0.025375958,-1.075453836,               359P    424
0.049080969,-0.025375958;                                            359P    425
102,4,345,349,353,357;                                               361P    426
102,4,347,351,355,359;                                               363P    427
142,1,343,361,363,1;                                                 365P    428
144,343,1,0,365;                                                     367P    429
314,72.5490196078431,72.5490196078431,0.,;                           369P    430
128,1,1,1,1,0,0,1,0,0,0.,0.,1.,1.,0.,0.,1.,1.,1.,1.,1.,1.,           371P    431
-1.042453836,0.049080969,0.025375958,-1.042453836,0.049080969,       371P    432
-0.025375958,-1.042453836,0.424080969,0.025375958,-1.042453836,      371P    433
0.424080969,-0.025375958,0.,1.,0.,1.;                                371P    434
126,1,1,1,0,1,0,0.,0.,1.,1.,1.,1.,1.,1.,0.,0.,1.,0.,0.,1.,0.,        373P    435
0.,1.;                                                               373P    436
110,-1.042453836,0.424080969,-0.025375958,-1.042453836,              375P    437
0.424080969,0.025375958;                                             375P    438
126,1,1,1,0,1,0,0.,0.,1.,1.,1.,1.,0.,1.,0.,0.,0.,0.,0.,1.,0.,        377P    439
0.,1.;                                                               377P    440
110,-1.042453836,0.424080969,0.025375958,-1.042453836,               379P    441
0.049080969,0.025375958;                                             379P    442
126,1,1,1,0,1,0,0.,0.,1.,1.,1.,1.,0.,0.,0.,1.,0.,0.,0.,1.,0.,        381P    443
0.,1.;                                                               381P    444
110,-1.042453836,0.049080969,0.025375958,-1.042453836,               383P    445
0.049080969,-0.025375958;                                            383P    446
126,1,1,1,0,1,0,0.,0.,1.,1.,1.,1.,1.,0.,0.,1.,1.,0.,0.,1.,0.,        385P    447
0.,1.;                                                               385P    448
110,-1.042453836,0.049080969,-0.025375958,-1.042453836,              387P    449
0.424080969,-0.025375958;                                            387P    450
102,4,373,377,381,385;                                               389P    451
102,4,375,379,383,387;                                               391P    452
142,1,371,389,391,1;                                                 393P    453
144,371,1,0,393;                                                     395P    454
314,72.5490196078431,72.5490196078431,0.,;                           397P    455
128,1,1,1,1,0,0,1,0,0,0.,0.,1.,1.,0.,0.,1.,1.,1.,1.,1.,1.,           399P    456
-1.075453836,0.049080969,-0.025375958,-1.075453836,0.049080969,      399P    457
0.025375958,-1.075453836,0.424080969,-0.025375958,-1.075453836,      399P    458
0.424080969,0.025375958,0.,1.,0.,1.;                                 399P    459
126,1,1,1,0,1,0,0.,0.,1.,1.,1.,1.,1.,1.,0.,0.,1.,0.,0.,1.,0.,        401P    460
0.,1.;                                                               401P    461
110,-1.075453836,0.424080969,0.025375958,-1.075453836,               403P    462
0.424080969,-0.025375958;                                            403P    463
126,1,1,1,0,1,0,0.,0.,1.,1.,1.,1.,0.,1.,0.,0.,0.,0.,0.,1.,0.,        405P    464
0.,1.;                                                               405P    465
110,-1.075453836,0.424080969,-0.025375958,-1.075453836,              407P    466
0.049080969,-0.025375958;                                            407P    467
126,1,1,1,0,1,0,0.,0.,1.,1.,1.,1.,0.,0.,0.,1.,0.,0.,0.,1.,0.,        409P    468
0.,1.;                                                               409P    469
110,-1.075453836,0.049080969,-0.025375958,-1.075453836,              411P    470
0.049080969,0.025375958;                                             411P    471
126,1,1,1,0,1,0,0.,0.,1.,1.,1.,1.,1.,0.,0.,1.,1.,0.,0.,1.,0.,        413P    472
0.,1.;                                                               413P    473
110,-1.075453836,0.049080969,0.025375958,-1.075453836,               415P    474
0.424080969,0.025375958;                                             415P    475
102,4,401,405,409,413;                                               417P    476
102,4,403,407,411,415;                                               419P    477
142,1,399,417,419,1;                                                 421P    478
144,399,1,0,421;                                                     423P    479
314,72.5490196078431,72.5490196078431,0.,;                           425P    480
110,-1.017453836,0.424080969,-0.0695,-1.017453836,0.424080969,       427P    481
39.30057874;                                                         427P    482
110,-0.959453836,0.424080969,-0.025375958,-0.959453836,              429P    483
0.424080969,0.025375958;                                             429P    484
120,427,429,0.,6.28318530717959;                                     431P    485
126,1,1,1,0,1,0,0.,0.,1.,1.,1.,1.,1.,1.610737927,0.,0.,              433P    486
1.610737927,0.,0.,1.,0.,0.,1.;                                       433P    487
110,-1.019769833,0.482034711,0.025375958,-1.019769833,               435P    488
0.482034711,-0.025375958;                                            435P    489
126,1,1,1,0,1,0,0.,0.,1.,1.,1.,1.,0.,1.610737927,0.,0.,              437P    490
3.141592654,0.,0.,1.,0.,0.,1.;                                       437P    491
100,-0.025375958,-1.017453836,0.424080969,-1.019769833,              439P    492
0.482034711,-1.075453836,0.424080969;                                439P    493
126,1,1,1,0,1,0,0.,0.,1.,1.,1.,1.,0.,3.141592654,0.,1.,              441P    494
3.141592654,0.,0.,1.,0.,0.,1.;                                       441P    495
110,-1.075453836,0.424080969,-0.025375958,-1.075453836,              443P    496
0.424080969,0.025375958;                                             443P    497
126,1,1,1,0,1,0,0.,0.,1.,1.,1.,1.,1.,3.141592654,0.,1.,              445P    498
1.610737927,0.,0.,1.,0.,0.,1.;                                       445P    499
124,-1.,3.0739299994309E-015,6.97739738967513E-015,                  447P    500
-2.03490767230169,3.11556336285435E-015,1.,                          447P    501
2.78836708790933E-016,3.18410710088102E-015,                         447P    502
-6.97739738967513E-015,2.78836708790955E-016,-1.,                    447P    503
0.050751915272583;                                                   447P    504
100,0.025375958,-1.017453836,0.424080969,-0.959453836,               449P    505
0.424080969,-1.015137839,0.482034711;                                449P    506
102,4,433,437,441,445;                                               451P    507
102,4,435,439,443,449;                                               453P    508
142,1,431,451,453,1;                                                 455P    509
144,431,1,0,455;                                                     457P    510
314,72.5490196078431,72.5490196078431,0.,;                           459P    511
110,-1.017453836,0.424080969,-0.0695,-1.017453836,0.424080969,       461P    512
39.30057874;                                                         461P    513
110,-0.992453836,0.424080969,-0.025375958,-0.992453836,              463P    514
0.424080969,0.025375958;                                             463P    515
120,461,463,0.,6.28318530717959;                                     465P    516
126,1,1,1,0,1,0,0.,0.,1.,1.,1.,1.,0.,1.663569224,0.,0.,              467P    517
3.141592654,0.,0.,1.,0.,0.,1.;                                       467P    518
100,-0.025375958,-1.017453836,0.424080969,-1.019769833,              469P    519
0.448973461,-1.042453836,0.424080969;                                469P    520
126,1,1,1,0,1,0,0.,0.,1.,1.,1.,1.,0.,3.141592654,0.,1.,              471P    521
3.141592654,0.,0.,1.,0.,0.,1.;                                       471P    522
110,-1.042453836,0.424080969,-0.025375958,-1.042453836,              473P    523
0.424080969,0.025375958;                                             473P    524
126,1,1,1,0,1,0,0.,0.,1.,1.,1.,1.,1.,3.141592654,0.,1.,              475P    525
1.663569224,0.,0.,1.,0.,0.,1.;                                       475P    526
124,-1.,7.105427357601E-015,6.95293773358565E-015,                   477P    527
-2.03490767230169,7.13318293321663E-015,1.,                          477P    528
6.46901164394965E-016,7.24314002243861E-015,                         477P    529
-6.95293773358564E-015,6.46901164395014E-016,-1.,                    477P    530
0.0507519152725829;                                                  477P    531
100,0.025375958,-1.017453836,0.424080969,-0.992453836,               479P    532
0.424080969,-1.015137839,0.448973461;                                479P    533
126,1,1,1,0,1,0,0.,0.,1.,1.,1.,1.,1.,1.663569224,0.,0.,              481P    534
1.663569224,0.,0.,1.,0.,0.,1.;                                       481P    535
110,-1.019769833,0.448973461,0.025375958,-1.019769833,               483P    536
0.448973461,-0.025375958;                                            483P    537
102,4,467,471,475,481;                                               485P    538
102,4,469,473,479,483;                                               487P    539
142,1,465,485,487,1;                                                 489P    540
144,465,1,0,489;                                                     491P    541
314,72.5490196078431,72.5490196078431,0.,;                           493P    542
128,1,1,1,1,0,0,1,0,0,0.,0.,1.,1.,0.,0.,1.,1.,1.,1.,1.,1.,           495P    543
-1.019769833,0.049080969,-0.025375958,-1.075453836,0.049080969,      495P    544
-0.025375958,-1.019769833,0.484632433,-0.025375958,                  495P    545
-1.075453836,0.484632433,-0.025375958,0.,1.,0.,1.;                   495P    546
126,1,1,1,0,1,0,0.,0.,1.,1.,1.,1.,0.,0.994035785,0.,0.,              497P    547
0.918129142,0.,0.,1.,0.,0.,1.;                                       497P    548
110,-1.019769833,0.482034711,-0.025375958,-1.019769833,              499P    549
0.448973461,-0.025375958;                                            499P    550
126,8,2,1,0,1,0,0.,0.,0.,0.25,0.25,0.5,0.5,0.75,0.75,1.,1.,1.,       501P    551
1.,1.,1.,1.,1.,1.,1.,1.,1.,0.,0.918129142,0.,0.083543054,            501P    552
0.917135406,0.,0.158640248,0.912351343,0.,0.233737441,               501P    553
0.907567279,0.,0.290251542,0.89963868,0.,0.346765644,                501P    554
0.891710081,0.,0.377067919,0.881707212,0.,0.407370193,               501P    555
0.871704344,0.,0.407370193,0.860977476,0.,0.,1.,0.,0.,1.;            501P    556
100,-0.025375958,-1.017453836,0.424080969,-1.019769833,              503P    557
0.448973461,-1.042453836,0.424080969;                                503P    558
126,1,1,1,0,1,0,0.,0.,1.,1.,1.,1.,0.407370193,0.860977476,0.,        505P    559
0.407370193,0.,0.,0.,1.,0.,0.,1.;                                    505P    560
110,-1.042453836,0.424080969,-0.025375958,-1.042453836,              507P    561
0.049080969,-0.025375958;                                            507P    562
126,1,1,1,0,1,0,0.,0.,1.,1.,1.,1.,0.407370193,0.,0.,1.,0.,0.,        509P    563
0.,1.,0.,0.,1.;                                                      509P    564
110,-1.042453836,0.049080969,-0.025375958,-1.075453836,              511P    565
0.049080969,-0.025375958;                                            511P    566
126,1,1,1,0,1,0,0.,0.,1.,1.,1.,1.,1.,0.,0.,1.,0.860977476,0.,        513P    567
0.,1.,0.,0.,1.;                                                      513P    568
110,-1.075453836,0.049080969,-0.025375958,-1.075453836,              515P    569
0.424080969,-0.025375958;                                            515P    570
126,16,2,1,0,1,0,0.,0.,0.,0.125,0.125,0.25,0.25,0.375,0.375,         517P    571
0.5,0.5,0.625,0.625,0.75,0.75,0.875,0.875,1.,1.,1.,1.,1.,1.,1.,      517P    572
1.,1.,1.,1.,1.,1.,1.,1.,1.,1.,1.,1.,1.,1.,0.860977476,0.,1.,         517P    573
0.873757468,0.,0.980987908,0.886304187,0.,0.961975817,               517P    574
0.898850907,0.,0.924645686,0.910706326,0.,0.887315555,               517P    575
0.922561745,0.,0.833030152,0.933293072,0.,0.77874475,                517P    576
0.944024398,0.,0.70948581,0.953239875,0.,0.64022687,                 517P    577
0.962455353,0.,0.558522749,0.969818563,0.,0.476818628,               517P    578
0.977181772,0.,0.385652003,0.982423915,0.,0.294485378,               517P    579
0.987666057,0.,0.197184363,0.990595762,0.,0.099883349,               517P    580
0.993525468,0.,0.,0.994035785,0.,0.,1.,0.,0.,-1.;                    517P    581
124,-1.,3.0739299994309E-015,6.97739738967513E-015,                  519P    582
-2.03490767230169,3.11556336285435E-015,1.,                          519P    583
2.78836708790933E-016,3.21241009491991E-015,                         519P    584
-6.97739738967513E-015,2.78836708790955E-016,-1.,                    519P    585
-0.050751915272601;                                                  519P    586
100,-0.025375958,-1.017453836,0.424080969,-0.959453836,              521P    587
0.424080969,-1.015137839,0.482034711;                                521P    588
102,6,497,501,505,509,513,517;                                       523P    589
102,6,499,503,507,511,515,521;                                       525P    590
142,1,495,523,525,1;                                                 527P    591
144,495,1,0,527;                                                     529P    592
314,72.5490196078431,72.5490196078431,0.,;                           531P    593
128,1,1,1,1,0,0,1,0,0,0.,0.,1.,1.,0.,0.,1.,1.,1.,1.,1.,1.,           533P    594
-1.019769833,0.049080969,0.025375958,-1.075453836,0.049080969,       533P    595
0.025375958,-1.019769833,0.484632433,0.025375958,-1.075453836,       533P    596
0.484632433,0.025375958,0.,1.,0.,1.;                                 533P    597
126,1,1,1,0,1,0,0.,0.,1.,1.,1.,1.,0.407370193,0.860977476,0.,        535P    598
0.407370193,0.,0.,0.,1.,0.,0.,1.;                                    535P    599
110,-1.042453836,0.424080969,0.025375958,-1.042453836,               537P    600
0.049080969,0.025375958;                                             537P    601
126,1,1,1,0,1,0,0.,0.,1.,1.,1.,1.,0.407370193,0.,0.,1.,0.,0.,        539P    602
0.,1.,0.,0.,1.;                                                      539P    603
110,-1.042453836,0.049080969,0.025375958,-1.075453836,               541P    604
0.049080969,0.025375958;                                             541P    605
126,1,1,1,0,1,0,0.,0.,1.,1.,1.,1.,1.,0.,0.,1.,0.860977476,0.,        543P    606
0.,1.,0.,0.,1.;                                                      543P    607
110,-1.075453836,0.049080969,0.025375958,-1.075453836,               545P    608
0.424080969,0.025375958;                                             545P    609
126,16,2,1,0,1,0,0.,0.,0.,0.125,0.125,0.25,0.25,0.375,0.375,         547P    610
0.5,0.5,0.625,0.625,0.75,0.75,0.875,0.875,1.,1.,1.,1.,1.,1.,1.,      547P    611
1.,1.,1.,1.,1.,1.,1.,1.,1.,1.,1.,1.,1.,1.,0.860977476,0.,1.,         547P    612
0.873757468,0.,0.980987908,0.886304187,0.,0.961975817,               547P    613
0.898850907,0.,0.924645686,0.910706326,0.,0.887315555,               547P    614
0.922561745,0.,0.833030152,0.933293072,0.,0.77874475,                547P    615
0.944024398,0.,0.70948581,0.953239875,0.,0.64022687,                 547P    616
0.962455353,0.,0.558522749,0.969818563,0.,0.476818628,               547P    617
0.977181772,0.,0.385652003,0.982423915,0.,0.294485378,               547P    618
0.987666057,0.,0.197184363,0.990595762,0.,0.099883349,               547P    619
0.993525468,0.,0.,0.994035785,0.,0.,1.,0.,0.,-1.;                    547P    620
124,-1.,3.0739299994309E-015,6.97739738967513E-015,                  549P    621
-2.03490767230169,3.11556336285435E-015,1.,                          549P    622
2.78836708790933E-016,3.18410710088102E-015,                         549P    623
-6.97739738967513E-015,2.78836708790955E-016,-1.,                    549P    624
0.050751915272583;                                                   549P    625
100,0.025375958,-1.017453836,0.424080969,-0.959453836,               551P    626
0.424080969,-1.015137839,0.482034711;                                551P    627
126,1,1,1,0,1,0,0.,0.,1.,1.,1.,1.,0.,0.994035785,0.,0.,              553P    628
0.918129142,0.,0.,1.,0.,0.,1.;                                       553P    629
110,-1.019769833,0.482034711,0.025375958,-1.019769833,               555P    630
0.448973461,0.025375958;                                             555P    631
126,8,2,1,0,1,0,0.,0.,0.,0.25,0.25,0.5,0.5,0.75,0.75,1.,1.,1.,       557P    632
1.,1.,1.,1.,1.,1.,1.,1.,1.,0.,0.918129142,0.,0.083543054,            557P    633
0.917135406,0.,0.158640248,0.912351343,0.,0.233737441,               557P    634
0.907567279,0.,0.290251542,0.89963868,0.,0.346765644,                557P    635
0.891710081,0.,0.377067919,0.881707212,0.,0.407370193,               557P    636
0.871704344,0.,0.407370193,0.860977476,0.,0.,1.,0.,0.,1.;            557P    637
100,0.025375958,-1.017453836,0.424080969,-1.019769833,               559P    638
0.448973461,-1.042453836,0.424080969;                                559P    639
102,6,535,539,543,547,553,557;                                       561P    640
102,6,537,541,545,551,555,559;                                       563P    641
142,1,533,561,563,1;                                                 565P    642
144,533,1,0,565;                                                     567P    643
314,40.,56.8627450980392,87.4509803921569,;                          569P    644
128,1,1,1,1,0,0,1,0,0,0.,0.,1.,1.,0.,0.,1.,1.,1.,1.,1.,1.,           571P    645
-0.363769833,0.587794744,0.1185,-0.363769833,0.587794744,            571P    646
-0.1175,-0.363769833,0.469794744,0.1185,-0.363769833,                571P    647
0.469794744,-0.1175,0.,1.,0.,1.;                                     571P    648
126,1,1,1,0,1,0,0.,0.,1.,1.,1.,1.,0.207627119,1.,0.,0.,1.,0.,        573P    649
0.,1.,0.,0.,1.;                                                      573P    650
110,-0.363769833,0.469794744,0.0695,-0.363769833,0.469794744,        575P    651
0.1185;                                                              575P    652
126,1,1,1,0,1,0,0.,0.,1.,1.,1.,1.,0.,1.,0.,0.,0.,0.,0.,1.,0.,        577P    653
0.,1.;                                                               577P    654
110,-0.363769833,0.469794744,0.1185,-0.363769833,0.587794744,        579P    655
0.1185;                                                              579P    656
126,1,1,1,0,1,0,0.,0.,1.,1.,1.,1.,0.,0.,0.,1.,0.,0.,0.,1.,0.,        581P    657
0.,1.;                                                               581P    658
110,-0.363769833,0.587794744,0.1185,-0.363769833,0.587794744,        583P    659
-0.1175;                                                             583P    660
126,1,1,1,0,1,0,0.,0.,1.,1.,1.,1.,1.,0.,0.,1.,1.,0.,0.,1.,0.,        585P    661
0.,1.;                                                               585P    662
110,-0.363769833,0.587794744,-0.1175,-0.363769833,0.469794744,       587P    663
-0.1175;                                                             587P    664
126,1,1,1,0,1,0,0.,0.,1.,1.,1.,1.,1.,1.,0.,0.796610169,1.,0.,        589P    665
0.,1.,0.,0.,1.;                                                      589P    666
110,-0.363769833,0.469794744,-0.1175,-0.363769833,0.469794744,       591P    667
-0.0695;                                                             591P    668
126,1,1,1,0,1,0,0.,0.,1.,1.,1.,1.,0.796610169,1.,0.,                 593P    669
0.796610169,0.895879452,0.,0.,1.,0.,0.,1.;                           593P    670
110,-0.363769833,0.469794744,-0.0695,-0.363769833,0.482080969,       595P    671
-0.0695;                                                             595P    672
126,1,1,1,0,1,0,0.,0.,1.,1.,1.,1.,0.796610169,0.895879452,0.,        597P    673
0.59568726,0.895879452,0.,0.,1.,0.,0.,1.;                            597P    674
110,-0.363769833,0.482080969,-0.0695,-0.363769833,0.482080969,       599P    675
-0.022082193;                                                        599P    676
126,1,1,1,0,1,0,0.,0.,1.,1.,1.,1.,0.59568726,0.895879452,0.,         601P    677
0.59568726,0.80835371,0.,0.,1.,0.,0.,1.;                             601P    678
110,-0.363769833,0.482080969,-0.022082193,-0.363769833,              603P    679
0.492409007,-0.022082193;                                            603P    680
126,1,1,1,0,1,0,0.,0.,1.,1.,1.,1.,0.59568726,0.80835371,0.,          605P    681
0.408550028,0.80835371,0.,0.,1.,0.,0.,1.;                            605P    682
110,-0.363769833,0.492409007,-0.022082193,-0.363769833,              607P    683
0.492409007,0.022082193;                                             607P    684
126,1,1,1,0,1,0,0.,0.,1.,1.,1.,1.,0.408550028,0.80835371,0.,         609P    685
0.408550028,0.895879452,0.,0.,1.,0.,0.,1.;                           609P    686
110,-0.363769833,0.492409007,0.022082193,-0.363769833,               611P    687
0.482080969,0.022082193;                                             611P    688
126,1,1,1,0,1,0,0.,0.,1.,1.,1.,1.,0.408550028,0.895879452,0.,        613P    689
0.207627119,0.895879452,0.,0.,1.,0.,0.,1.;                           613P    690
110,-0.363769833,0.482080969,0.022082193,-0.363769833,               615P    691
0.482080969,0.0695;                                                  615P    692
126,1,1,1,0,1,0,0.,0.,1.,1.,1.,1.,0.207627119,0.895879452,0.,        617P    693
0.207627119,1.,0.,0.,1.,0.,0.,1.;                                    617P    694
110,-0.363769833,0.482080969,0.0695,-0.363769833,0.469794744,        619P    695
0.0695;                                                              619P    696
102,12,573,577,581,585,589,593,597,601,605,609,613,617;              621P    697
102,12,575,579,583,587,591,595,599,603,607,611,615,619;              623P    698
142,1,571,621,623,1;                                                 625P    699
144,571,1,0,625;                                                     627P    700
314,40.,56.8627450980392,87.4509803921569,;                          629P    701
128,1,1,1,1,0,0,1,0,0,0.,0.,1.,1.,0.,0.,1.,1.,1.,1.,1.,1.,           631P    702
-0.363769833,0.469794744,0.150775175,-0.363769833,0.469794744,       631P    703
-0.149775175,-0.363769833,0.31951957,0.150775175,-0.363769833,       631P    704
0.31951957,-0.149775175,0.,1.,0.,1.;                                 631P    705
126,1,1,1,0,1,0,0.,0.,1.,1.,1.,1.,1.,0.,0.,1.,1.,0.,0.,1.,0.,        633P    706
0.,1.;                                                               633P    707
110,-0.363769833,0.469794744,-0.149775175,-0.363769833,              635P    708
0.31951957,-0.149775175;                                             635P    709
126,1,1,1,0,1,0,0.,0.,1.,1.,1.,1.,1.,1.,0.,0.,1.,0.,0.,1.,0.,        637P    710
0.,1.;                                                               637P    711
110,-0.363769833,0.31951957,-0.149775175,-0.363769833,               639P    712
0.31951957,0.150775175;                                              639P    713
126,1,1,1,0,1,0,0.,0.,1.,1.,1.,1.,0.,1.,0.,0.,0.,0.,0.,1.,0.,        641P    714
0.,1.;                                                               641P    715
110,-0.363769833,0.31951957,0.150775175,-0.363769833,                643P    716
0.469794744,0.150775175;                                             643P    717
126,1,1,1,0,1,0,0.,0.,1.,1.,1.,1.,0.,0.,0.,0.076353936,0.,0.,        645P    718
0.,1.,0.,0.,1.;                                                      645P    719
110,-0.363769833,0.469794744,0.150775175,-0.363769833,               647P    720
0.469794744,0.127826973;                                             647P    721
126,1,1,1,0,1,0,0.,0.,1.,1.,1.,1.,0.076353936,0.,0.,                 649P    722
0.076353936,0.69093261,0.,0.,1.,0.,0.,1.;                            649P    723
110,-0.363769833,0.469794744,0.127826973,-0.363769833,               651P    724
0.365964726,0.127826973;                                             651P    725
126,4,2,1,0,1,0,0.,0.,0.,0.5,0.5,1.,1.,1.,1.,1.,1.,1.,1.,            653P    726
0.076353936,0.69093261,0.,0.076353936,0.717404457,0.,                653P    727
0.081418174,0.741858941,0.,0.086482411,0.766313426,0.,               653P    728
0.095840198,0.785028998,0.,0.,1.,0.,0.,1.;                           653P    729
126,3,3,1,0,0,0,0.,0.,0.,0.,1.,1.,1.,1.,1.,0.949272446589429,        655P    730
0.949272446589429,1.,-0.363769833,0.365964726,0.127826973,           655P    731
-0.363769833,0.360589783,0.127826973,-0.363769833,0.355624454,       655P    732
0.125770449,-0.363769833,0.351824374,0.12197037,0.,1.,-1.,0.,        655P    733
0.;                                                                  655P    734
126,4,2,1,0,1,0,0.,0.,0.,0.5,0.5,1.,1.,1.,1.,1.,1.,1.,1.,            657P    735
0.095840198,0.785028998,0.,0.105197984,0.803744571,0.,               657P    736
0.117425226,0.813873046,0.,0.129652468,0.824001522,0.,               657P    737
0.142888392,0.824001522,0.,0.,1.,0.,0.,1.;                           657P    738
126,3,3,1,0,0,0,0.,0.,0.,0.,1.,1.,1.,1.,1.,0.949272446589425,        659P    739
0.949272446589425,1.,-0.363769833,0.351824374,0.12197037,            659P    740
-0.363769833,0.348024295,0.11817029,-0.363769833,0.345967772,        659P    741
0.113204961,-0.363769833,0.345967772,0.107830019,0.,1.,-1.,0.,       659P    742
0.;                                                                  659P    743
126,1,1,1,0,1,0,0.,0.,1.,1.,1.,1.,0.142888392,0.824001522,0.,        661P    744
0.857111608,0.824001522,0.,0.,1.,0.,0.,1.;                           661P    745
110,-0.363769833,0.345967772,0.107830019,-0.363769833,               663P    746
0.345967772,-0.106830019;                                            663P    747
126,4,2,1,0,1,0,0.,0.,0.,0.5,0.5,1.,1.,1.,1.,1.,1.,1.,1.,            665P    748
0.857111608,0.824001522,0.,0.870347532,0.824001522,0.,               665P    749
0.882574774,0.813873046,0.,0.894802016,0.803744571,0.,               665P    750
0.904159802,0.785028998,0.,0.,1.,0.,0.,1.;                           665P    751
126,3,3,1,0,0,0,0.,0.,0.,0.,1.,1.,1.,1.,1.,0.949272446589434,        667P    752
0.949272446589434,1.,-0.363769833,0.345967772,-0.106830019,          667P    753
-0.363769833,0.345967772,-0.112204961,-0.363769833,0.348024295,      667P    754
-0.11717029,-0.363769833,0.351824374,-0.12097037,0.,1.,-1.,0.,       667P    755
0.;                                                                  667P    756
126,4,2,1,0,1,0,0.,0.,0.,0.5,0.5,1.,1.,1.,1.,1.,1.,1.,1.,            669P    757
0.904159802,0.785028998,0.,0.913517589,0.766313426,0.,               669P    758
0.918581826,0.741858941,0.,0.923646064,0.717404457,0.,               669P    759
0.923646064,0.69093261,0.,0.,1.,0.,0.,1.;                            669P    760
126,3,3,1,0,0,0,0.,0.,0.,0.,1.,1.,1.,1.,1.,0.949272446589431,        671P    761
0.949272446589431,1.,-0.363769833,0.351824374,-0.12097037,           671P    762
-0.363769833,0.355624454,-0.124770449,-0.363769833,0.360589783,      671P    763
-0.126826973,-0.363769833,0.365964726,-0.126826973,0.,1.,-1.,        671P    764
0.,0.;                                                               671P    765
126,1,1,1,0,1,0,0.,0.,1.,1.,1.,1.,0.923646064,0.69093261,0.,         673P    766
0.923646064,0.,0.,0.,1.,0.,0.,1.;                                    673P    767
110,-0.363769833,0.365964726,-0.126826973,-0.363769833,              675P    768
0.469794744,-0.126826973;                                            675P    769
126,1,1,1,0,1,0,0.,0.,1.,1.,1.,1.,0.923646064,0.,0.,1.,0.,0.,        677P    770
0.,1.,0.,0.,1.;                                                      677P    771
110,-0.363769833,0.469794744,-0.126826973,-0.363769833,              679P    772
0.469794744,-0.149775175;                                            679P    773
102,12,633,637,641,645,649,653,657,661,665,669,673,677;              681P    774
102,12,635,639,643,647,651,655,659,663,667,671,675,679;              683P    775
142,1,631,681,683,1;                                                 685P    776
144,631,1,0,685;                                                     687P    777
314,40.,56.8627450980392,87.4509803921569,;                          689P    778
128,1,1,1,1,0,0,1,0,0,0.,0.,1.,1.,0.,0.,1.,1.,1.,1.,1.,1.,           691P    779
-1.019769833,0.5465,0.1565,-0.519769833,0.5465,0.1565,               691P    780
-1.019769833,0.3935,0.1565,-0.519769833,0.3935,0.1565,0.,1.,0.,      691P    781
1.;                                                                  691P    782
126,1,1,1,0,1,0,0.,0.,1.,1.,1.,1.,0.,0.128792521,0.,0.,0.,0.,        693P    783
0.,1.,0.,0.,1.;                                                      693P    784
110,-1.019769833,0.526794744,0.1565,-1.019769833,0.5465,0.1565;      695P    785
126,1,1,1,0,1,0,0.,0.,1.,1.,1.,1.,0.,0.,0.,1.,0.,0.,0.,1.,0.,        697P    786
0.,1.;                                                               697P    787
110,-1.019769833,0.5465,0.1565,-0.519769833,0.5465,0.1565;           699P    788
126,1,1,1,0,1,0,0.,0.,1.,1.,1.,1.,1.,0.,0.,1.,1.,0.,0.,1.,0.,        701P    789
0.,1.;                                                               701P    790
110,-0.519769833,0.5465,0.1565,-0.519769833,0.3935,0.1565;           703P    791
126,1,1,1,0,1,0,0.,0.,1.,1.,1.,1.,1.,1.,0.,0.,1.,0.,0.,1.,0.,        705P    792
0.,1.;                                                               705P    793
110,-0.519769833,0.3935,0.1565,-1.019769833,0.3935,0.1565;           707P    794
126,1,1,1,0,1,0,0.,0.,1.,1.,1.,1.,0.,1.,0.,0.,0.87389056,0.,0.,      709P    795
1.,0.,0.,1.;                                                         709P    796
110,-1.019769833,0.3935,0.1565,-1.019769833,0.412794744,0.1565;      711P    797
126,1,1,1,0,1,0,0.,0.,1.,1.,1.,1.,0.,0.87389056,0.,0.856,            713P    798
0.87389056,0.,0.,1.,0.,0.,1.;                                        713P    799
110,-1.019769833,0.412794744,0.1565,-0.591769833,0.412794744,        715P    800
0.1565;                                                              715P    801
126,32,2,1,0,1,0,0.,0.,0.,0.0625,0.0625,0.125,0.125,0.1875,          717P    802
0.1875,0.25,0.25,0.3125,0.3125,0.375,0.375,0.4375,0.4375,0.5,        717P    803
0.5,0.5625,0.5625,0.625,0.625,0.6875,0.6875,0.75,0.75,0.8125,        717P    804
0.8125,0.875,0.875,0.9375,0.9375,1.,1.,1.,1.,1.,1.,1.,1.,1.,1.,      717P    805
1.,1.,1.,1.,1.,1.,1.,1.,1.,1.,1.,1.,1.,1.,1.,1.,1.,1.,1.,1.,1.,      717P    806
1.,1.,1.,1.,1.,0.856,0.87389056,0.,0.86722802,0.87389056,0.,         717P    807
0.878240297,0.866732135,0.,0.889252573,0.85957371,0.,                717P    808
0.899625911,0.845531955,0.,0.909999249,0.831490199,0.,               717P    809
0.919335007,0.811104729,0.,0.928670764,0.79071926,0.,                717P    810
0.936610173,0.764773479,0.,0.944549582,0.738827697,0.,               717P    811
0.950787536,0.708318686,0.,0.957025489,0.677809675,0.,               717P    812
0.961322267,0.643909878,0.,0.965619044,0.610010081,0.,               717P    813
0.967809522,0.574022249,0.,0.97,0.538034416,0.,0.97,0.50134154,      717P    814
0.,0.97,0.464648665,0.,0.967809522,0.428660832,0.,0.965619044,       717P    815
0.392673,0.,0.961322267,0.358773203,0.,0.957025489,0.324873406,      717P    816
0.,0.950787536,0.294364395,0.,0.944549582,0.263855384,0.,            717P    817
0.936610173,0.237909602,0.,0.928670764,0.211963821,0.,               717P    818
0.919335007,0.191578352,0.,0.909999249,0.171192882,0.,               717P    819
0.899625911,0.157151126,0.,0.889252573,0.143109371,0.,               717P    820
0.878240297,0.135950946,0.,0.86722802,0.128792521,0.,0.856,          717P    821
0.128792521,0.,0.,1.,0.,0.,1.;                                       717P    822
100,0.1565,-0.591769833,0.469794744,-0.591769833,0.412794744,        719P    823
-0.591769833,0.526794744;                                            719P    824
126,1,1,1,0,1,0,0.,0.,1.,1.,1.,1.,0.856,0.128792521,0.,0.,           721P    825
0.128792521,0.,0.,1.,0.,0.,1.;                                       721P    826
110,-0.591769833,0.526794744,0.1565,-1.019769833,0.526794744,        723P    827
0.1565;                                                              723P    828
102,8,693,697,701,705,709,713,717,721;                               725P    829
102,8,695,699,703,707,711,715,719,723;                               727P    830
142,1,691,725,727,1;                                                 729P    831
144,691,1,0,729;                                                     731P    832
314,40.,56.8627450980392,87.4509803921569,;                          733P    833
128,1,1,1,1,0,0,1,0,0,0.,0.,1.,1.,0.,0.,1.,1.,1.,1.,1.,1.,           735P    834
-0.519769833,0.313794744,-0.076,-1.019769833,0.313794744,            735P    835
-0.076,-0.519769833,0.313794744,0.077,-1.019769833,0.313794744,      735P    836
0.077,0.,1.,0.,1.;                                                   735P    837
126,1,1,1,0,1,0,0.,0.,1.,1.,1.,1.,1.,0.87254902,0.,1.,1.,0.,0.,      737P    838
1.,0.,0.,1.;                                                         737P    839
110,-1.019769833,0.313794744,0.0575,-1.019769833,0.313794744,        739P    840
0.077;                                                               739P    841
126,1,1,1,0,1,0,0.,0.,1.,1.,1.,1.,1.,1.,0.,0.,1.,0.,0.,1.,0.,        741P    842
0.,1.;                                                               741P    843
110,-1.019769833,0.313794744,0.077,-0.519769833,0.313794744,         743P    844
0.077;                                                               743P    845
126,1,1,1,0,1,0,0.,0.,1.,1.,1.,1.,0.,1.,0.,0.,0.,0.,0.,1.,0.,        745P    846
0.,1.;                                                               745P    847
110,-0.519769833,0.313794744,0.077,-0.519769833,0.313794744,         747P    848
-0.076;                                                              747P    849
126,1,1,1,0,1,0,0.,0.,1.,1.,1.,1.,0.,0.,0.,1.,0.,0.,0.,1.,0.,        749P    850
0.,1.;                                                               749P    851
110,-0.519769833,0.313794744,-0.076,-1.019769833,0.313794744,        751P    852
-0.076;                                                              751P    853
126,1,1,1,0,1,0,0.,0.,1.,1.,1.,1.,1.,0.,0.,1.,0.12745098,0.,0.,      753P    854
1.,0.,0.,1.;                                                         753P    855
110,-1.019769833,0.313794744,-0.076,-1.019769833,0.313794744,        755P    856
-0.0565;                                                             755P    857
126,1,1,1,0,1,0,0.,0.,1.,1.,1.,1.,1.,0.12745098,0.,0.144,            757P    858
0.12745098,0.,0.,1.,0.,0.,1.;                                        757P    859
110,-1.019769833,0.313794744,-0.0565,-0.591769833,0.313794744,       759P    860
-0.0565;                                                             759P    861
126,16,2,1,0,1,0,0.,0.,0.,0.125,0.125,0.25,0.25,0.375,0.375,         761P    862
0.5,0.5,0.625,0.625,0.75,0.75,0.875,0.875,1.,1.,1.,1.,1.,1.,1.,      761P    863
1.,1.,1.,1.,1.,1.,1.,1.,1.,1.,1.,1.,1.,0.144,0.12745098,0.,          761P    864
0.13277198,0.12745098,0.,0.121759703,0.134609405,0.,                 761P    865
0.110747427,0.14176783,0.,0.100374089,0.155809586,0.,                761P    866
0.090000751,0.169851342,0.,0.080664993,0.190236811,0.,               761P    867
0.071329236,0.210622281,0.,0.063389827,0.236568062,0.,               761P    868
0.055450418,0.262513843,0.,0.049212464,0.293022854,0.,               761P    869
0.042974511,0.323531866,0.,0.038677733,0.357431662,0.,               761P    870
0.034380956,0.391331459,0.,0.032190478,0.427319292,0.,0.03,          761P    871
0.463307124,0.,0.03,0.5,0.,0.,1.,0.,0.,1.;                           761P    872
124,1.23879852824637E-013,1.,-3.2712786984932E-015,                  763P    873
-0.905564577333202,-6.12303176915241E-017,                           763P    874
-3.27127869849319E-015,-1.,0.314294744307004,-1.,                    763P    875
1.23879852824637E-013,6.12303176911189E-017,-0.591269833026312;      763P    876
100,0.0005,-0.591769833,0.313794744,-0.534769833,0.313794744,        765P    877
-0.591769833,0.370794744;                                            765P    878
126,16,2,1,0,1,0,0.,0.,0.,0.125,0.125,0.25,0.25,0.375,0.375,         767P    879
0.5,0.5,0.625,0.625,0.75,0.75,0.875,0.875,1.,1.,1.,1.,1.,1.,1.,      767P    880
1.,1.,1.,1.,1.,1.,1.,1.,1.,1.,1.,1.,1.,0.03,0.5,0.,0.03,             767P    881
0.536692876,0.,0.032190478,0.572680708,0.,0.034380956,               767P    882
0.608668541,0.,0.038677733,0.642568338,0.,0.042974511,               767P    883
0.676468134,0.,0.049212464,0.706977146,0.,0.055450418,               767P    884
0.737486157,0.,0.063389827,0.763431938,0.,0.071329236,               767P    885
0.789377719,0.,0.080664993,0.809763189,0.,0.090000751,               767P    886
0.830148658,0.,0.100374089,0.844190414,0.,0.110747427,               767P    887
0.85823217,0.,0.121759703,0.865390595,0.,0.13277198,0.87254902,      767P    888
0.,0.144,0.87254902,0.,0.,1.,0.,0.,1.;                               767P    889
124,1.,-1.72372121429307E-014,-3.2712786984932E-015,                 769P    890
5.40403067536066E-015,-3.2712786984932E-015,                         769P    891
6.12303176911753E-017,-1.,0.314294744307001,                         769P    892
1.72372121429307E-014,1.,6.12303176911189E-017,                      769P    893
-0.313294744306995;                                                  769P    894
100,0.0005,-0.591769833,0.313794744,-0.534769833,0.313794744,        771P    895
-0.591769833,0.370794744;                                            771P    896
126,1,1,1,0,1,0,0.,0.,1.,1.,1.,1.,0.144,0.87254902,0.,1.,            773P    897
0.87254902,0.,0.,1.,0.,0.,1.;                                        773P    898
110,-0.591769833,0.313794744,0.0575,-1.019769833,0.313794744,        775P    899
0.0575;                                                              775P    900
102,9,737,741,745,749,753,757,761,767,773;                           777P    901
102,9,739,743,747,751,755,759,765,771,775;                           779P    902
142,1,735,777,779,1;                                                 781P    903
144,735,1,0,781;                                                     783P    904
314,40.,56.8627450980392,87.4509803921569,;                          785P    905
128,1,1,1,1,0,0,1,0,0,0.,0.,1.,1.,0.,0.,1.,1.,1.,1.,1.,1.,           787P    906
-1.019769833,0.5465,-0.1555,-0.519769833,0.5465,-0.1555,             787P    907
-1.019769833,0.3935,-0.1555,-0.519769833,0.3935,-0.1555,0.,1.,       787P    908
0.,1.;                                                               787P    909
126,16,2,1,0,1,0,0.,0.,0.,0.125,0.125,0.25,0.25,0.375,0.375,         789P    910
0.5,0.5,0.625,0.625,0.75,0.75,0.875,0.875,1.,1.,1.,1.,1.,1.,1.,      789P    911
1.,1.,1.,1.,1.,1.,1.,1.,1.,1.,1.,1.,1.,0.97,0.50134154,0.,0.97,      789P    912
0.464648665,0.,0.967809522,0.428660832,0.,0.965619044,0.392673,      789P    913
0.,0.961322267,0.358773203,0.,0.957025489,0.324873406,0.,            789P    914
0.950787536,0.294364395,0.,0.944549582,0.263855384,0.,               789P    915
0.936610173,0.237909602,0.,0.928670764,0.211963821,0.,               789P    916
0.919335007,0.191578352,0.,0.909999249,0.171192882,0.,               789P    917
0.899625911,0.157151126,0.,0.889252573,0.143109371,0.,               789P    918
0.878240297,0.135950946,0.,0.86722802,0.128792521,0.,0.856,          789P    919
0.128792521,0.,0.,1.,0.,0.,1.;                                       789P    920
100,-0.1555,-0.591769833,0.469794744,-0.534769833,0.469794744,       791P    921
-0.591769833,0.526794744;                                            791P    922
126,1,1,1,0,1,0,0.,0.,1.,1.,1.,1.,0.856,0.128792521,0.,0.,           793P    923
0.128792521,0.,0.,1.,0.,0.,1.;                                       793P    924
110,-0.591769833,0.526794744,-0.1555,-1.019769833,0.526794744,       795P    925
-0.1555;                                                             795P    926
126,1,1,1,0,1,0,0.,0.,1.,1.,1.,1.,0.,0.128792521,0.,0.,0.,0.,        797P    927
0.,1.,0.,0.,1.;                                                      797P    928
110,-1.019769833,0.526794744,-0.1555,-1.019769833,0.5465,            799P    929
-0.1555;                                                             799P    930
126,1,1,1,0,1,0,0.,0.,1.,1.,1.,1.,0.,0.,0.,1.,0.,0.,0.,1.,0.,        801P    931
0.,1.;                                                               801P    932
110,-1.019769833,0.5465,-0.1555,-0.519769833,0.5465,-0.1555;         803P    933
126,1,1,1,0,1,0,0.,0.,1.,1.,1.,1.,1.,0.,0.,1.,1.,0.,0.,1.,0.,        805P    934
0.,1.;                                                               805P    935
110,-0.519769833,0.5465,-0.1555,-0.519769833,0.3935,-0.1555;         807P    936
126,1,1,1,0,1,0,0.,0.,1.,1.,1.,1.,1.,1.,0.,0.,1.,0.,0.,1.,0.,        809P    937
0.,1.;                                                               809P    938
110,-0.519769833,0.3935,-0.1555,-1.019769833,0.3935,-0.1555;         811P    939
126,1,1,1,0,1,0,0.,0.,1.,1.,1.,1.,0.,1.,0.,0.,0.87389056,0.,0.,      813P    940
1.,0.,0.,1.;                                                         813P    941
110,-1.019769833,0.3935,-0.1555,-1.019769833,0.412794744,            815P    942
-0.1555;                                                             815P    943
126,1,1,1,0,1,0,0.,0.,1.,1.,1.,1.,0.,0.87389056,0.,0.856,            817P    944
0.87389056,0.,0.,1.,0.,0.,1.;                                        817P    945
110,-1.019769833,0.412794744,-0.1555,-0.591769833,0.412794744,       819P    946
-0.1555;                                                             819P    947
126,16,2,1,0,1,0,0.,0.,0.,0.125,0.125,0.25,0.25,0.375,0.375,         821P    948
0.5,0.5,0.625,0.625,0.75,0.75,0.875,0.875,1.,1.,1.,1.,1.,1.,1.,      821P    949
1.,1.,1.,1.,1.,1.,1.,1.,1.,1.,1.,1.,1.,0.856,0.87389056,0.,          821P    950
0.86722802,0.87389056,0.,0.878240297,0.866732135,0.,                 821P    951
0.889252573,0.85957371,0.,0.899625911,0.845531955,0.,                821P    952
0.909999249,0.831490199,0.,0.919335007,0.811104729,0.,               821P    953
0.928670764,0.79071926,0.,0.936610173,0.764773479,0.,                821P    954
0.944549582,0.738827697,0.,0.950787536,0.708318686,0.,               821P    955
0.957025489,0.677809675,0.,0.961322267,0.643909878,0.,               821P    956
0.965619044,0.610010081,0.,0.967809522,0.574022249,0.,0.97,          821P    957
0.538034416,0.,0.97,0.50134154,0.,0.,1.,0.,0.,1.;                    821P    958
100,-0.1555,-0.591769833,0.469794744,-0.591769833,0.412794744,       823P    959
-0.534769833,0.469794744;                                            823P    960
102,9,789,793,797,801,805,809,813,817,821;                           825P    961
102,9,791,795,799,803,807,811,815,819,823;                           827P    962
142,1,787,825,827,1;                                                 829P    963
144,787,1,0,829;                                                     831P    964
314,40.,56.8627450980392,87.4509803921569,;                          833P    965
128,1,1,1,1,0,0,1,0,0,0.,0.,1.,1.,0.,0.,1.,1.,1.,1.,1.,1.,           835P    966
-1.019769833,0.627666744,-0.1555,-0.495886917,0.627666744,           835P    967
-0.150928143,-1.019769833,0.311922744,-0.1555,-0.495886917,          835P    968
0.311922744,-0.150928143,0.,1.,0.,1.;                                835P    969
126,1,1,1,0,1,0,0.,0.,1.,1.,1.,1.,0.,0.005928854,0.,                 837P    970
0.998760392,0.020390537,0.,0.,1.,0.,0.,1.;                           837P    971
110,-1.019769833,0.625794744,-0.1555,-0.496536326,0.621228555,       839P    972
-0.15093381;                                                         839P    973
126,2,2,1,0,1,0,0.,0.,0.,1.,1.,1.,1.,1.,1.,0.998760392,              841P    974
0.020390537,0.,0.999383133,0.020399554,0.,1.,0.020541652,0.,0.,      841P    975
1.,0.,0.,-1.;                                                        841P    976
126,3,3,1,0,1,0,0.,0.,0.,0.,1.65400923249298E-005,                   843P    977
1.65400923249298E-005,1.65400923249298E-005,                         843P    978
1.65400923249298E-005,1.,1.,1.,1.,-0.496536326,0.621228555,          843P    979
-0.15093381,-0.496319281,0.621226661,-0.150931916,-0.496101908,      843P    980
0.621210689,-0.150930019,-0.495886917,0.621180841,-0.150928143,      843P    981
0.,1.65400923249298E-005,0.,0.,0.;                                   843P    982
126,1,1,1,0,1,0,0.,0.,1.,1.,1.,1.,1.,0.020541652,0.,1.,              845P    983
0.979458348,0.,0.,1.,0.,0.,1.;                                       845P    984
110,-0.495886917,0.621180841,-0.150928143,-0.495886917,              847P    985
0.318408648,-0.150928143;                                            847P    986
126,2,2,1,0,1,0,0.,0.,0.,1.,1.,1.,1.,1.,1.,1.,0.979458348,0.,        849P    987
0.999383133,0.979600446,0.,0.998760392,0.979609463,0.,0.,1.,0.,      849P    988
0.,-1.;                                                              849P    989
126,3,3,1,0,1,0,0.,0.,0.,0.,1.65400923249298E-005,                   851P    990
1.65400923249298E-005,1.65400923249298E-005,                         851P    991
1.65400923249298E-005,1.,1.,1.,1.,-0.495886917,0.318408648,          851P    992
-0.150928143,-0.496101908,0.318378799,-0.150930019,                  851P    993
-0.496319281,0.318362828,-0.150931916,-0.496536326,0.318360934,      851P    994
-0.15093381,0.,1.65400923249298E-005,0.,0.,0.;                       851P    995
126,1,1,1,0,1,0,0.,0.,1.,1.,1.,1.,0.998760392,0.979609463,0.,        853P    996
0.,0.994071146,0.,0.,1.,0.,0.,1.;                                    853P    997
110,-0.496536326,0.318360934,-0.15093381,-1.019769833,               855P    998
0.313794744,-0.1555;                                                 855P    999
126,1,1,1,0,1,0,0.,0.,1.,1.,1.,1.,0.,0.994071146,0.,0.,              857P   1000
0.741634819,0.,0.,1.,0.,0.,1.;                                       857P   1001
110,-1.019769833,0.313794744,-0.1555,-1.019769833,0.3935,            859P   1002
-0.1555;                                                             859P   1003
126,1,1,1,0,1,0,0.,0.,1.,1.,1.,1.,0.,0.741634819,0.,                 861P   1004
0.954411729,0.741634819,0.,0.,1.,0.,0.,1.;                           861P   1005
110,-1.019769833,0.3935,-0.1555,-0.519769833,0.3935,                 863P   1006
-0.151136566;                                                        863P   1007
126,1,1,1,0,1,0,0.,0.,1.,1.,1.,1.,0.954411729,0.741634819,0.,        865P   1008
0.954411729,0.257065041,0.,0.,1.,0.,0.,1.;                           865P   1009
110,-0.519769833,0.3935,-0.151136566,-0.519769833,0.5465,            867P   1010
-0.151136566;                                                        867P   1011
126,1,1,1,0,1,0,0.,0.,1.,1.,1.,1.,0.954411729,0.257065041,0.,        869P   1012
0.,0.257065041,0.,0.,1.,0.,0.,1.;                                    869P   1013
110,-0.519769833,0.5465,-0.151136566,-1.019769833,0.5465,            871P   1014
-0.1555;                                                             871P   1015
126,1,1,1,0,1,0,0.,0.,1.,1.,1.,1.,0.,0.257065041,0.,0.,              873P   1016
0.005928854,0.,0.,1.,0.,0.,1.;                                       873P   1017
110,-1.019769833,0.5465,-0.1555,-1.019769833,0.625794744,            875P   1018
-0.1555;                                                             875P   1019
102,10,837,841,845,849,853,857,861,865,869,873;                      877P   1020
102,10,839,843,847,851,855,859,863,867,871,875;                      879P   1021
142,1,835,877,879,1;                                                 881P   1022
144,835,1,0,881;                                                     883P   1023
314,40.,56.8627450980392,87.4509803921569,;                          885P   1024
128,1,1,1,1,0,0,1,0,0,0.,0.,1.,1.,0.,0.,1.,1.,1.,1.,1.,1.,           887P   1025
-0.495886917,0.627666744,0.151928143,-1.019769833,0.627666744,       887P   1026
0.1565,-0.495886917,0.311922744,0.151928143,-1.019769833,            887P   1027
0.311922744,0.1565,0.,1.,0.,1.;                                      887P   1028
126,1,1,1,0,1,0,0.,0.,1.,1.,1.,1.,1.,0.994071146,0.,                 889P   1029
0.001239608,0.979609463,0.,0.,1.,0.,0.,1.;                           889P   1030
110,-1.019769833,0.313794744,0.1565,-0.496536326,0.318360934,        891P   1031
0.15193381;                                                          891P   1032
126,2,2,1,0,1,0,0.,0.,0.,1.,1.,1.,1.,1.,1.,0.001239608,              893P   1033
0.979609463,0.,0.000616867,0.979600446,0.,0.,0.979458348,0.,0.,      893P   1034
1.,0.,0.,-1.;                                                        893P   1035
126,3,3,1,0,1,0,0.,0.,0.,0.,1.65400923249301E-005,                   895P   1036
1.65400923249301E-005,1.65400923249301E-005,                         895P   1037
1.65400923249301E-005,1.,1.,1.,1.,-0.496536326,0.318360934,          895P   1038
0.15193381,-0.496319281,0.318362828,0.151931916,-0.496101908,        895P   1039
0.318378799,0.151930019,-0.495886917,0.318408648,0.151928143,        895P   1040
0.,1.65400923249301E-005,0.,0.,0.;                                   895P   1041
126,1,1,1,0,1,0,0.,0.,1.,1.,1.,1.,0.,0.979458348,0.,0.,              897P   1042
0.020541652,0.,0.,1.,0.,0.,1.;                                       897P   1043
110,-0.495886917,0.318408648,0.151928143,-0.495886917,               899P   1044
0.621180841,0.151928143;                                             899P   1045
126,2,2,1,0,1,0,0.,0.,0.,1.,1.,1.,1.,1.,1.,0.,0.020541652,0.,        901P   1046
0.000616867,0.020399554,0.,0.001239608,0.020390537,0.,0.,1.,0.,      901P   1047
0.,-1.;                                                              901P   1048
126,3,3,1,0,1,0,0.,0.,0.,0.,1.65400923249298E-005,                   903P   1049
1.65400923249298E-005,1.65400923249298E-005,                         903P   1050
1.65400923249298E-005,1.,1.,1.,1.,-0.495886917,0.621180841,          903P   1051
0.151928143,-0.496101908,0.621210689,0.151930019,-0.496319281,       903P   1052
0.621226661,0.151931916,-0.496536326,0.621228555,0.15193381,0.,      903P   1053
1.65400923249298E-005,0.,0.,0.;                                      903P   1054
126,1,1,1,0,1,0,0.,0.,1.,1.,1.,1.,0.001239608,0.020390537,0.,        905P   1055
1.,0.005928854,0.,0.,1.,0.,0.,1.;                                    905P   1056
110,-0.496536326,0.621228555,0.15193381,-1.019769833,                907P   1057
0.625794744,0.1565;                                                  907P   1058
126,1,1,1,0,1,0,0.,0.,1.,1.,1.,1.,1.,0.005928854,0.,1.,              909P   1059
0.257065041,0.,0.,1.,0.,0.,1.;                                       909P   1060
110,-1.019769833,0.625794744,0.1565,-1.019769833,0.5465,0.1565;      911P   1061
126,1,1,1,0,1,0,0.,0.,1.,1.,1.,1.,1.,0.257065041,0.,                 913P   1062
0.045588271,0.257065041,0.,0.,1.,0.,0.,1.;                           913P   1063
110,-1.019769833,0.5465,0.1565,-0.519769833,0.5465,0.152136566;      915P   1064
126,1,1,1,0,1,0,0.,0.,1.,1.,1.,1.,0.045588271,0.257065041,0.,        917P   1065
0.045588271,0.741634819,0.,0.,1.,0.,0.,1.;                           917P   1066
110,-0.519769833,0.5465,0.152136566,-0.519769833,0.3935,             919P   1067
0.152136566;                                                         919P   1068
126,1,1,1,0,1,0,0.,0.,1.,1.,1.,1.,0.045588271,0.741634819,0.,        921P   1069
1.,0.741634819,0.,0.,1.,0.,0.,1.;                                    921P   1070
110,-0.519769833,0.3935,0.152136566,-1.019769833,0.3935,0.1565;      923P   1071
126,1,1,1,0,1,0,0.,0.,1.,1.,1.,1.,1.,0.741634819,0.,1.,              925P   1072
0.994071146,0.,0.,1.,0.,0.,1.;                                       925P   1073
110,-1.019769833,0.3935,0.1565,-1.019769833,0.313794744,0.1565;      927P   1074
102,10,889,893,897,901,905,909,913,917,921,925;                      929P   1075
102,10,891,895,899,903,907,911,915,919,923,927;                      931P   1076
142,1,887,929,931,1;                                                 933P   1077
144,887,1,0,933;                                                     935P   1078
314,40.,56.8627450980392,87.4509803921569,;                          937P   1079
128,1,1,1,1,0,0,1,0,0,0.,0.,1.,1.,0.,0.,1.,1.,1.,1.,1.,1.,           939P   1080
-0.061682568,0.617433643,-0.157372,-1.019769833,0.625794744,         939P   1081
-0.157372,-0.061682568,0.617433643,0.158372,-1.019769833,            939P   1082
0.625794744,0.158372,0.,1.,0.,1.;                                    939P   1083
126,1,1,1,0,1,0,0.,0.,1.,1.,1.,1.,0.339553146,0.976582096,0.,        941P   1084
0.,0.967590514,0.,0.,1.,0.,0.,1.;                                    941P   1085
110,-0.387004113,0.620272682,0.150977937,-0.061682568,               943P   1086
0.617433643,0.148138899;                                             943P   1087
126,1,1,1,0,1,0,0.,0.,1.,1.,1.,1.,0.,0.967590514,0.,0.,              945P   1088
0.032409486,0.,0.,1.,0.,0.,1.;                                       945P   1089
110,-0.061682568,0.617433643,0.148138899,-0.061682568,               947P   1090
0.617433643,-0.147138899;                                            947P   1091
126,1,1,1,0,1,0,0.,0.,1.,1.,1.,1.,0.,0.032409486,0.,                 949P   1092
0.339553146,0.023417904,0.,0.,1.,0.,0.,1.;                           949P   1093
110,-0.061682568,0.617433643,-0.147138899,-0.387004113,              951P   1094
0.620272682,-0.149977937;                                            951P   1095
126,32,2,1,0,1,0,0.,0.,0.,0.0625,0.0625,0.125,0.125,0.1875,          953P   1096
0.1875,0.25,0.25,0.3125,0.3125,0.375,0.375,0.4375,0.4375,0.5,        953P   1097
0.5,0.5625,0.5625,0.625,0.625,0.6875,0.6875,0.75,0.75,0.8125,        953P   1098
0.8125,0.875,0.875,0.9375,0.9375,1.,1.,1.,1.,1.,1.,1.,1.,1.,1.,      953P   1099
1.,1.,1.,1.,1.,1.,1.,1.,1.,1.,1.,1.,1.,1.,1.,1.,1.,1.,1.,1.,1.,      953P   1100
1.,1.,1.,1.,1.,0.339553146,0.023417904,0.,0.340087428,               953P   1101
0.039483659,0.,0.341585842,0.05497765,0.,0.343084257,                953P   1102
0.070471641,0.,0.345495739,0.084865845,0.,0.347907222,               953P   1103
0.099260049,0.,0.351149592,0.11206392,0.,0.354391961,                953P   1104
0.12486779,0.,0.35835472,0.135644981,0.,0.362317478,                 953P   1105
0.146422172,0.,0.366865577,0.154805403,0.,0.371413676,               953P   1106
0.163188634,0.,0.376392119,0.16889221,0.,0.381370562,                953P   1107
0.174595787,0.,0.386609688,0.177425334,0.,0.391848814,               953P   1108
0.180254882,0.,0.397170076,0.180113971,0.,0.402491338,               953P   1109
0.179973061,0.,0.407713392,0.176866495,0.,0.412935445,               953P   1110
0.173759929,0.,0.417880326,0.167793576,0.,0.422825207,               953P   1111
0.161827224,0.,0.427324396,0.153204415,0.,0.431823586,               953P   1112
0.144581606,0.,0.435723755,0.1335962,0.,0.439623924,                 953P   1113
0.122610794,0.,0.442792158,0.109637166,0.,0.445960391,               953P   1114
0.096663539,0.,0.448288718,0.082143822,0.,0.450617044,               953P   1115
0.067624105,0.,0.452026116,0.052053122,0.,0.453435188,               953P   1116
0.036482138,0.,0.453876984,0.020390537,0.,0.,1.,0.,0.,1.;            953P   1117
126,3,3,1,0,0,0,0.,0.,0.,0.,1.,1.,1.,1.,1.,0.394476585214171,        955P   1118
0.394476585214171,1.,-0.387004113,0.620272682,-0.149977937,          955P   1119
-0.396297084,0.62035378,-0.057887215,-0.488851976,0.621161494,       955P   1120
-0.058694929,-0.496536326,0.621228555,-0.15093381,0.,1.,             955P   1121
0.008726535,0.999961923,0.;                                          955P   1122
126,1,1,1,0,1,0,0.,0.,1.,1.,1.,1.,0.453876984,0.020390537,0.,        957P   1123
1.,0.005928854,0.,0.,1.,0.,0.,1.;                                    957P   1124
110,-0.496536326,0.621228555,-0.15093381,-1.019769833,               959P   1125
0.625794744,-0.1555;                                                 959P   1126
126,1,1,1,0,1,0,0.,0.,1.,1.,1.,1.,1.,0.005928854,0.,1.,              961P   1127
0.257715111,0.,0.,1.,0.,0.,1.;                                       961P   1128
110,-1.019769833,0.625794744,-0.1555,-1.019769833,0.625794744,       963P   1129
-0.076;                                                              963P   1130
126,1,1,1,0,1,0,0.,0.,1.,1.,1.,1.,1.,0.257715111,0.,0.47812687,      965P   1131
0.257715111,0.,0.,1.,0.,0.,1.;                                       965P   1132
110,-1.019769833,0.625794744,-0.076,-0.519769833,0.62143131,         967P   1133
-0.076;                                                              967P   1134
126,1,1,1,0,1,0,0.,0.,1.,1.,1.,1.,0.47812687,0.257715111,0.,         969P   1135
0.47812687,0.742284889,0.,0.,1.,0.,0.,1.;                            969P   1136
110,-0.519769833,0.62143131,-0.076,-0.519769833,0.62143131,          971P   1137
0.077;                                                               971P   1138
126,1,1,1,0,1,0,0.,0.,1.,1.,1.,1.,0.47812687,0.742284889,0.,1.,      973P   1139
0.742284889,0.,0.,1.,0.,0.,1.;                                       973P   1140
110,-0.519769833,0.62143131,0.077,-1.019769833,0.625794744,          975P   1141
0.077;                                                               975P   1142
126,1,1,1,0,1,0,0.,0.,1.,1.,1.,1.,1.,0.742284889,0.,1.,              977P   1143
0.994071146,0.,0.,1.,0.,0.,1.;                                       977P   1144
110,-1.019769833,0.625794744,0.077,-1.019769833,0.625794744,         979P   1145
0.1565;                                                              979P   1146
126,1,1,1,0,1,0,0.,0.,1.,1.,1.,1.,1.,0.994071146,0.,                 981P   1147
0.453876984,0.979609463,0.,0.,1.,0.,0.,1.;                           981P   1148
110,-1.019769833,0.625794744,0.1565,-0.496536326,0.621228555,        983P   1149
0.15193381;                                                          983P   1150
126,32,2,1,0,1,0,0.,0.,0.,0.0625,0.0625,0.125,0.125,0.1875,          985P   1151
0.1875,0.25,0.25,0.3125,0.3125,0.375,0.375,0.4375,0.4375,0.5,        985P   1152
0.5,0.5625,0.5625,0.625,0.625,0.6875,0.6875,0.75,0.75,0.8125,        985P   1153
0.8125,0.875,0.875,0.9375,0.9375,1.,1.,1.,1.,1.,1.,1.,1.,1.,1.,      985P   1154
1.,1.,1.,1.,1.,1.,1.,1.,1.,1.,1.,1.,1.,1.,1.,1.,1.,1.,1.,1.,1.,      985P   1155
1.,1.,1.,1.,1.,0.453876984,0.979609463,0.,0.453435188,               985P   1156
0.963517862,0.,0.452026116,0.947946878,0.,0.450617044,               985P   1157
0.932375895,0.,0.448288718,0.917856178,0.,0.445960391,               985P   1158
0.903336461,0.,0.442792158,0.890362834,0.,0.439623924,               985P   1159
0.877389206,0.,0.435723755,0.8664038,0.,0.431823586,                 985P   1160
0.855418394,0.,0.427324396,0.846795585,0.,0.422825207,               985P   1161
0.838172776,0.,0.417880326,0.832206424,0.,0.412935445,               985P   1162
0.826240071,0.,0.407713392,0.823133505,0.,0.402491338,               985P   1163
0.820026939,0.,0.397170076,0.819886029,0.,0.391848814,               985P   1164
0.819745118,0.,0.386609688,0.822574666,0.,0.381370562,               985P   1165
0.825404213,0.,0.376392119,0.83110779,0.,0.371413676,                985P   1166
0.836811366,0.,0.366865577,0.845194597,0.,0.362317478,               985P   1167
0.853577828,0.,0.35835472,0.864355019,0.,0.354391961,                985P   1168
0.87513221,0.,0.351149592,0.88793608,0.,0.347907222,                 985P   1169
0.900739951,0.,0.345495739,0.915134155,0.,0.343084257,               985P   1170
0.929528359,0.,0.341585842,0.94502235,0.,0.340087428,                985P   1171
0.960516341,0.,0.339553146,0.976582096,0.,0.,1.,0.,0.,1.;            985P   1172
126,3,3,1,0,0,0,0.,0.,0.,0.,1.,1.,1.,1.,1.,0.39447658521417,         987P   1173
0.39447658521417,1.,-0.496536326,0.621228555,0.15193381,             987P   1174
-0.488851976,0.621161494,0.059694929,-0.396297084,0.62035378,        987P   1175
0.058887215,-0.387004113,0.620272682,0.150977937,0.,1.,              987P   1176
0.008726535,0.999961923,0.;                                          987P   1177
102,12,941,945,949,953,957,961,965,969,973,977,981,985;              989P   1178
102,12,943,947,951,955,959,963,967,971,975,979,983,987;              991P   1179
142,1,939,989,991,1;                                                 993P   1180
144,939,1,0,993;                                                     995P   1181
314,40.,56.8627450980392,87.4509803921569,;                          997P   1182
128,1,1,1,1,0,0,1,0,0,0.,0.,1.,1.,0.,0.,1.,1.,1.,1.,1.,1.,           999P   1183
-1.019769833,0.313794744,-0.157372,-0.363769833,0.31951957,          999P   1184
-0.157372,-1.019769833,0.313794744,0.158372,-0.363769833,            999P   1185
0.31951957,0.158372,0.,1.,0.,1.;                                     999P   1186
126,1,1,1,0,1,0,0.,0.,1.,1.,1.,1.,0.96458189,0.023417904,0.,1.,     1001P   1187
0.024060078,0.,0.,1.,0.,0.,1.;                                      1001P   1188
110,-0.387004113,0.319316807,-0.149977937,-0.363769833,             1003P   1189
0.31951957,-0.149775175;                                            1003P   1190
126,1,1,1,0,1,0,0.,0.,1.,1.,1.,1.,1.,0.024060078,0.,1.,             1005P   1191
0.975939922,0.,0.,1.,0.,0.,1.;                                      1005P   1192
110,-0.363769833,0.31951957,-0.149775175,-0.363769833,              1007P   1193
0.31951957,0.150775175;                                             1007P   1194
126,1,1,1,0,1,0,0.,0.,1.,1.,1.,1.,1.,0.975939922,0.,0.96458189,     1009P   1195
0.976582096,0.,0.,1.,0.,0.,1.;                                      1009P   1196
110,-0.363769833,0.31951957,0.150775175,-0.387004113,               1011P   1197
0.319316807,0.150977937;                                            1011P   1198
126,32,2,1,0,1,0,0.,0.,0.,0.0625,0.0625,0.125,0.125,0.1875,         1013P   1199
0.1875,0.25,0.25,0.3125,0.3125,0.375,0.375,0.4375,0.4375,0.5,       1013P   1200
0.5,0.5625,0.5625,0.625,0.625,0.6875,0.6875,0.75,0.75,0.8125,       1013P   1201
0.8125,0.875,0.875,0.9375,0.9375,1.,1.,1.,1.,1.,1.,1.,1.,1.,1.,     1013P   1202
1.,1.,1.,1.,1.,1.,1.,1.,1.,1.,1.,1.,1.,1.,1.,1.,1.,1.,1.,1.,1.,     1013P   1203
1.,1.,1.,1.,1.,0.96458189,0.976582096,0.,0.963801573,               1013P   1204
0.960516341,0.,0.96161314,0.94502235,0.,0.959424708,                1013P   1205
0.929528359,0.,0.95590274,0.915134155,0.,0.952380772,               1013P   1206
0.900739951,0.,0.947645295,0.88793608,0.,0.942909818,               1013P   1207
0.87513221,0.,0.937122214,0.864355019,0.,0.931334609,               1013P   1208
0.853577828,0.,0.924692116,0.845194597,0.,0.918049623,              1013P   1209
0.836811366,0.,0.910778612,0.83110779,0.,0.903507601,               1013P   1210
0.825404213,0.,0.895855863,0.822574666,0.,0.888204126,              1013P   1211
0.819745118,0.,0.880432429,0.819886029,0.,0.872660731,              1013P   1212
0.820026939,0.,0.865033928,0.823133505,0.,0.857407125,              1013P   1213
0.826240071,0.,0.850185132,0.832206424,0.,0.842963139,              1013P   1214
0.838172776,0.,0.836392078,0.846795585,0.,0.829821016,              1013P   1215
0.855418394,0.,0.824124824,0.8664038,0.,0.818428631,                1013P   1216
0.877389206,0.,0.81380143,0.890362834,0.,0.809174228,               1013P   1217
0.903336461,0.,0.80577371,0.917856178,0.,0.802373192,               1013P   1218
0.932375895,0.,0.800315244,0.947946878,0.,0.798257296,              1013P   1219
0.963517862,0.,0.797612053,0.979609463,0.,0.,1.,0.,0.,1.;           1013P   1220
126,3,3,1,0,0,0,0.,0.,0.,0.,1.,1.,1.,1.,1.,0.394476585214176,       1015P   1221
0.394476585214176,1.,-0.387004113,0.319316807,0.150977937,          1015P   1222
-0.396297084,0.319235709,0.058887215,-0.488851976,0.318427994,      1015P   1223
0.059694929,-0.496536326,0.318360934,0.15193381,0.,1.,              1015P   1224
0.008726535,-0.999961923,0.;                                        1015P   1225
126,1,1,1,0,1,0,0.,0.,1.,1.,1.,1.,0.797612053,0.979609463,0.,       1017P   1226
0.,0.994071146,0.,0.,1.,0.,0.,1.;                                   1017P   1227
110,-0.496536326,0.318360934,0.15193381,-1.019769833,               1019P   1228
0.313794744,0.1565;                                                 1019P   1229
126,1,1,1,0,1,0,0.,0.,1.,1.,1.,1.,0.,0.994071146,0.,0.,             1021P   1230
0.742284889,0.,0.,1.,0.,0.,1.;                                      1021P   1231
110,-1.019769833,0.313794744,0.1565,-1.019769833,0.313794744,       1023P   1232
0.077;                                                              1023P   1233
126,1,1,1,0,1,0,0.,0.,1.,1.,1.,1.,0.,0.742284889,0.,                1025P   1234
0.762195122,0.742284889,0.,0.,1.,0.,0.,1.;                          1025P   1235
110,-1.019769833,0.313794744,0.077,-0.519769833,0.318158178,        1027P   1236
0.077;                                                              1027P   1237
126,1,1,1,0,1,0,0.,0.,1.,1.,1.,1.,0.762195122,0.742284889,0.,       1029P   1238
0.762195122,0.257715111,0.,0.,1.,0.,0.,1.;                          1029P   1239
110,-0.519769833,0.318158178,0.077,-0.519769833,0.318158178,        1031P   1240
-0.076;                                                             1031P   1241
126,1,1,1,0,1,0,0.,0.,1.,1.,1.,1.,0.762195122,0.257715111,0.,       1033P   1242
0.,0.257715111,0.,0.,1.,0.,0.,1.;                                   1033P   1243
110,-0.519769833,0.318158178,-0.076,-1.019769833,0.313794744,       1035P   1244
-0.076;                                                             1035P   1245
126,1,1,1,0,1,0,0.,0.,1.,1.,1.,1.,0.,0.257715111,0.,0.,             1037P   1246
0.005928854,0.,0.,1.,0.,0.,1.;                                      1037P   1247
110,-1.019769833,0.313794744,-0.076,-1.019769833,0.313794744,       1039P   1248
-0.1555;                                                            1039P   1249
126,1,1,1,0,1,0,0.,0.,1.,1.,1.,1.,0.,0.005928854,0.,                1041P   1250
0.797612053,0.020390537,0.,0.,1.,0.,0.,1.;                          1041P   1251
110,-1.019769833,0.313794744,-0.1555,-0.496536326,0.318360934,      1043P   1252
-0.15093381;                                                        1043P   1253
126,32,2,1,0,1,0,0.,0.,0.,0.0625,0.0625,0.125,0.125,0.1875,         1045P   1254
0.1875,0.25,0.25,0.3125,0.3125,0.375,0.375,0.4375,0.4375,0.5,       1045P   1255
0.5,0.5625,0.5625,0.625,0.625,0.6875,0.6875,0.75,0.75,0.8125,       1045P   1256
0.8125,0.875,0.875,0.9375,0.9375,1.,1.,1.,1.,1.,1.,1.,1.,1.,1.,     1045P   1257
1.,1.,1.,1.,1.,1.,1.,1.,1.,1.,1.,1.,1.,1.,1.,1.,1.,1.,1.,1.,1.,     1045P   1258
1.,1.,1.,1.,1.,0.797612053,0.020390537,0.,0.798257296,              1045P   1259
0.036482138,0.,0.800315244,0.052053122,0.,0.802373192,              1045P   1260
0.067624105,0.,0.80577371,0.082143822,0.,0.809174228,               1045P   1261
0.096663539,0.,0.81380143,0.109637166,0.,0.818428631,               1045P   1262
0.122610794,0.,0.824124824,0.1335962,0.,0.829821016,                1045P   1263
0.144581606,0.,0.836392078,0.153204415,0.,0.842963139,              1045P   1264
0.161827224,0.,0.850185132,0.167793576,0.,0.857407125,              1045P   1265
0.173759929,0.,0.865033928,0.176866495,0.,0.872660731,              1045P   1266
0.179973061,0.,0.880432429,0.180113971,0.,0.888204126,              1045P   1267
0.180254882,0.,0.895855863,0.177425334,0.,0.903507601,              1045P   1268
0.174595787,0.,0.910778612,0.16889221,0.,0.918049623,               1045P   1269
0.163188634,0.,0.924692116,0.154805403,0.,0.931334609,              1045P   1270
0.146422172,0.,0.937122214,0.135644981,0.,0.942909818,              1045P   1271
0.12486779,0.,0.947645295,0.11206392,0.,0.952380772,                1045P   1272
0.099260049,0.,0.95590274,0.084865845,0.,0.959424708,               1045P   1273
0.070471641,0.,0.96161314,0.05497765,0.,0.963801573,                1045P   1274
0.039483659,0.,0.96458189,0.023417904,0.,0.,1.,0.,0.,1.;            1045P   1275
126,3,3,1,0,0,0,0.,0.,0.,0.,1.,1.,1.,1.,1.,0.394476585214167,       1047P   1276
0.394476585214167,1.,-0.496536326,0.318360934,-0.15093381,          1047P   1277
-0.488851976,0.318427994,-0.058694929,-0.396297084,0.319235709,     1047P   1278
-0.057887215,-0.387004113,0.319316807,-0.149977937,0.,1.,           1047P   1279
0.008726535,-0.999961923,0.;                                        1047P   1280
102,12,1001,1005,1009,1013,1017,1021,1025,1029,1033,1037,1041,      1049P   1281
1045;                                                               1049P   1282
102,12,1003,1007,1011,1015,1019,1023,1027,1031,1035,1039,1043,      1051P   1283
1047;                                                               1051P   1284
142,1,999,1049,1051,1;                                              1053P   1285
144,999,1,0,1053;                                                   1055P   1286
314,40.,56.8627450980392,87.4509803921569,;                         1057P   1287
128,1,1,1,1,0,0,1,0,0,0.,0.,1.,1.,0.,0.,1.,1.,1.,1.,1.,1.,          1059P   1288
-0.387740782,0.622079504,-0.149984366,-0.061682568,0.622079504,     1059P   1289
-0.147138899,-0.387740782,0.317509985,-0.149984366,                 1059P   1290
-0.061682568,0.317509985,-0.147138899,0.,1.,0.,1.;                  1059P   1291
126,1,1,1,0,1,0,0.,0.,1.,1.,1.,1.,0.002259315,0.005932381,0.,       1061P   1292
1.,0.015253859,0.,0.,1.,0.,0.,1.;                                   1061P   1293
110,-0.387004113,0.620272682,-0.149977937,-0.061682568,             1063P   1294
0.617433643,-0.147138899;                                           1063P   1295
126,1,1,1,0,1,0,0.,0.,1.,1.,1.,1.,1.,0.015253859,0.,1.,0.5,0.,      1065P   1296
0.,1.,0.,0.,1.;                                                     1065P   1297
110,-0.061682568,0.617433643,-0.147138899,-0.061682568,             1067P   1298
0.469794744,-0.147138899;                                           1067P   1299
126,1,1,1,0,1,0,0.,0.,1.,1.,1.,1.,1.,0.5,0.,0.999732363,0.5,0.,     1069P   1300
0.,1.,0.,0.,1.;                                                     1069P   1301
110,-0.061682568,0.469794744,-0.147138899,-0.061769833,             1071P   1302
0.469794744,-0.147139661;                                           1071P   1303
126,1,1,1,0,1,0,0.,0.,1.,1.,1.,1.,0.999732363,0.5,0.,               1073P   1304
0.073517389,0.5,0.,0.,1.,0.,0.,1.;                                  1073P   1305
110,-0.061769833,0.469794744,-0.147139661,-0.363769833,             1075P   1306
0.469794744,-0.149775175;                                           1075P   1307
126,1,1,1,0,1,0,0.,0.,1.,1.,1.,1.,0.073517389,0.5,0.,               1077P   1308
0.073517389,0.993401884,0.,0.,1.,0.,0.,1.;                          1077P   1309
110,-0.363769833,0.469794744,-0.149775175,-0.363769833,             1079P   1310
0.31951957,-0.149775175;                                            1079P   1311
126,1,1,1,0,1,0,0.,0.,1.,1.,1.,1.,0.073517389,0.993401884,0.,       1081P   1312
0.002259315,0.994067619,0.,0.,1.,0.,0.,1.;                          1081P   1313
110,-0.363769833,0.31951957,-0.149775175,-0.387004113,              1083P   1314
0.319316807,-0.149977937;                                           1083P   1315
126,2,2,1,0,1,0,0.,0.,0.,1.,1.,1.,1.,1.,1.,0.002259315,             1085P   1316
0.994067619,0.,0.001124312,0.994078223,0.,0.,0.9939113,0.,0.,       1085P   1317
1.,0.,0.,-1.;                                                       1085P   1318
126,3,3,1,0,1,0,0.,0.,0.,0.,1.8751123345883E-005,                   1087P   1319
1.8751123345883E-005,1.8751123345883E-005,1.8751123345883E-005,     1087P   1320
1.,1.,1.,1.,-0.387004113,0.319316807,-0.149977937,-0.387250172,     1087P   1321
0.31931466,-0.149980085,-0.387497046,0.319330615,-0.149982239,      1087P   1322
-0.387740782,0.319364417,-0.149984366,0.,1.8751123345883E-005,      1087P   1323
0.,0.,0.;                                                           1087P   1324
126,1,1,1,0,1,0,0.,0.,1.,1.,1.,1.,0.,0.9939113,0.,0.,0.0060887,     1089P   1325
0.,0.,1.,0.,0.,1.;                                                  1089P   1326
110,-0.387740782,0.319364417,-0.149984366,-0.387740782,             1091P   1327
0.620225072,-0.149984366;                                           1091P   1328
126,2,2,1,0,1,0,0.,0.,0.,1.,1.,1.,1.,1.,1.,0.,0.0060887,0.,         1093P   1329
0.001124312,0.005921777,0.,0.002259315,0.005932381,0.,0.,1.,0.,     1093P   1330
0.,-1.;                                                             1093P   1331
126,3,3,1,0,1,0,0.,0.,0.,0.,1.87511233458833E-005,                  1095P   1332
1.87511233458833E-005,1.87511233458833E-005,                        1095P   1333
1.87511233458833E-005,1.,1.,1.,1.,-0.387740782,0.620225072,         1095P   1334
-0.149984366,-0.387497046,0.620258873,-0.149982239,                 1095P   1335
-0.387250172,0.620274829,-0.149980085,-0.387004113,0.620272682,     1095P   1336
-0.149977937,0.,1.87511233458833E-005,0.,0.,0.;                     1095P   1337
102,9,1061,1065,1069,1073,1077,1081,1085,1089,1093;                 1097P   1338
102,9,1063,1067,1071,1075,1079,1083,1087,1091,1095;                 1099P   1339
142,1,1059,1097,1099,1;                                             1101P   1340
144,1059,1,0,1101;                                                  1103P   1341
314,40.,56.8627450980392,87.4509803921569,;                         1105P   1342
128,1,1,1,1,0,0,1,0,0,0.,0.,1.,1.,0.,0.,1.,1.,1.,1.,1.,1.,          1107P   1343
-0.061682568,0.622079504,0.148138899,-0.387740782,0.622079504,      1107P   1344
0.150984366,-0.061682568,0.317509985,0.148138899,-0.387740782,      1107P   1345
0.317509985,0.150984366,0.,1.,0.,1.;                                1107P   1346
126,1,1,1,0,1,0,0.,0.,1.,1.,1.,1.,0.000267637,0.5,0.,0.,0.5,0.,     1109P   1347
0.,1.,0.,0.,1.;                                                     1109P   1348
110,-0.061769833,0.469794744,0.148139661,-0.061682568,              1111P   1349
0.469794744,0.148138899;                                            1111P   1350
126,1,1,1,0,1,0,0.,0.,1.,1.,1.,1.,0.,0.5,0.,0.,0.015253859,0.,      1113P   1351
0.,1.,0.,0.,1.;                                                     1113P   1352
110,-0.061682568,0.469794744,0.148138899,-0.061682568,              1115P   1353
0.617433643,0.148138899;                                            1115P   1354
126,1,1,1,0,1,0,0.,0.,1.,1.,1.,1.,0.,0.015253859,0.,                1117P   1355
0.997740685,0.005932381,0.,0.,1.,0.,0.,1.;                          1117P   1356
110,-0.061682568,0.617433643,0.148138899,-0.387004113,              1119P   1357
0.620272682,0.150977937;                                            1119P   1358
126,2,2,1,0,1,0,0.,0.,0.,1.,1.,1.,1.,1.,1.,0.997740685,             1121P   1359
0.005932381,0.,0.998875688,0.005921777,0.,1.,0.0060887,0.,0.,       1121P   1360
1.,0.,0.,-1.;                                                       1121P   1361
126,3,3,1,0,1,0,0.,0.,0.,0.,1.87511233458832E-005,                  1123P   1362
1.87511233458832E-005,1.87511233458832E-005,                        1123P   1363
1.87511233458832E-005,1.,1.,1.,1.,-0.387004113,0.620272682,         1123P   1364
0.150977937,-0.387250172,0.620274829,0.150980085,-0.387497046,      1123P   1365
0.620258873,0.150982239,-0.387740782,0.620225072,0.150984366,       1123P   1366
0.,1.87511233458832E-005,0.,0.,0.;                                  1123P   1367
126,1,1,1,0,1,0,0.,0.,1.,1.,1.,1.,1.,0.0060887,0.,1.,0.9939113,     1125P   1368
0.,0.,1.,0.,0.,1.;                                                  1125P   1369
110,-0.387740782,0.620225072,0.150984366,-0.387740782,              1127P   1370
0.319364417,0.150984366;                                            1127P   1371
126,2,2,1,0,1,0,0.,0.,0.,1.,1.,1.,1.,1.,1.,1.,0.9939113,0.,         1129P   1372
0.998875688,0.994078223,0.,0.997740685,0.994067619,0.,0.,1.,0.,     1129P   1373
0.,-1.;                                                             1129P   1374
126,3,3,1,0,1,0,0.,0.,0.,0.,1.87511233458832E-005,                  1131P   1375
1.87511233458832E-005,1.87511233458832E-005,                        1131P   1376
1.87511233458832E-005,1.,1.,1.,1.,-0.387740782,0.319364417,         1131P   1377
0.150984366,-0.387497046,0.319330615,0.150982239,-0.387250172,      1131P   1378
0.31931466,0.150980085,-0.387004113,0.319316807,0.150977937,0.,     1131P   1379
1.87511233458832E-005,0.,0.,0.;                                     1131P   1380
126,1,1,1,0,1,0,0.,0.,1.,1.,1.,1.,0.997740685,0.994067619,0.,       1133P   1381
0.926482611,0.993401884,0.,0.,1.,0.,0.,1.;                          1133P   1382
110,-0.387004113,0.319316807,0.150977937,-0.363769833,              1135P   1383
0.31951957,0.150775175;                                             1135P   1384
126,1,1,1,0,1,0,0.,0.,1.,1.,1.,1.,0.926482611,0.993401884,0.,       1137P   1385
0.926482611,0.5,0.,0.,1.,0.,0.,1.;                                  1137P   1386
110,-0.363769833,0.31951957,0.150775175,-0.363769833,               1139P   1387
0.469794744,0.150775175;                                            1139P   1388
126,1,1,1,0,1,0,0.,0.,1.,1.,1.,1.,0.926482611,0.5,0.,               1141P   1389
0.000267637,0.5,0.,0.,1.,0.,0.,1.;                                  1141P   1390
110,-0.363769833,0.469794744,0.150775175,-0.061769833,              1143P   1391
0.469794744,0.148139661;                                            1143P   1392
102,9,1109,1113,1117,1121,1125,1129,1133,1137,1141;                 1145P   1393
102,9,1111,1115,1119,1123,1127,1131,1135,1139,1143;                 1147P   1394
142,1,1107,1145,1147,1;                                             1149P   1395
144,1107,1,0,1149;                                                  1151P   1396
314,40.,56.8627450980392,87.4509803921569,;                         1153P   1397
128,1,1,1,1,0,0,1,0,0,0.,0.,1.,1.,0.,0.,1.,1.,1.,1.,1.,1.,          1155P   1398
-0.051769833,0.607434024,-0.13713928,-0.051769833,0.607434024,      1155P   1399
0.13813928,-0.051769833,0.479794744,-0.13713928,-0.051769833,       1155P   1400
0.479794744,0.13813928,0.,1.,0.,1.;                                 1155P   1401
126,1,1,1,0,1,0,0.,0.,1.,1.,1.,1.,0.,0.,0.,1.,0.,0.,0.,1.,0.,       1157P   1402
0.,1.;                                                              1157P   1403
110,-0.051769833,0.607434024,-0.13713928,-0.051769833,              1159P   1404
0.607434024,0.13813928;                                             1159P   1405
126,1,1,1,0,1,0,0.,0.,1.,1.,1.,1.,1.,0.,0.,1.,1.,0.,0.,1.,0.,       1161P   1406
0.,1.;                                                              1161P   1407
110,-0.051769833,0.607434024,0.13813928,-0.051769833,               1163P   1408
0.479794744,0.13813928;                                             1163P   1409
126,1,1,1,0,1,0,0.,0.,1.,1.,1.,1.,1.,1.,0.,0.964983543,1.,0.,       1165P   1410
0.,1.,0.,0.,1.;                                                     1165P   1411
110,-0.051769833,0.479794744,0.13813928,-0.051769833,               1167P   1412
0.479794744,0.1285;                                                 1167P   1413
126,1,1,1,0,1,0,0.,0.,1.,1.,1.,1.,0.964983543,1.,0.,                1169P   1414
0.964983543,0.075519698,0.,0.,1.,0.,0.,1.;                          1169P   1415
110,-0.051769833,0.479794744,0.1285,-0.051769833,0.597794744,       1171P   1416
0.1285;                                                             1171P   1417
126,1,1,1,0,1,0,0.,0.,1.,1.,1.,1.,0.964983543,0.075519698,0.,       1173P   1418
0.035016457,0.075519698,0.,0.,1.,0.,0.,1.;                          1173P   1419
110,-0.051769833,0.597794744,0.1285,-0.051769833,0.597794744,       1175P   1420
-0.1275;                                                            1175P   1421
126,1,1,1,0,1,0,0.,0.,1.,1.,1.,1.,0.035016457,0.075519698,0.,       1177P   1422
0.035016457,1.,0.,0.,1.,0.,0.,1.;                                   1177P   1423
110,-0.051769833,0.597794744,-0.1275,-0.051769833,0.479794744,      1179P   1424
-0.1275;                                                            1179P   1425
126,1,1,1,0,1,0,0.,0.,1.,1.,1.,1.,0.035016457,1.,0.,0.,1.,0.,       1181P   1426
0.,1.,0.,0.,1.;                                                     1181P   1427
110,-0.051769833,0.479794744,-0.1275,-0.051769833,0.479794744,      1183P   1428
-0.13713928;                                                        1183P   1429
126,1,1,1,0,1,0,0.,0.,1.,1.,1.,1.,0.,1.,0.,0.,0.,0.,0.,1.,0.,       1185P   1430
0.,1.;                                                              1185P   1431
110,-0.051769833,0.479794744,-0.13713928,-0.051769833,              1187P   1432
0.607434024,-0.13713928;                                            1187P   1433
102,8,1157,1161,1165,1169,1173,1177,1181,1185;                      1189P   1434
102,8,1159,1163,1167,1171,1175,1179,1183,1187;                      1191P   1435
142,1,1155,1189,1191,1;                                             1193P   1436
144,1155,1,0,1193;                                                  1195P   1437
314,40.,56.8627450980392,87.4509803921569,;                         1197P   1438
110,-0.441769833,0.625794744,0.1565,-0.441769833,-38.744283996,     1199P   1439
0.1565;                                                             1199P   1440
110,-0.391769833,0.617980218,0.1565,-0.391769833,0.321609271,       1201P   1441
0.1565;                                                             1201P   1442
120,1199,1201,0.,6.28318530717959;                                  1203P   1443
126,1,1,1,0,1,0,0.,0.,1.,1.,1.,1.,0.994071146,3.31651361,0.,        1205P   1444
0.005928854,3.31651361,0.,0.,1.,0.,0.,1.;                           1205P   1445
110,-0.491006848,0.323366411,0.147798485,-0.491006848,              1207P   1446
0.616223078,0.147798485;                                            1207P   1447
126,8,2,1,0,1,0,0.,0.,0.,0.25,0.25,0.5,0.5,0.75,0.75,1.,1.,1.,      1209P   1448
1.,1.,1.,1.,1.,1.,1.,1.,1.,0.005928854,3.31651361,0.,               1209P   1449
0.006020047,3.640070537,0.,0.006477488,4.010087972,0.,              1209P   1450
0.006771652,4.248032275,0.,0.007509524,4.703662334,0.,              1209P   1451
0.008257291,5.165401933,0.,0.008548091,5.397236696,0.,              1209P   1452
0.009013408,5.768202127,0.,0.009113299,6.090811058,0.,0.,1.,0.,     1209P   1453
0.,-1.;                                                             1209P   1454
126,3,3,1,0,0,0,0.,0.,0.,0.,1.,1.,1.,1.,1.,0.455078030521917,       1211P   1455
0.455078030521917,1.,-0.491006848,0.616223078,0.147798485,          1211P   1456
-0.478473918,0.616102767,0.076881634,-0.40646087,0.615411474,       1211P   1457
0.076253186,-0.39269218,0.615279301,0.146940506,0.,1.,              1211P   1458
0.009599112,0.999953927,0.;                                         1211P   1459
126,1,1,1,0,1,0,0.,0.,1.,1.,1.,1.,0.009113299,6.090811058,0.,       1213P   1460
0.990886701,6.090811058,0.,0.,1.,0.,0.,1.;                          1213P   1461
110,-0.39269218,0.615279301,0.146940506,-0.39269218,                1215P   1462
0.324310188,0.146940506;                                            1215P   1463
126,8,2,1,0,1,0,0.,0.,0.,0.25,0.25,0.5,0.5,0.75,0.75,1.,1.,1.,      1217P   1464
1.,1.,1.,1.,1.,1.,1.,1.,1.,0.990886701,6.090811058,0.,              1217P   1465
0.990986592,5.768202127,0.,0.991451909,5.397236696,0.,              1217P   1466
0.991742709,5.165401933,0.,0.992490476,4.703662334,0.,              1217P   1467
0.993228348,4.248032275,0.,0.993522512,4.010087972,0.,              1217P   1468
0.993979953,3.640070537,0.,0.994071146,3.31651361,0.,0.,1.,0.,      1217P   1469
0.,1.;                                                              1217P   1470
126,3,3,1,0,0,0,0.,0.,0.,0.,1.,1.,1.,1.,1.,0.455078030521909,       1219P   1471
0.455078030521909,1.,-0.39269218,0.324310188,0.146940506,           1219P   1472
-0.40646087,0.324178015,0.076253186,-0.478473918,0.323486721,       1219P   1473
0.076881634,-0.491006848,0.323366411,0.147798485,0.,1.,             1219P   1474
0.009599112,-0.999953927,0.;                                        1219P   1475
102,4,1205,1209,1213,1217;                                          1221P   1476
102,4,1207,1211,1215,1219;                                          1223P   1477
142,1,1203,1221,1223,1;                                             1225P   1478
144,1203,1,0,1225;                                                  1227P   1479
314,40.,56.8627450980392,87.4509803921569,;                         1229P   1480
110,-0.441769833,0.625794744,-0.1555,-0.441769833,                  1231P   1481
-38.744283996,-0.1555;                                              1231P   1482
110,-0.391769833,0.617980218,-0.1555,-0.391769833,0.321609271,      1233P   1483
-0.1555;                                                            1233P   1484
120,1231,1233,0.,6.28318530717959;                                  1235P   1485
126,1,1,1,0,1,0,0.,0.,1.,1.,1.,1.,0.005928854,2.966671697,0.,       1237P   1486
0.994071146,2.966671697,0.,0.,1.,0.,0.,1.;                          1237P   1487
110,-0.491006848,0.616223078,-0.146798485,-0.491006848,             1239P   1488
0.323366411,-0.146798485;                                           1239P   1489
126,8,2,1,0,1,0,0.,0.,0.,0.25,0.25,0.5,0.5,0.75,0.75,1.,1.,1.,      1241P   1490
1.,1.,1.,1.,1.,1.,1.,1.,1.,0.994071146,2.966671697,0.,              1241P   1491
0.993979953,2.64311477,0.,0.993522512,2.273097335,0.,               1241P   1492
0.993228348,2.035153032,0.,0.992490476,1.579522973,0.,              1241P   1493
0.991742709,1.117783374,0.,0.991451909,0.885948611,0.,              1241P   1494
0.990986592,0.51498318,0.,0.990886701,0.192374249,0.,0.,1.,0.,      1241P   1495
0.,-1.;                                                             1241P   1496
126,3,3,1,0,0,0,0.,0.,0.,0.,1.,1.,1.,1.,1.,0.45507803052197,        1243P   1497
0.45507803052197,1.,-0.491006848,0.323366411,-0.146798485,          1243P   1498
-0.478473918,0.323486721,-0.075881634,-0.40646087,0.324178015,      1243P   1499
-0.075253186,-0.39269218,0.324310188,-0.145940506,0.,1.,            1243P   1500
0.009599112,-0.999953927,0.;                                        1243P   1501
126,1,1,1,0,1,0,0.,0.,1.,1.,1.,1.,0.990886701,0.192374249,0.,       1245P   1502
0.009113299,0.192374249,0.,0.,1.,0.,0.,1.;                          1245P   1503
110,-0.39269218,0.324310188,-0.145940506,-0.39269218,               1247P   1504
0.615279301,-0.145940506;                                           1247P   1505
126,8,2,1,0,1,0,0.,0.,0.,0.25,0.25,0.5,0.5,0.75,0.75,1.,1.,1.,      1249P   1506
1.,1.,1.,1.,1.,1.,1.,1.,1.,0.009113299,0.192374249,0.,              1249P   1507
0.009013408,0.51498318,0.,0.008548091,0.885948611,0.,               1249P   1508
0.008257291,1.117783374,0.,0.007509524,1.579522973,0.,              1249P   1509
0.006771652,2.035153032,0.,0.006477488,2.273097335,0.,              1249P   1510
0.006020047,2.64311477,0.,0.005928854,2.966671697,0.,0.,1.,0.,      1249P   1511
0.,1.;                                                              1249P   1512
126,3,3,1,0,0,0,0.,0.,0.,0.,1.,1.,1.,1.,1.,0.45507803052195,        1251P   1513
0.45507803052195,1.,-0.39269218,0.615279301,-0.145940506,           1251P   1514
-0.40646087,0.615411474,-0.075253186,-0.478473918,0.616102767,      1251P   1515
-0.075881634,-0.491006848,0.616223078,-0.146798485,0.,1.,           1251P   1516
0.009599112,0.999953927,0.;                                         1251P   1517
102,4,1237,1241,1245,1249;                                          1253P   1518
102,4,1239,1243,1247,1251;                                          1255P   1519
142,1,1235,1253,1255,1;                                             1257P   1520
144,1235,1,0,1257;                                                  1259P   1521
314,40.,56.8627450980392,87.4509803921569,;                         1261P   1522
128,1,1,1,1,0,0,1,0,0,0.,0.,1.,1.,0.,0.,1.,1.,1.,1.,1.,1.,          1263P   1523
-0.519769833,0.318158178,-0.076,-0.519769833,0.313794744,           1263P   1524
-0.076,-0.519769833,0.318158178,0.077,-0.519769833,0.313794744,     1263P   1525
0.077,0.,1.,0.,1.;                                                  1263P   1526
126,1,1,1,0,1,0,0.,0.,1.,1.,1.,1.,1.,0.,0.,1.,1.,0.,0.,1.,0.,       1265P   1527
0.,1.;                                                              1265P   1528
110,-0.519769833,0.313794744,-0.076,-0.519769833,0.313794744,       1267P   1529
0.077;                                                              1267P   1530
126,1,1,1,0,1,0,0.,0.,1.,1.,1.,1.,1.,1.,0.,0.,1.,0.,0.,1.,0.,       1269P   1531
0.,1.;                                                              1269P   1532
110,-0.519769833,0.313794744,0.077,-0.519769833,0.318158178,        1271P   1533
0.077;                                                              1271P   1534
126,1,1,1,0,1,0,0.,0.,1.,1.,1.,1.,0.,1.,0.,0.,0.,0.,0.,1.,0.,       1273P   1535
0.,1.;                                                              1273P   1536
110,-0.519769833,0.318158178,0.077,-0.519769833,0.318158178,        1275P   1537
-0.076;                                                             1275P   1538
126,1,1,1,0,1,0,0.,0.,1.,1.,1.,1.,0.,0.,0.,1.,0.,0.,0.,1.,0.,       1277P   1539
0.,1.;                                                              1277P   1540
110,-0.519769833,0.318158178,-0.076,-0.519769833,0.313794744,       1279P   1541
-0.076;                                                             1279P   1542
102,4,1265,1269,1273,1277;                                          1281P   1543
102,4,1267,1271,1275,1279;                                          1283P   1544
142,1,1263,1281,1283,1;                                             1285P   1545
144,1263,1,0,1285;                                                  1287P   1546
314,40.,56.8627450980392,87.4509803921569,;                         1289P   1547
128,1,1,1,1,0,0,1,0,0,0.,0.,1.,1.,0.,0.,1.,1.,1.,1.,1.,1.,          1291P   1548
-1.022769833,0.318184359,-0.076,-0.519769833,0.318184359,           1291P   1549
-0.076,-1.022769833,0.313794744,-0.076,-0.519769833,                1291P   1550
0.313794744,-0.076,0.,1.,0.,1.;                                     1291P   1551
126,1,1,1,0,1,0,0.,0.,1.,1.,1.,1.,0.005964215,1.,0.,1.,             1293P   1552
0.005964215,0.,0.,1.,0.,0.,1.;                                      1293P   1553
110,-1.019769833,0.313794744,-0.076,-0.519769833,0.318158178,       1295P   1554
-0.076;                                                             1295P   1555
126,1,1,1,0,1,0,0.,0.,1.,1.,1.,1.,1.,0.005964215,0.,1.,1.,0.,       1297P   1556
0.,1.,0.,0.,1.;                                                     1297P   1557
110,-0.519769833,0.318158178,-0.076,-0.519769833,0.313794744,       1299P   1558
-0.076;                                                             1299P   1559
126,1,1,1,0,1,0,0.,0.,1.,1.,1.,1.,1.,1.,0.,0.005964215,1.,0.,       1301P   1560
0.,1.,0.,0.,1.;                                                     1301P   1561
110,-0.519769833,0.313794744,-0.076,-1.019769833,0.313794744,       1303P   1562
-0.076;                                                             1303P   1563
102,3,1293,1297,1301;                                               1305P   1564
102,3,1295,1299,1303;                                               1307P   1565
142,1,1291,1305,1307,1;                                             1309P   1566
144,1291,1,0,1309;                                                  1311P   1567
314,40.,56.8627450980392,87.4509803921569,;                         1313P   1568
128,1,1,1,1,0,0,1,0,0,0.,0.,1.,1.,0.,0.,1.,1.,1.,1.,1.,1.,          1315P   1569
-0.519769833,0.318184359,0.077,-1.022769833,0.318184359,0.077,      1315P   1570
-0.519769833,0.313794744,0.077,-1.022769833,0.313794744,0.077,      1315P   1571
0.,1.,0.,1.;                                                        1315P   1572
126,1,1,1,0,1,0,0.,0.,1.,1.,1.,1.,0.,0.005964215,0.,                1317P   1573
0.994035785,1.,0.,0.,1.,0.,0.,1.;                                   1317P   1574
110,-0.519769833,0.318158178,0.077,-1.019769833,0.313794744,        1319P   1575
0.077;                                                              1319P   1576
126,1,1,1,0,1,0,0.,0.,1.,1.,1.,1.,0.994035785,1.,0.,0.,1.,0.,       1321P   1577
0.,1.,0.,0.,1.;                                                     1321P   1578
110,-1.019769833,0.313794744,0.077,-0.519769833,0.313794744,        1323P   1579
0.077;                                                              1323P   1580
126,1,1,1,0,1,0,0.,0.,1.,1.,1.,1.,0.,1.,0.,0.,0.005964215,0.,       1325P   1581
0.,1.,0.,0.,1.;                                                     1325P   1582
110,-0.519769833,0.313794744,0.077,-0.519769833,0.318158178,        1327P   1583
0.077;                                                              1327P   1584
102,3,1317,1321,1325;                                               1329P   1585
102,3,1319,1323,1327;                                               1331P   1586
142,1,1315,1329,1331,1;                                             1333P   1587
144,1315,1,0,1333;                                                  1335P   1588
314,40.,56.8627450980392,87.4509803921569,;                         1337P   1589
128,1,1,1,1,0,0,1,0,0,0.,0.,1.,1.,0.,0.,1.,1.,1.,1.,1.,1.,          1339P   1590
-1.022769833,0.5465,0.152110386,-0.519769833,0.5465,                1339P   1591
0.152110386,-1.022769833,0.5465,0.1565,-0.519769833,0.5465,         1339P   1592
0.1565,0.,1.,0.,1.;                                                 1339P   1593
126,1,1,1,0,1,0,0.,0.,1.,1.,1.,1.,1.,0.005964215,0.,1.,1.,0.,       1341P   1594
0.,1.,0.,0.,1.;                                                     1341P   1595
110,-0.519769833,0.5465,0.152136566,-0.519769833,0.5465,0.1565;     1343P   1596
126,1,1,1,0,1,0,0.,0.,1.,1.,1.,1.,1.,1.,0.,0.005964215,1.,0.,       1345P   1597
0.,1.,0.,0.,1.;                                                     1345P   1598
110,-0.519769833,0.5465,0.1565,-1.019769833,0.5465,0.1565;          1347P   1599
126,1,1,1,0,1,0,0.,0.,1.,1.,1.,1.,0.005964215,1.,0.,1.,             1349P   1600
0.005964215,0.,0.,1.,0.,0.,1.;                                      1349P   1601
110,-1.019769833,0.5465,0.1565,-0.519769833,0.5465,0.152136566;     1351P   1602
102,3,1341,1345,1349;                                               1353P   1603
102,3,1343,1347,1351;                                               1355P   1604
142,1,1339,1353,1355,1;                                             1357P   1605
144,1339,1,0,1357;                                                  1359P   1606
314,40.,56.8627450980392,87.4509803921569,;                         1361P   1607
128,1,1,1,1,0,0,1,0,0,0.,0.,1.,1.,0.,0.,1.,1.,1.,1.,1.,1.,          1363P   1608
-0.519769833,0.5465,0.152136566,-0.519769833,0.5465,0.1565,         1363P   1609
-0.519769833,0.3935,0.152136566,-0.519769833,0.3935,0.1565,0.,      1363P   1610
1.,0.,1.;                                                           1363P   1611
126,1,1,1,0,1,0,0.,0.,1.,1.,1.,1.,1.,1.,0.,0.,1.,0.,0.,1.,0.,       1365P   1612
0.,1.;                                                              1365P   1613
110,-0.519769833,0.3935,0.1565,-0.519769833,0.3935,0.152136566;     1367P   1614
126,1,1,1,0,1,0,0.,0.,1.,1.,1.,1.,0.,1.,0.,0.,0.,0.,0.,1.,0.,       1369P   1615
0.,1.;                                                              1369P   1616
110,-0.519769833,0.3935,0.152136566,-0.519769833,0.5465,            1371P   1617
0.152136566;                                                        1371P   1618
126,1,1,1,0,1,0,0.,0.,1.,1.,1.,1.,0.,0.,0.,1.,0.,0.,0.,1.,0.,       1373P   1619
0.,1.;                                                              1373P   1620
110,-0.519769833,0.5465,0.152136566,-0.519769833,0.5465,0.1565;     1375P   1621
126,1,1,1,0,1,0,0.,0.,1.,1.,1.,1.,1.,0.,0.,1.,1.,0.,0.,1.,0.,       1377P   1622
0.,1.;                                                              1377P   1623
110,-0.519769833,0.5465,0.1565,-0.519769833,0.3935,0.1565;          1379P   1624
102,4,1365,1369,1373,1377;                                          1381P   1625
102,4,1367,1371,1375,1379;                                          1383P   1626
142,1,1363,1381,1383,1;                                             1385P   1627
144,1363,1,0,1385;                                                  1387P   1628
314,40.,56.8627450980392,87.4509803921569,;                         1389P   1629
128,1,1,1,1,0,0,1,0,0,0.,0.,1.,1.,0.,0.,1.,1.,1.,1.,1.,1.,          1391P   1630
-0.519769833,0.3935,0.152110386,-1.022769833,0.3935,                1391P   1631
0.152110386,-0.519769833,0.3935,0.1565,-1.022769833,0.3935,         1391P   1632
0.1565,0.,1.,0.,1.;                                                 1391P   1633
126,1,1,1,0,1,0,0.,0.,1.,1.,1.,1.,0.994035785,1.,0.,0.,1.,0.,       1393P   1634
0.,1.,0.,0.,1.;                                                     1393P   1635
110,-1.019769833,0.3935,0.1565,-0.519769833,0.3935,0.1565;          1395P   1636
126,1,1,1,0,1,0,0.,0.,1.,1.,1.,1.,0.,1.,0.,0.,0.005964215,0.,       1397P   1637
0.,1.,0.,0.,1.;                                                     1397P   1638
110,-0.519769833,0.3935,0.1565,-0.519769833,0.3935,0.152136566;     1399P   1639
126,1,1,1,0,1,0,0.,0.,1.,1.,1.,1.,0.,0.005964215,0.,                1401P   1640
0.994035785,1.,0.,0.,1.,0.,0.,1.;                                   1401P   1641
110,-0.519769833,0.3935,0.152136566,-1.019769833,0.3935,0.1565;     1403P   1642
102,3,1393,1397,1401;                                               1405P   1643
102,3,1395,1399,1403;                                               1407P   1644
142,1,1391,1405,1407,1;                                             1409P   1645
144,1391,1,0,1409;                                                  1411P   1646
314,40.,56.8627450980392,87.4509803921569,;                         1413P   1647
128,1,1,1,1,0,0,1,0,0,0.,0.,1.,1.,0.,0.,1.,1.,1.,1.,1.,1.,          1415P   1648
-0.519769833,0.3935,-0.1555,-1.022769833,0.3935,-0.1555,            1415P   1649
-0.519769833,0.3935,-0.151110386,-1.022769833,0.3935,               1415P   1650
-0.151110386,0.,1.,0.,1.;                                           1415P   1651
126,1,1,1,0,1,0,0.,0.,1.,1.,1.,1.,0.,0.994035785,0.,0.,0.,0.,       1417P   1652
0.,1.,0.,0.,1.;                                                     1417P   1653
110,-0.519769833,0.3935,-0.151136566,-0.519769833,0.3935,           1419P   1654
-0.1555;                                                            1419P   1655
126,1,1,1,0,1,0,0.,0.,1.,1.,1.,1.,0.,0.,0.,0.994035785,0.,0.,       1421P   1656
0.,1.,0.,0.,1.;                                                     1421P   1657
110,-0.519769833,0.3935,-0.1555,-1.019769833,0.3935,-0.1555;        1423P   1658
126,1,1,1,0,1,0,0.,0.,1.,1.,1.,1.,0.994035785,0.,0.,0.,             1425P   1659
0.994035785,0.,0.,1.,0.,0.,1.;                                      1425P   1660
110,-1.019769833,0.3935,-0.1555,-0.519769833,0.3935,                1427P   1661
-0.151136566;                                                       1427P   1662
102,3,1417,1421,1425;                                               1429P   1663
102,3,1419,1423,1427;                                               1431P   1664
142,1,1415,1429,1431,1;                                             1433P   1665
144,1415,1,0,1433;                                                  1435P   1666
314,40.,56.8627450980392,87.4509803921569,;                         1437P   1667
128,1,1,1,1,0,0,1,0,0,0.,0.,1.,1.,0.,0.,1.,1.,1.,1.,1.,1.,          1439P   1668
-0.519769833,0.5465,-0.1555,-0.519769833,0.5465,-0.151136566,       1439P   1669
-0.519769833,0.3935,-0.1555,-0.519769833,0.3935,-0.151136566,       1439P   1670
0.,1.,0.,1.;                                                        1439P   1671
126,1,1,1,0,1,0,0.,0.,1.,1.,1.,1.,0.,0.,0.,1.,0.,0.,0.,1.,0.,       1441P   1672
0.,1.;                                                              1441P   1673
110,-0.519769833,0.5465,-0.1555,-0.519769833,0.5465,                1443P   1674
-0.151136566;                                                       1443P   1675
126,1,1,1,0,1,0,0.,0.,1.,1.,1.,1.,1.,0.,0.,1.,1.,0.,0.,1.,0.,       1445P   1676
0.,1.;                                                              1445P   1677
110,-0.519769833,0.5465,-0.151136566,-0.519769833,0.3935,           1447P   1678
-0.151136566;                                                       1447P   1679
126,1,1,1,0,1,0,0.,0.,1.,1.,1.,1.,1.,1.,0.,0.,1.,0.,0.,1.,0.,       1449P   1680
0.,1.;                                                              1449P   1681
110,-0.519769833,0.3935,-0.151136566,-0.519769833,0.3935,           1451P   1682
-0.1555;                                                            1451P   1683
126,1,1,1,0,1,0,0.,0.,1.,1.,1.,1.,0.,1.,0.,0.,0.,0.,0.,1.,0.,       1453P   1684
0.,1.;                                                              1453P   1685
110,-0.519769833,0.3935,-0.1555,-0.519769833,0.5465,-0.1555;        1455P   1686
102,4,1441,1445,1449,1453;                                          1457P   1687
102,4,1443,1447,1451,1455;                                          1459P   1688
142,1,1439,1457,1459,1;                                             1461P   1689
144,1439,1,0,1461;                                                  1463P   1690
314,40.,56.8627450980392,87.4509803921569,;                         1465P   1691
128,1,1,1,1,0,0,1,0,0,0.,0.,1.,1.,0.,0.,1.,1.,1.,1.,1.,1.,          1467P   1692
-1.022769833,0.5465,-0.1555,-0.519769833,0.5465,-0.1555,            1467P   1693
-1.022769833,0.5465,-0.151110386,-0.519769833,0.5465,               1467P   1694
-0.151110386,0.,1.,0.,1.;                                           1467P   1695
126,1,1,1,0,1,0,0.,0.,1.,1.,1.,1.,0.005964215,0.,0.,1.,0.,0.,       1469P   1696
0.,1.,0.,0.,1.;                                                     1469P   1697
110,-1.019769833,0.5465,-0.1555,-0.519769833,0.5465,-0.1555;        1471P   1698
126,1,1,1,0,1,0,0.,0.,1.,1.,1.,1.,1.,0.,0.,1.,0.994035785,0.,       1473P   1699
0.,1.,0.,0.,1.;                                                     1473P   1700
110,-0.519769833,0.5465,-0.1555,-0.519769833,0.5465,                1475P   1701
-0.151136566;                                                       1475P   1702
126,1,1,1,0,1,0,0.,0.,1.,1.,1.,1.,1.,0.994035785,0.,                1477P   1703
0.005964215,0.,0.,0.,1.,0.,0.,1.;                                   1477P   1704
110,-0.519769833,0.5465,-0.151136566,-1.019769833,0.5465,           1479P   1705
-0.1555;                                                            1479P   1706
102,3,1469,1473,1477;                                               1481P   1707
102,3,1471,1475,1479;                                               1483P   1708
142,1,1467,1481,1483,1;                                             1485P   1709
144,1467,1,0,1485;                                                  1487P   1710
314,40.,56.8627450980392,87.4509803921569,;                         1489P   1711
128,1,1,1,1,0,0,1,0,0,0.,0.,1.,1.,0.,0.,1.,1.,1.,1.,1.,1.,          1491P   1712
-0.519769833,0.625794744,-0.076,-0.519769833,0.62143131,-0.076,     1491P   1713
-0.519769833,0.625794744,0.077,-0.519769833,0.62143131,0.077,       1491P   1714
0.,1.,0.,1.;                                                        1491P   1715
126,1,1,1,0,1,0,0.,0.,1.,1.,1.,1.,0.,1.,0.,0.,0.,0.,0.,1.,0.,       1493P   1716
0.,1.;                                                              1493P   1717
110,-0.519769833,0.625794744,0.077,-0.519769833,0.625794744,        1495P   1718
-0.076;                                                             1495P   1719
126,1,1,1,0,1,0,0.,0.,1.,1.,1.,1.,0.,0.,0.,1.,0.,0.,0.,1.,0.,       1497P   1720
0.,1.;                                                              1497P   1721
110,-0.519769833,0.625794744,-0.076,-0.519769833,0.62143131,        1499P   1722
-0.076;                                                             1499P   1723
126,1,1,1,0,1,0,0.,0.,1.,1.,1.,1.,1.,0.,0.,1.,1.,0.,0.,1.,0.,       1501P   1724
0.,1.;                                                              1501P   1725
110,-0.519769833,0.62143131,-0.076,-0.519769833,0.62143131,         1503P   1726
0.077;                                                              1503P   1727
126,1,1,1,0,1,0,0.,0.,1.,1.,1.,1.,1.,1.,0.,0.,1.,0.,0.,1.,0.,       1505P   1728
0.,1.;                                                              1505P   1729
110,-0.519769833,0.62143131,0.077,-0.519769833,0.625794744,         1507P   1730
0.077;                                                              1507P   1731
102,4,1493,1497,1501,1505;                                          1509P   1732
102,4,1495,1499,1503,1507;                                          1511P   1733
142,1,1491,1509,1511,1;                                             1513P   1734
144,1491,1,0,1513;                                                  1515P   1735
314,40.,56.8627450980392,87.4509803921569,;                         1517P   1736
128,1,1,1,1,0,0,1,0,0,0.,0.,1.,1.,0.,0.,1.,1.,1.,1.,1.,1.,          1519P   1737
-0.519769833,0.625794744,0.077,-1.022769833,0.625794744,0.077,      1519P   1738
-0.519769833,0.62140513,0.077,-1.022769833,0.62140513,0.077,0.,     1519P   1739
1.,0.,1.;                                                           1519P   1740
126,1,1,1,0,1,0,0.,0.,1.,1.,1.,1.,0.994035785,0.,0.,0.,             1521P   1741
0.994035785,0.,0.,1.,0.,0.,1.;                                      1521P   1742
110,-1.019769833,0.625794744,0.077,-0.519769833,0.62143131,         1523P   1743
0.077;                                                              1523P   1744
126,1,1,1,0,1,0,0.,0.,1.,1.,1.,1.,0.,0.994035785,0.,0.,0.,0.,       1525P   1745
0.,1.,0.,0.,1.;                                                     1525P   1746
110,-0.519769833,0.62143131,0.077,-0.519769833,0.625794744,         1527P   1747
0.077;                                                              1527P   1748
126,1,1,1,0,1,0,0.,0.,1.,1.,1.,1.,0.,0.,0.,0.994035785,0.,0.,       1529P   1749
0.,1.,0.,0.,1.;                                                     1529P   1750
110,-0.519769833,0.625794744,0.077,-1.019769833,0.625794744,        1531P   1751
0.077;                                                              1531P   1752
102,3,1521,1525,1529;                                               1533P   1753
102,3,1523,1527,1531;                                               1535P   1754
142,1,1519,1533,1535,1;                                             1537P   1755
144,1519,1,0,1537;                                                  1539P   1756
314,40.,56.8627450980392,87.4509803921569,;                         1541P   1757
128,1,1,1,1,0,0,1,0,0,0.,0.,1.,1.,0.,0.,1.,1.,1.,1.,1.,1.,          1543P   1758
-1.022769833,0.625794744,-0.076,-0.519769833,0.625794744,           1543P   1759
-0.076,-1.022769833,0.62140513,-0.076,-0.519769833,0.62140513,      1543P   1760
-0.076,0.,1.,0.,1.;                                                 1543P   1761
126,1,1,1,0,1,0,0.,0.,1.,1.,1.,1.,1.,0.994035785,0.,                1545P   1762
0.005964215,0.,0.,0.,1.,0.,0.,1.;                                   1545P   1763
110,-0.519769833,0.62143131,-0.076,-1.019769833,0.625794744,        1547P   1764
-0.076;                                                             1547P   1765
126,1,1,1,0,1,0,0.,0.,1.,1.,1.,1.,0.005964215,0.,0.,1.,0.,0.,       1549P   1766
0.,1.,0.,0.,1.;                                                     1549P   1767
110,-1.019769833,0.625794744,-0.076,-0.519769833,0.625794744,       1551P   1768
-0.076;                                                             1551P   1769
126,1,1,1,0,1,0,0.,0.,1.,1.,1.,1.,1.,0.,0.,1.,0.994035785,0.,       1553P   1770
0.,1.,0.,0.,1.;                                                     1553P   1771
110,-0.519769833,0.625794744,-0.076,-0.519769833,0.62143131,        1555P   1772
-0.076;                                                             1555P   1773
102,3,1545,1549,1553;                                               1557P   1774
102,3,1547,1551,1555;                                               1559P   1775
142,1,1543,1557,1559,1;                                             1561P   1776
144,1543,1,0,1561;                                                  1563P   1777
314,40.,56.8627450980392,87.4509803921569,;                         1565P   1778
128,1,1,1,1,0,0,1,0,0,0.,0.,1.,1.,0.,0.,1.,1.,1.,1.,1.,1.,          1567P   1779
-1.019769833,0.625794744,-0.076,-0.519769833,0.625794744,           1567P   1780
-0.076,-1.019769833,0.625794744,0.077,-0.519769833,0.625794744,     1567P   1781
0.077,0.,1.,0.,1.;                                                  1567P   1782
126,1,1,1,0,1,0,0.,0.,1.,1.,1.,1.,0.,0.,0.,1.,0.,0.,0.,1.,0.,       1569P   1783
0.,1.;                                                              1569P   1784
110,-1.019769833,0.625794744,-0.076,-0.519769833,0.625794744,       1571P   1785
-0.076;                                                             1571P   1786
126,1,1,1,0,1,0,0.,0.,1.,1.,1.,1.,1.,0.,0.,1.,1.,0.,0.,1.,0.,       1573P   1787
0.,1.;                                                              1573P   1788
110,-0.519769833,0.625794744,-0.076,-0.519769833,0.625794744,       1575P   1789
0.077;                                                              1575P   1790
126,1,1,1,0,1,0,0.,0.,1.,1.,1.,1.,1.,1.,0.,0.,1.,0.,0.,1.,0.,       1577P   1791
0.,1.;                                                              1577P   1792
110,-0.519769833,0.625794744,0.077,-1.019769833,0.625794744,        1579P   1793
0.077;                                                              1579P   1794
126,1,1,1,0,1,0,0.,0.,1.,1.,1.,1.,0.,1.,0.,0.,0.87254902,0.,0.,     1581P   1795
1.,0.,0.,1.;                                                        1581P   1796
110,-1.019769833,0.625794744,0.077,-1.019769833,0.625794744,        1583P   1797
0.0575;                                                             1583P   1798
126,1,1,1,0,1,0,0.,0.,1.,1.,1.,1.,0.,0.87254902,0.,0.856,           1585P   1799
0.87254902,0.,0.,1.,0.,0.,1.;                                       1585P   1800
110,-1.019769833,0.625794744,0.0575,-0.591769833,0.625794744,       1587P   1801
0.0575;                                                             1587P   1802
126,32,2,1,0,1,0,0.,0.,0.,0.0625,0.0625,0.125,0.125,0.1875,         1589P   1803
0.1875,0.25,0.25,0.3125,0.3125,0.375,0.375,0.4375,0.4375,0.5,       1589P   1804
0.5,0.5625,0.5625,0.625,0.625,0.6875,0.6875,0.75,0.75,0.8125,       1589P   1805
0.8125,0.875,0.875,0.9375,0.9375,1.,1.,1.,1.,1.,1.,1.,1.,1.,1.,     1589P   1806
1.,1.,1.,1.,1.,1.,1.,1.,1.,1.,1.,1.,1.,1.,1.,1.,1.,1.,1.,1.,1.,     1589P   1807
1.,1.,1.,1.,1.,0.856,0.87254902,0.,0.86722802,0.87254902,0.,        1589P   1808
0.878240297,0.865390595,0.,0.889252573,0.85823217,0.,               1589P   1809
0.899625911,0.844190414,0.,0.909999249,0.830148658,0.,              1589P   1810
0.919335007,0.809763189,0.,0.928670764,0.789377719,0.,              1589P   1811
0.936610173,0.763431938,0.,0.944549582,0.737486157,0.,              1589P   1812
0.950787536,0.706977146,0.,0.957025489,0.676468134,0.,              1589P   1813
0.961322267,0.642568338,0.,0.965619044,0.608668541,0.,              1589P   1814
0.967809522,0.572680708,0.,0.97,0.536692876,0.,0.97,0.5,0.,         1589P   1815
0.97,0.463307124,0.,0.967809522,0.427319292,0.,0.965619044,         1589P   1816
0.391331459,0.,0.961322267,0.357431662,0.,0.957025489,              1589P   1817
0.323531866,0.,0.950787536,0.293022854,0.,0.944549582,              1589P   1818
0.262513843,0.,0.936610173,0.236568062,0.,0.928670764,              1589P   1819
0.210622281,0.,0.919335007,0.190236811,0.,0.909999249,              1589P   1820
0.169851342,0.,0.899625911,0.155809586,0.,0.889252573,              1589P   1821
0.14176783,0.,0.878240297,0.134609405,0.,0.86722802,0.12745098,     1589P   1822
0.,0.856,0.12745098,0.,0.,1.,0.,0.,1.;                              1589P   1823
124,-9.13985109896868E-014,1.,-3.28515648630101E-015,               1591P   1824
-1.21756457733333,7.04419703990958E-015,3.28515648630166E-015,      1591P   1825
1.,0.62529474430701,1.,9.13985109896868E-014,                       1591P   1826
-7.04419703990988E-015,0.592269833026214;                           1591P   1827
100,0.0005,-0.591769833,0.625794744,-0.534769833,0.625794744,       1593P   1828
-0.648769833,0.625794744;                                           1593P   1829
126,1,1,1,0,1,0,0.,0.,1.,1.,1.,1.,0.856,0.12745098,0.,0.,           1595P   1830
0.12745098,0.,0.,1.,0.,0.,1.;                                       1595P   1831
110,-0.591769833,0.625794744,-0.0565,-1.019769833,0.625794744,      1597P   1832
-0.0565;                                                            1597P   1833
126,1,1,1,0,1,0,0.,0.,1.,1.,1.,1.,0.,0.12745098,0.,0.,0.,0.,0.,     1599P   1834
1.,0.,0.,1.;                                                        1599P   1835
110,-1.019769833,0.625794744,-0.0565,-1.019769833,0.625794744,      1601P   1836
-0.076;                                                             1601P   1837
102,8,1569,1573,1577,1581,1585,1589,1595,1599;                      1603P   1838
102,8,1571,1575,1579,1583,1587,1593,1597,1601;                      1605P   1839
142,1,1567,1603,1605,1;                                             1607P   1840
144,1567,1,0,1607;                                                  1609P   1841
314,40.,56.8627450980392,87.4509803921569,;                         1611P   1842
128,1,1,1,1,0,0,1,0,0,0.,0.,1.,1.,0.,0.,1.,1.,1.,1.,1.,1.,          1613P   1843
-1.019769833,0.625794744,-0.0565,-1.019769833,0.638294744,          1613P   1844
-0.063716878,-0.591769833,0.625794744,-0.0565,-0.591769833,         1613P   1845
0.638294744,-0.063716878,0.,1.,0.,1.;                               1613P   1846
126,1,1,1,0,1,0,0.,0.,1.,1.,1.,1.,0.,0.,0.,1.,0.,0.,0.,1.,0.,       1615P   1847
0.,1.;                                                              1615P   1848
110,-1.019769833,0.625794744,-0.0565,-1.019769833,0.638294744,      1617P   1849
-0.063716878;                                                       1617P   1850
126,1,1,1,0,1,0,0.,0.,1.,1.,1.,1.,1.,0.,0.,1.,1.,0.,0.,1.,0.,       1619P   1851
0.,1.;                                                              1619P   1852
110,-1.019769833,0.638294744,-0.063716878,-0.591769833,             1621P   1853
0.638294744,-0.063716878;                                           1621P   1854
126,1,1,1,0,1,0,0.,0.,1.,1.,1.,1.,1.,1.,0.,0.,1.,0.,0.,1.,0.,       1623P   1855
0.,1.;                                                              1623P   1856
110,-0.591769833,0.638294744,-0.063716878,-0.591769833,             1625P   1857
0.625794744,-0.0565;                                                1625P   1858
126,1,1,1,0,1,0,0.,0.,1.,1.,1.,1.,0.,1.,0.,0.,0.,0.,0.,1.,0.,       1627P   1859
0.,1.;                                                              1627P   1860
110,-0.591769833,0.625794744,-0.0565,-1.019769833,0.625794744,      1629P   1861
-0.0565;                                                            1629P   1862
102,4,1615,1619,1623,1627;                                          1631P   1863
102,4,1617,1621,1625,1629;                                          1633P   1864
142,1,1613,1631,1633,1;                                             1635P   1865
144,1613,1,0,1635;                                                  1637P   1866
314,40.,56.8627450980392,87.4509803921569,;                         1639P   1867
128,1,1,1,1,0,0,1,0,0,0.,0.,1.,1.,0.,0.,1.,1.,1.,1.,1.,1.,          1641P   1868
-1.019769833,0.638294744,0.064716878,-1.019769833,0.625794744,      1641P   1869
0.0575,-0.591769833,0.638294744,0.064716878,-0.591769833,           1641P   1870
0.625794744,0.0575,0.,1.,0.,1.;                                     1641P   1871
126,1,1,1,0,1,0,0.,0.,1.,1.,1.,1.,1.,1.,0.,0.,1.,0.,0.,1.,0.,       1643P   1872
0.,1.;                                                              1643P   1873
110,-0.591769833,0.625794744,0.0575,-0.591769833,0.638294744,       1645P   1874
0.064716878;                                                        1645P   1875
126,1,1,1,0,1,0,0.,0.,1.,1.,1.,1.,0.,1.,0.,0.,0.,0.,0.,1.,0.,       1647P   1876
0.,1.;                                                              1647P   1877
110,-0.591769833,0.638294744,0.064716878,-1.019769833,              1649P   1878
0.638294744,0.064716878;                                            1649P   1879
126,1,1,1,0,1,0,0.,0.,1.,1.,1.,1.,0.,0.,0.,1.,0.,0.,0.,1.,0.,       1651P   1880
0.,1.;                                                              1651P   1881
110,-1.019769833,0.638294744,0.064716878,-1.019769833,              1653P   1882
0.625794744,0.0575;                                                 1653P   1883
126,1,1,1,0,1,0,0.,0.,1.,1.,1.,1.,1.,0.,0.,1.,1.,0.,0.,1.,0.,       1655P   1884
0.,1.;                                                              1655P   1885
110,-1.019769833,0.625794744,0.0575,-0.591769833,0.625794744,       1657P   1886
0.0575;                                                             1657P   1887
102,4,1643,1647,1651,1655;                                          1659P   1888
102,4,1645,1649,1653,1657;                                          1661P   1889
142,1,1641,1659,1661,1;                                             1663P   1890
144,1641,1,0,1663;                                                  1665P   1891
314,40.,56.8627450980392,87.4509803921569,;                         1667P   1892
110,-0.591769833,-38.744283996,0.0005,-0.591769833,0.625794744,     1669P   1893
0.0005;                                                             1669P   1894
110,-0.648769833,0.625794744,0.0005,-0.655986711,0.638294744,       1671P   1895
0.0005;                                                             1671P   1896
120,1669,1671,0.,6.28318530717959;                                  1673P   1897
126,1,1,1,0,1,0,0.,0.,1.,1.,1.,1.,0.,4.71238898,0.,1.,              1675P   1898
4.71238898,0.,0.,1.,0.,0.,1.;                                       1675P   1899
110,-0.591769833,0.625794744,-0.0565,-0.591769833,0.638294744,      1677P   1900
-0.063716878;                                                       1677P   1901
126,1,1,1,0,1,0,0.,0.,1.,1.,1.,1.,1.,4.71238898,0.,1.,              1679P   1902
1.570796327,0.,0.,1.,0.,0.,1.;                                      1679P   1903
124,-3.67373603889919E-015,1.,3.49004508582583E-015,                1681P   1904
-1.23006457733328,-6.12303176911317E-017,3.49004508582583E-015,     1681P   1905
-1.,0.638794744307004,-1.,-3.67373603889919E-015,                   1681P   1906
6.12303176911189E-017,-0.59126983302627;                            1681P   1907
100,0.0005,-0.591769833,0.638294744,-0.527552955,0.638294744,       1683P   1908
-0.655986711,0.638294744;                                           1683P   1909
126,1,1,1,0,1,0,0.,0.,1.,1.,1.,1.,1.,1.570796327,0.,0.,             1685P   1910
1.570796327,0.,0.,1.,0.,0.,1.;                                      1685P   1911
110,-0.591769833,0.638294744,0.064716878,-0.591769833,              1687P   1912
0.625794744,0.0575;                                                 1687P   1913
126,1,1,1,0,1,0,0.,0.,1.,1.,1.,1.,0.,1.570796327,0.,0.,             1689P   1914
4.71238898,0.,0.,1.,0.,0.,1.;                                       1689P   1915
124,-9.13985109896868E-014,1.,-3.28515648630101E-015,               1691P   1916
-1.21756457733333,7.04419703990958E-015,3.28515648630166E-015,      1691P   1917
1.,0.62529474430701,1.,9.13985109896868E-014,                       1691P   1918
-7.04419703990988E-015,0.592269833026214;                           1691P   1919
100,0.0005,-0.591769833,0.625794744,-0.534769833,0.625794744,       1693P   1920
-0.648769833,0.625794744;                                           1693P   1921
102,4,1675,1679,1685,1689;                                          1695P   1922
102,4,1677,1683,1687,1693;                                          1697P   1923
142,1,1673,1695,1697,1;                                             1699P   1924
144,1673,1,0,1699;                                                  1701P   1925
314,40.,56.8627450980392,87.4509803921569,;                         1703P   1926
128,1,1,1,1,0,0,1,0,0,0.,0.,1.,1.,0.,0.,1.,1.,1.,1.,1.,1.,          1705P   1927
-0.528985761,0.645794744,-0.059386751,-1.014769833,0.645794744,     1705P   1928
-0.059386751,-0.528985761,0.645794744,0.060386751,-1.014769833,     1705P   1929
0.645794744,0.060386751,0.,1.,0.,1.;                                1705P   1930
126,1,1,1,0,1,0,0.,0.,1.,1.,1.,1.,1.,1.,0.,0.129242755,1.,0.,       1707P   1931
0.,1.,0.,0.,1.;                                                     1707P   1932
110,-1.014769833,0.645794744,0.060386751,-0.591769833,              1709P   1933
0.645794744,0.060386751;                                            1709P   1934
126,32,2,1,0,1,0,0.,0.,0.,0.0625,0.0625,0.125,0.125,0.1875,         1711P   1935
0.1875,0.25,0.25,0.3125,0.3125,0.375,0.375,0.4375,0.4375,0.5,       1711P   1936
0.5,0.5625,0.5625,0.625,0.625,0.6875,0.6875,0.75,0.75,0.8125,       1711P   1937
0.8125,0.875,0.875,0.9375,0.9375,1.,1.,1.,1.,1.,1.,1.,1.,1.,1.,     1711P   1938
1.,1.,1.,1.,1.,1.,1.,1.,1.,1.,1.,1.,1.,1.,1.,1.,1.,1.,1.,1.,1.,     1711P   1939
1.,1.,1.,1.,1.,0.129242755,1.,0.,0.117100879,1.,0.,0.105192305,     1711P   1940
0.99039264,0.,0.093283731,0.98078528,0.,0.0820661,0.961939766,      1711P   1941
0.,0.070848469,0.943094252,0.,0.060752868,0.915734806,0.,           1711P   1942
0.050657266,0.88837536,0.,0.042071663,0.853553391,0.,               1711P   1943
0.03348606,0.818731421,0.,0.026740395,0.777785117,0.,               1711P   1944
0.01999473,0.736838812,0.,0.015348235,0.691341716,0.,               1711P   1945
0.01070174,0.64584462,0.,0.008332977,0.597545161,0.,                1711P   1946
0.005964215,0.549245702,0.,0.005964215,0.5,0.,0.005964215,          1711P   1947
0.450754298,0.,0.008332977,0.402454839,0.,0.01070174,               1711P   1948
0.35415538,0.,0.015348235,0.308658284,0.,0.01999473,                1711P   1949
0.263161188,0.,0.026740395,0.222214883,0.,0.03348606,               1711P   1950
0.181268579,0.,0.042071663,0.146446609,0.,0.050657266,              1711P   1951
0.11162464,0.,0.060752868,0.084265194,0.,0.070848469,               1711P   1952
0.056905748,0.,0.0820661,0.038060234,0.,0.093283731,0.01921472,     1711P   1953
0.,0.105192305,0.00960736,0.,0.117100879,0.,0.,0.129242755,0.,      1711P   1954
0.,0.,1.,0.,0.,-1.;                                                 1711P   1955
124,-9.49512246684873E-014,1.,-3.28515648630101E-015,               1713P   1956
-1.23756457733334,7.04419703990957E-015,3.28515648630168E-015,      1713P   1957
1.,0.645294744307011,1.,9.49512246684873E-014,                      1713P   1958
-7.04419703990988E-015,0.592269833026209;                           1713P   1959
100,0.0005,-0.591769833,0.645794744,-0.531883082,0.645794744,       1715P   1960
-0.651656584,0.645794744;                                           1715P   1961
126,1,1,1,0,1,0,0.,0.,1.,1.,1.,1.,0.129242755,0.,0.,1.,0.,0.,       1717P   1962
0.,1.,0.,0.,1.;                                                     1717P   1963
110,-0.591769833,0.645794744,-0.059386751,-1.014769833,             1719P   1964
0.645794744,-0.059386751;                                           1719P   1965
126,1,1,1,0,1,0,0.,0.,1.,1.,1.,1.,1.,0.,0.,1.,1.,0.,0.,1.,0.,       1721P   1966
0.,1.;                                                              1721P   1967
110,-1.014769833,0.645794744,-0.059386751,-1.014769833,             1723P   1968
0.645794744,0.060386751;                                            1723P   1969
102,4,1707,1711,1717,1721;                                          1725P   1970
102,4,1709,1715,1719,1723;                                          1727P   1971
142,1,1705,1725,1727,1;                                             1729P   1972
144,1705,1,0,1729;                                                  1731P   1973
314,40.,56.8627450980392,87.4509803921569,;                         1733P   1974
128,1,1,1,1,0,0,1,0,0,0.,0.,1.,1.,0.,0.,1.,1.,1.,1.,1.,1.,          1735P   1975
-1.019769833,0.534011623,-0.168,-1.019769833,0.526794744,           1735P   1976
-0.1555,-0.591769833,0.534011623,-0.168,-0.591769833,               1735P   1977
0.526794744,-0.1555,0.,1.,0.,1.;                                    1735P   1978
126,1,1,1,0,1,0,0.,0.,1.,1.,1.,1.,1.,1.,0.,0.,1.,0.,0.,1.,0.,       1737P   1979
0.,1.;                                                              1737P   1980
110,-0.591769833,0.526794744,-0.1555,-0.591769833,0.534011623,      1739P   1981
-0.168;                                                             1739P   1982
126,1,1,1,0,1,0,0.,0.,1.,1.,1.,1.,0.,1.,0.,0.,0.,0.,0.,1.,0.,       1741P   1983
0.,1.;                                                              1741P   1984
110,-0.591769833,0.534011623,-0.168,-1.019769833,0.534011623,       1743P   1985
-0.168;                                                             1743P   1986
126,1,1,1,0,1,0,0.,0.,1.,1.,1.,1.,0.,0.,0.,1.,0.,0.,0.,1.,0.,       1745P   1987
0.,1.;                                                              1745P   1988
110,-1.019769833,0.534011623,-0.168,-1.019769833,0.526794744,       1747P   1989
-0.1555;                                                            1747P   1990
126,1,1,1,0,1,0,0.,0.,1.,1.,1.,1.,1.,0.,0.,1.,1.,0.,0.,1.,0.,       1749P   1991
0.,1.;                                                              1749P   1992
110,-1.019769833,0.526794744,-0.1555,-0.591769833,0.526794744,      1751P   1993
-0.1555;                                                            1751P   1994
102,4,1737,1741,1745,1749;                                          1753P   1995
102,4,1739,1743,1747,1751;                                          1755P   1996
142,1,1735,1753,1755,1;                                             1757P   1997
144,1735,1,0,1757;                                                  1759P   1998
314,40.,56.8627450980392,87.4509803921569,;                         1761P   1999
110,-0.591769833,0.469794744,39.21457874,-0.591769833,              1763P   2000
0.469794744,-0.1555;                                                1763P   2001
110,-0.534769833,0.469794744,-0.1555,-0.527552955,0.469794744,      1765P   2002
-0.168;                                                             1765P   2003
120,1763,1765,0.,6.28318530717959;                                  1767P   2004
126,1,1,1,0,1,0,0.,0.,1.,1.,1.,1.,1.,0.,0.,0.,0.,0.,0.,1.,0.,       1769P   2005
0.,1.;                                                              1769P   2006
110,-0.527552955,0.469794744,-0.168,-0.534769833,0.469794744,       1771P   2007
-0.1555;                                                            1771P   2008
126,1,1,1,0,1,0,0.,0.,1.,1.,1.,1.,0.,0.,0.,0.,1.570796327,0.,       1773P   2009
0.,1.,0.,0.,1.;                                                     1773P   2010
124,1.,-1.4307402020028E-014,-6.98296672221766E-015,                1775P   2011
5.67109350977185E-015,-1.43074020200283E-014,-1.,                   1775P   2012
-3.83417262268667E-014,0.939589488613999,                           1775P   2013
-6.98296672221711E-015,3.83417262268668E-014,-1.,                   1775P   2014
-0.311000000000021;                                                 1775P   2015
100,-0.1555,-0.591769833,0.469794744,-0.534769833,0.469794744,      1777P   2016
-0.591769833,0.526794744;                                           1777P   2017
126,1,1,1,0,1,0,0.,0.,1.,1.,1.,1.,0.,1.570796327,0.,1.,             1779P   2018
1.570796327,0.,0.,1.,0.,0.,1.;                                      1779P   2019
110,-0.591769833,0.412794744,-0.1555,-0.591769833,0.405577866,      1781P   2020
-0.168;                                                             1781P   2021
126,1,1,1,0,1,0,0.,0.,1.,1.,1.,1.,1.,1.570796327,0.,1.,0.,0.,       1783P   2022
0.,1.,0.,0.,1.;                                                     1783P   2023
100,-0.168,-0.591769833,0.469794744,-0.591769833,0.405577866,       1785P   2024
-0.527552955,0.469794744;                                           1785P   2025
102,4,1769,1773,1779,1783;                                          1787P   2026
102,4,1771,1777,1781,1785;                                          1789P   2027
142,1,1767,1787,1789,1;                                             1791P   2028
144,1767,1,0,1791;                                                  1793P   2029
314,40.,56.8627450980392,87.4509803921569,;                         1795P   2030
128,1,1,1,1,0,0,1,0,0,0.,0.,1.,1.,0.,0.,1.,1.,1.,1.,1.,1.,          1797P   2031
-1.019769833,0.412794744,-0.1555,-1.019769833,0.405577866,          1797P   2032
-0.168,-0.591769833,0.412794744,-0.1555,-0.591769833,               1797P   2033
0.405577866,-0.168,0.,1.,0.,1.;                                     1797P   2034
126,1,1,1,0,1,0,0.,0.,1.,1.,1.,1.,0.,0.,0.,1.,0.,0.,0.,1.,0.,       1799P   2035
0.,1.;                                                              1799P   2036
110,-1.019769833,0.412794744,-0.1555,-1.019769833,0.405577866,      1801P   2037
-0.168;                                                             1801P   2038
126,1,1,1,0,1,0,0.,0.,1.,1.,1.,1.,1.,0.,0.,1.,1.,0.,0.,1.,0.,       1803P   2039
0.,1.;                                                              1803P   2040
110,-1.019769833,0.405577866,-0.168,-0.591769833,0.405577866,       1805P   2041
-0.168;                                                             1805P   2042
126,1,1,1,0,1,0,0.,0.,1.,1.,1.,1.,1.,1.,0.,0.,1.,0.,0.,1.,0.,       1807P   2043
0.,1.;                                                              1807P   2044
110,-0.591769833,0.405577866,-0.168,-0.591769833,0.412794744,       1809P   2045
-0.1555;                                                            1809P   2046
126,1,1,1,0,1,0,0.,0.,1.,1.,1.,1.,0.,1.,0.,0.,0.,0.,0.,1.,0.,       1811P   2047
0.,1.;                                                              1811P   2048
110,-0.591769833,0.412794744,-0.1555,-1.019769833,0.412794744,      1813P   2049
-0.1555;                                                            1813P   2050
102,4,1799,1803,1807,1811;                                          1815P   2051
102,4,1801,1805,1809,1813;                                          1817P   2052
142,1,1797,1815,1817,1;                                             1819P   2053
144,1797,1,0,1819;                                                  1821P   2054
314,40.,56.8627450980392,87.4509803921569,;                         1823P   2055
128,1,1,1,1,0,0,1,0,0,0.,0.,1.,1.,0.,0.,1.,1.,1.,1.,1.,1.,          1825P   2056
-1.014769833,0.529681496,-0.1755,-0.528985761,0.529681496,          1825P   2057
-0.1755,-1.014769833,0.409907993,-0.1755,-0.528985761,              1825P   2058
0.409907993,-0.1755,0.,1.,0.,1.;                                    1825P   2059
126,16,2,1,0,1,0,0.,0.,0.,0.125,0.125,0.25,0.25,0.375,0.375,        1827P   2060
0.5,0.5,0.625,0.625,0.75,0.75,0.875,0.875,1.,1.,1.,1.,1.,1.,1.,     1827P   2061
1.,1.,1.,1.,1.,1.,1.,1.,1.,1.,1.,1.,1.,0.870757245,0.,0.,           1827P   2062
0.882899121,0.,0.,0.894807695,0.00960736,0.,0.906716269,            1827P   2063
0.01921472,0.,0.9179339,0.038060234,0.,0.929151531,0.056905748,     1827P   2064
0.,0.939247132,0.084265194,0.,0.949342734,0.11162464,0.,            1827P   2065
0.957928337,0.146446609,0.,0.96651394,0.181268579,0.,               1827P   2066
0.973259605,0.222214883,0.,0.98000527,0.263161188,0.,               1827P   2067
0.984651765,0.308658284,0.,0.98929826,0.35415538,0.,                1827P   2068
0.991667023,0.402454839,0.,0.994035785,0.450754298,0.,              1827P   2069
0.994035785,0.5,0.,0.,1.,0.,0.,-1.;                                 1827P   2070
124,-2.21961472087438E-015,1.,6.84253511569659E-015,                1829P   2071
-1.06156457733328,1.,2.21961472087443E-015,                         1829P   2072
-6.98296672221876E-015,1.06156457733328,-6.98296672221877E-015,     1829P   2073
6.84253511569657E-015,-1.,-0.351000000000006;                       1829P   2074
100,-0.1755,-0.591769833,0.469794744,-0.531883082,0.469794744,      1831P   2075
-0.591769833,0.529681496;                                           1831P   2076
126,16,2,1,0,1,0,0.,0.,0.,0.125,0.125,0.25,0.25,0.375,0.375,        1833P   2077
0.5,0.5,0.625,0.625,0.75,0.75,0.875,0.875,1.,1.,1.,1.,1.,1.,1.,     1833P   2078
1.,1.,1.,1.,1.,1.,1.,1.,1.,1.,1.,1.,1.,0.994035785,0.5,0.,          1833P   2079
0.994035785,0.549245702,0.,0.991667023,0.597545161,0.,              1833P   2080
0.98929826,0.64584462,0.,0.984651765,0.691341716,0.,0.98000527,     1833P   2081
0.736838812,0.,0.973259605,0.777785117,0.,0.96651394,               1833P   2082
0.818731421,0.,0.957928337,0.853553391,0.,0.949342734,              1833P   2083
0.88837536,0.,0.939247132,0.915734806,0.,0.929151531,               1833P   2084
0.943094252,0.,0.9179339,0.961939766,0.,0.906716269,0.98078528,     1833P   2085
0.,0.894807695,0.99039264,0.,0.882899121,1.,0.,0.870757245,1.,      1833P   2086
0.,0.,1.,0.,0.,-1.;                                                 1833P   2087
124,1.,-1.14238588207194E-014,-6.98296672221876E-015,               1835P   2088
4.11664815752153E-015,-1.14238588207194E-014,-1.,0.,                1835P   2089
0.939589488614006,-6.98296672221876E-015,7.97724259844088E-029,     1835P   2090
-1.,-0.351000000000003;                                             1835P   2091
100,-0.1755,-0.591769833,0.469794744,-0.531883082,0.469794744,      1837P   2092
-0.591769833,0.529681496;                                           1837P   2093
126,1,1,1,0,1,0,0.,0.,1.,1.,1.,1.,0.870757245,1.,0.,0.,1.,0.,       1839P   2094
0.,1.,0.,0.,1.;                                                     1839P   2095
110,-0.591769833,0.409907993,-0.1755,-1.014769833,0.409907993,      1841P   2096
-0.1755;                                                            1841P   2097
126,1,1,1,0,1,0,0.,0.,1.,1.,1.,1.,0.,1.,0.,0.,0.,0.,0.,1.,0.,       1843P   2098
0.,1.;                                                              1843P   2099
110,-1.014769833,0.409907993,-0.1755,-1.014769833,0.529681496,      1845P   2100
-0.1755;                                                            1845P   2101
126,1,1,1,0,1,0,0.,0.,1.,1.,1.,1.,0.,0.,0.,0.870757245,0.,0.,       1847P   2102
0.,1.,0.,0.,1.;                                                     1847P   2103
110,-1.014769833,0.529681496,-0.1755,-0.591769833,0.529681496,      1849P   2104
-0.1755;                                                            1849P   2105
102,5,1827,1833,1839,1843,1847;                                     1851P   2106
102,5,1831,1837,1841,1845,1849;                                     1853P   2107
142,1,1825,1851,1853,1;                                             1855P   2108
144,1825,1,0,1855;                                                  1857P   2109
314,40.,56.8627450980392,87.4509803921569,;                         1859P   2110
128,1,1,1,1,0,0,1,0,0,0.,0.,1.,1.,0.,0.,1.,1.,1.,1.,1.,1.,          1861P   2111
-1.019769833,0.339794744,-0.071511107,-0.516758659,0.339794744,     1861P   2112
-0.071511107,-1.019769833,0.339794744,0.072511107,-0.516758659,     1861P   2113
0.339794744,0.072511107,0.,1.,0.,1.;                                1861P   2114
126,1,1,1,0,1,0,0.,0.,1.,1.,1.,1.,0.,1.,0.,0.,0.,0.,0.,1.,0.,       1863P   2115
0.,1.;                                                              1863P   2116
110,-1.019769833,0.339794744,0.072511107,-1.019769833,              1865P   2117
0.339794744,-0.071511107;                                           1865P   2118
126,1,1,1,0,1,0,0.,0.,1.,1.,1.,1.,0.,0.,0.,0.850875731,0.,0.,       1867P   2119
0.,1.,0.,0.,1.;                                                     1867P   2120
110,-1.019769833,0.339794744,-0.071511107,-0.591769833,             1869P   2121
0.339794744,-0.071511107;                                           1869P   2122
126,16,2,1,0,1,0,0.,0.,0.,0.125,0.125,0.25,0.25,0.375,0.375,        1871P   2123
0.5,0.5,0.625,0.625,0.75,0.75,0.875,0.875,1.,1.,1.,1.,1.,1.,1.,     1871P   2124
1.,1.,1.,1.,1.,1.,1.,1.,1.,1.,1.,1.,1.,0.850875731,0.,0.,           1871P   2125
0.864975766,0.,0.,0.878804872,0.00960736,0.,0.892633978,            1871P   2126
0.01921472,0.,0.905660712,0.038060234,0.,0.918687445,               1871P   2127
0.056905748,0.,0.930411196,0.084265194,0.,0.942134946,              1871P   2128
0.11162464,0.,0.952105176,0.146446609,0.,0.962075406,               1871P   2129
0.181268579,0.,0.969908966,0.222214883,0.,0.977742525,              1871P   2130
0.263161188,0.,0.983138375,0.308658284,0.,0.988534225,              1871P   2131
0.35415538,0.,0.991285005,0.402454839,0.,0.994035785,               1871P   2132
0.450754298,0.,0.994035785,0.5,0.,0.,1.,0.,0.,-1.;                  1871P   2133
124,7.14773260623295E-014,1.,-3.2712786984932E-015,                 1873P   2134
-0.931564577333234,-6.12303176913527E-017,                          1873P   2135
-3.27127869849319E-015,-1.,0.340294744307004,-1.,                   1873P   2136
7.14773260623295E-014,6.12303176911189E-017,-0.591269833026297;     1873P   2137
100,0.0005,-0.591769833,0.339794744,-0.519758726,0.339794744,       1875P   2138
-0.591769833,0.411805851;                                           1875P   2139
126,16,2,1,0,1,0,0.,0.,0.,0.125,0.125,0.25,0.25,0.375,0.375,        1877P   2140
0.5,0.5,0.625,0.625,0.75,0.75,0.875,0.875,1.,1.,1.,1.,1.,1.,1.,     1877P   2141
1.,1.,1.,1.,1.,1.,1.,1.,1.,1.,1.,1.,1.,0.994035785,0.5,0.,          1877P   2142
0.994035785,0.549245702,0.,0.991285005,0.597545161,0.,              1877P   2143
0.988534225,0.64584462,0.,0.983138375,0.691341716,0.,               1877P   2144
0.977742525,0.736838812,0.,0.969908966,0.777785117,0.,              1877P   2145
0.962075406,0.818731421,0.,0.952105176,0.853553391,0.,              1877P   2146
0.942134946,0.88837536,0.,0.930411196,0.915734806,0.,               1877P   2147
0.918687445,0.943094252,0.,0.905660712,0.961939766,0.,              1877P   2148
0.892633978,0.98078528,0.,0.878804872,0.99039264,0.,                1877P   2149
0.864975766,1.,0.,0.850875731,1.,0.,0.,1.,0.,0.,-1.;                1877P   2150
124,1.,-1.72372121429307E-014,-3.2712786984932E-015,                1879P   2151
5.86895523739608E-015,-3.2712786984932E-015,                        1879P   2152
6.12303176911753E-017,-1.,0.340294744307001,                        1879P   2153
1.72372121429307E-014,1.,6.12303176911189E-017,                     1879P   2154
-0.339294744306995;                                                 1879P   2155
100,0.0005,-0.591769833,0.339794744,-0.519758726,0.339794744,       1881P   2156
-0.591769833,0.411805851;                                           1881P   2157
126,1,1,1,0,1,0,0.,0.,1.,1.,1.,1.,0.850875731,1.,0.,0.,1.,0.,       1883P   2158
0.,1.,0.,0.,1.;                                                     1883P   2159
110,-0.591769833,0.339794744,0.072511107,-1.019769833,              1885P   2160
0.339794744,0.072511107;                                            1885P   2161
102,5,1863,1867,1871,1877,1883;                                     1887P   2162
102,5,1865,1869,1875,1881,1885;                                     1889P   2163
142,1,1861,1887,1889,1;                                             1891P   2164
144,1861,1,0,1891;                                                  1893P   2165
314,40.,56.8627450980392,87.4509803921569,;                         1895P   2166
128,1,1,1,1,0,0,1,0,0,0.,0.,1.,1.,0.,0.,1.,1.,1.,1.,1.,1.,          1897P   2167
-1.019769833,0.339794744,0.072511107,-1.019769833,0.313794744,      1897P   2168
0.0575,-0.591769833,0.339794744,0.072511107,-0.591769833,           1897P   2169
0.313794744,0.0575,0.,1.,0.,1.;                                     1897P   2170
126,1,1,1,0,1,0,0.,0.,1.,1.,1.,1.,1.,0.,0.,1.,1.,0.,0.,1.,0.,       1899P   2171
0.,1.;                                                              1899P   2172
110,-1.019769833,0.313794744,0.0575,-0.591769833,0.313794744,       1901P   2173
0.0575;                                                             1901P   2174
126,1,1,1,0,1,0,0.,0.,1.,1.,1.,1.,1.,1.,0.,0.,1.,0.,0.,1.,0.,       1903P   2175
0.,1.;                                                              1903P   2176
110,-0.591769833,0.313794744,0.0575,-0.591769833,0.339794744,       1905P   2177
0.072511107;                                                        1905P   2178
126,1,1,1,0,1,0,0.,0.,1.,1.,1.,1.,0.,1.,0.,0.,0.,0.,0.,1.,0.,       1907P   2179
0.,1.;                                                              1907P   2180
110,-0.591769833,0.339794744,0.072511107,-1.019769833,              1909P   2181
0.339794744,0.072511107;                                            1909P   2182
126,1,1,1,0,1,0,0.,0.,1.,1.,1.,1.,0.,0.,0.,1.,0.,0.,0.,1.,0.,       1911P   2183
0.,1.;                                                              1911P   2184
110,-1.019769833,0.339794744,0.072511107,-1.019769833,              1913P   2185
0.313794744,0.0575;                                                 1913P   2186
102,4,1899,1903,1907,1911;                                          1915P   2187
102,4,1901,1905,1909,1913;                                          1917P   2188
142,1,1897,1915,1917,1;                                             1919P   2189
144,1897,1,0,1919;                                                  1921P   2190
314,40.,56.8627450980392,87.4509803921569,;                         1923P   2191
128,1,1,1,1,0,0,1,0,0,0.,0.,1.,1.,0.,0.,1.,1.,1.,1.,1.,1.,          1925P   2192
-1.019769833,0.313794744,-0.0565,-1.019769833,0.339794744,          1925P   2193
-0.071511107,-0.591769833,0.313794744,-0.0565,-0.591769833,         1925P   2194
0.339794744,-0.071511107,0.,1.,0.,1.;                               1925P   2195
126,1,1,1,0,1,0,0.,0.,1.,1.,1.,1.,1.,0.,0.,1.,1.,0.,0.,1.,0.,       1927P   2196
0.,1.;                                                              1927P   2197
110,-1.019769833,0.339794744,-0.071511107,-0.591769833,             1929P   2198
0.339794744,-0.071511107;                                           1929P   2199
126,1,1,1,0,1,0,0.,0.,1.,1.,1.,1.,1.,1.,0.,0.,1.,0.,0.,1.,0.,       1931P   2200
0.,1.;                                                              1931P   2201
110,-0.591769833,0.339794744,-0.071511107,-0.591769833,             1933P   2202
0.313794744,-0.0565;                                                1933P   2203
126,1,1,1,0,1,0,0.,0.,1.,1.,1.,1.,0.,1.,0.,0.,0.,0.,0.,1.,0.,       1935P   2204
0.,1.;                                                              1935P   2205
110,-0.591769833,0.313794744,-0.0565,-1.019769833,0.313794744,      1937P   2206
-0.0565;                                                            1937P   2207
126,1,1,1,0,1,0,0.,0.,1.,1.,1.,1.,0.,0.,0.,1.,0.,0.,0.,1.,0.,       1939P   2208
0.,1.;                                                              1939P   2209
110,-1.019769833,0.313794744,-0.0565,-1.019769833,0.339794744,      1941P   2210
-0.071511107;                                                       1941P   2211
102,4,1927,1931,1935,1939;                                          1943P   2212
102,4,1929,1933,1937,1941;                                          1945P   2213
142,1,1925,1943,1945,1;                                             1947P   2214
144,1925,1,0,1947;                                                  1949P   2215
314,40.,56.8627450980392,87.4509803921569,;                         1951P   2216
110,-0.591769833,-39.056283996,0.0005,-0.591769833,0.313794744,     1953P   2217
0.0005;                                                             1953P   2218
110,-0.534769833,0.313794744,0.0005,-0.519758726,0.339794744,       1955P   2219
0.0005;                                                             1955P   2220
120,1953,1955,0.,6.28318530717959;                                  1957P   2221
126,1,1,1,0,1,0,0.,0.,1.,1.,1.,1.,1.,6.283185307,0.,1.,             1959P   2222
4.71238898,0.,0.,1.,0.,0.,1.;                                       1959P   2223
124,1.,-1.72372121429307E-014,-3.2712786984932E-015,                1961P   2224
5.86895523739608E-015,-3.2712786984932E-015,                        1961P   2225
6.12303176911753E-017,-1.,0.340294744307001,                        1961P   2226
1.72372121429307E-014,1.,6.12303176911189E-017,                     1961P   2227
-0.339294744306995;                                                 1961P   2228
100,0.0005,-0.591769833,0.339794744,-0.519758726,0.339794744,       1963P   2229
-0.591769833,0.411805851;                                           1963P   2230
126,1,1,1,0,1,0,0.,0.,1.,1.,1.,1.,1.,4.71238898,0.,0.,              1965P   2231
4.71238898,0.,0.,1.,0.,0.,1.;                                       1965P   2232
110,-0.591769833,0.339794744,0.072511107,-0.591769833,              1967P   2233
0.313794744,0.0575;                                                 1967P   2234
126,1,1,1,0,1,0,0.,0.,1.,1.,1.,1.,0.,4.71238898,0.,0.,              1969P   2235
6.283185307,0.,0.,1.,0.,0.,1.;                                      1969P   2236
124,-1.46759806485826E-014,1.,3.2712786984932E-015,                 1971P   2237
-0.905564577333284,7.04419703990993E-015,                           1971P   2238
-3.27127869849309E-015,1.,0.31329474430701,1.,                      1971P   2239
1.46759806485827E-014,-7.04419703990988E-015,0.592269833026266;     1971P   2240
100,0.0005,-0.591769833,0.313794744,-0.534769833,0.313794744,       1973P   2241
-0.591769833,0.370794744;                                           1973P   2242
126,1,1,1,0,1,0,0.,0.,1.,1.,1.,1.,0.,6.283185307,0.,1.,             1975P   2243
6.283185307,0.,0.,1.,0.,0.,1.;                                      1975P   2244
110,-0.534769833,0.313794744,0.0005,-0.519758726,0.339794744,       1977P   2245
0.0005;                                                             1977P   2246
102,4,1959,1965,1969,1975;                                          1979P   2247
102,4,1963,1967,1973,1977;                                          1981P   2248
142,1,1957,1979,1981,1;                                             1983P   2249
144,1957,1,0,1983;                                                  1985P   2250
314,40.,56.8627450980392,87.4509803921569,;                         1987P   2251
128,1,1,1,1,0,0,1,0,0,0.,0.,1.,1.,0.,0.,1.,1.,1.,1.,1.,1.,          1989P   2252
-0.516758659,0.541805851,0.1305,-1.019769833,0.541805851,           1989P   2253
0.1305,-0.516758659,0.397783637,0.1305,-1.019769833,                1989P   2254
0.397783637,0.1305,0.,1.,0.,1.;                                     1989P   2255
126,1,1,1,0,1,0,0.,0.,1.,1.,1.,1.,1.,0.,0.,1.,1.,0.,0.,1.,0.,       1991P   2256
0.,1.;                                                              1991P   2257
110,-1.019769833,0.541805851,0.1305,-1.019769833,0.397783637,       1993P   2258
0.1305;                                                             1993P   2259
126,1,1,1,0,1,0,0.,0.,1.,1.,1.,1.,1.,1.,0.,0.149124269,1.,0.,       1995P   2260
0.,1.,0.,0.,1.;                                                     1995P   2261
110,-1.019769833,0.397783637,0.1305,-0.591769833,0.397783637,       1997P   2262
0.1305;                                                             1997P   2263
126,32,2,1,0,1,0,0.,0.,0.,0.0625,0.0625,0.125,0.125,0.1875,         1999P   2264
0.1875,0.25,0.25,0.3125,0.3125,0.375,0.375,0.4375,0.4375,0.5,       1999P   2265
0.5,0.5625,0.5625,0.625,0.625,0.6875,0.6875,0.75,0.75,0.8125,       1999P   2266
0.8125,0.875,0.875,0.9375,0.9375,1.,1.,1.,1.,1.,1.,1.,1.,1.,1.,     1999P   2267
1.,1.,1.,1.,1.,1.,1.,1.,1.,1.,1.,1.,1.,1.,1.,1.,1.,1.,1.,1.,1.,     1999P   2268
1.,1.,1.,1.,1.,0.149124269,1.,0.,0.135024234,1.,0.,0.121195128,     1999P   2269
0.99039264,0.,0.107366022,0.98078528,0.,0.094339288,                1999P   2270
0.961939766,0.,0.081312555,0.943094252,0.,0.069588804,              1999P   2271
0.915734806,0.,0.057865054,0.88837536,0.,0.047894824,               1999P   2272
0.853553391,0.,0.037924594,0.818731421,0.,0.030091034,              1999P   2273
0.777785117,0.,0.022257475,0.736838812,0.,0.016861625,              1999P   2274
0.691341716,0.,0.011465775,0.64584462,0.,0.008714995,               1999P   2275
0.597545161,0.,0.005964215,0.549245702,0.,0.005964215,0.5,0.,       1999P   2276
0.005964215,0.450754298,0.,0.008714995,0.402454839,0.,              1999P   2277
0.011465775,0.35415538,0.,0.016861625,0.308658284,0.,               1999P   2278
0.022257475,0.263161188,0.,0.030091034,0.222214883,0.,              1999P   2279
0.037924594,0.181268579,0.,0.047894824,0.146446609,0.,              1999P   2280
0.057865054,0.11162464,0.,0.069588804,0.084265194,0.,               1999P   2281
0.081312555,0.056905748,0.,0.094339288,0.038060234,0.,              1999P   2282
0.107366022,0.01921472,0.,0.121195128,0.00960736,0.,                1999P   2283
0.135024234,0.,0.,0.149124269,0.,0.,0.,1.,0.,0.,-1.;                1999P   2284
100,0.1305,-0.591769833,0.469794744,-0.591769833,0.397783637,       2001P   2285
-0.591769833,0.541805851;                                           2001P   2286
126,1,1,1,0,1,0,0.,0.,1.,1.,1.,1.,0.149124269,0.,0.,1.,0.,0.,       2003P   2287
0.,1.,0.,0.,1.;                                                     2003P   2288
110,-0.591769833,0.541805851,0.1305,-1.019769833,0.541805851,       2005P   2289
0.1305;                                                             2005P   2290
102,4,1991,1995,1999,2003;                                          2007P   2291
102,4,1993,1997,2001,2005;                                          2009P   2292
142,1,1989,2007,2009,1;                                             2011P   2293
144,1989,1,0,2011;                                                  2013P   2294
314,40.,56.8627450980392,87.4509803921569,;                         2015P   2295
128,1,1,1,1,0,0,1,0,0,0.,0.,1.,1.,0.,0.,1.,1.,1.,1.,1.,1.,          2017P   2296
-1.019769833,0.541805851,0.1305,-1.019769833,0.526794744,           2017P   2297
0.1565,-0.591769833,0.541805851,0.1305,-0.591769833,                2017P   2298
0.526794744,0.1565,0.,1.,0.,1.;                                     2017P   2299
126,1,1,1,0,1,0,0.,0.,1.,1.,1.,1.,1.,0.,0.,1.,1.,0.,0.,1.,0.,       2019P   2300
0.,1.;                                                              2019P   2301
110,-1.019769833,0.526794744,0.1565,-0.591769833,0.526794744,       2021P   2302
0.1565;                                                             2021P   2303
126,1,1,1,0,1,0,0.,0.,1.,1.,1.,1.,1.,1.,0.,0.,1.,0.,0.,1.,0.,       2023P   2304
0.,1.;                                                              2023P   2305
110,-0.591769833,0.526794744,0.1565,-0.591769833,0.541805851,       2025P   2306
0.1305;                                                             2025P   2307
126,1,1,1,0,1,0,0.,0.,1.,1.,1.,1.,0.,1.,0.,0.,0.,0.,0.,1.,0.,       2027P   2308
0.,1.;                                                              2027P   2309
110,-0.591769833,0.541805851,0.1305,-1.019769833,0.541805851,       2029P   2310
0.1305;                                                             2029P   2311
126,1,1,1,0,1,0,0.,0.,1.,1.,1.,1.,0.,0.,0.,1.,0.,0.,0.,1.,0.,       2031P   2312
0.,1.;                                                              2031P   2313
110,-1.019769833,0.541805851,0.1305,-1.019769833,0.526794744,       2033P   2314
0.1565;                                                             2033P   2315
102,4,2019,2023,2027,2031;                                          2035P   2316
102,4,2021,2025,2029,2033;                                          2037P   2317
142,1,2017,2035,2037,1;                                             2039P   2318
144,2017,1,0,2039;                                                  2041P   2319
314,40.,56.8627450980392,87.4509803921569,;                         2043P   2320
128,1,1,1,1,0,0,1,0,0,0.,0.,1.,1.,0.,0.,1.,1.,1.,1.,1.,1.,          2045P   2321
-1.019769833,0.412794744,0.1565,-1.019769833,0.397783637,           2045P   2322
0.1305,-0.591769833,0.412794744,0.1565,-0.591769833,                2045P   2323
0.397783637,0.1305,0.,1.,0.,1.;                                     2045P   2324
126,1,1,1,0,1,0,0.,0.,1.,1.,1.,1.,1.,0.,0.,1.,1.,0.,0.,1.,0.,       2047P   2325
0.,1.;                                                              2047P   2326
110,-1.019769833,0.397783637,0.1305,-0.591769833,0.397783637,       2049P   2327
0.1305;                                                             2049P   2328
126,1,1,1,0,1,0,0.,0.,1.,1.,1.,1.,1.,1.,0.,0.,1.,0.,0.,1.,0.,       2051P   2329
0.,1.;                                                              2051P   2330
110,-0.591769833,0.397783637,0.1305,-0.591769833,0.412794744,       2053P   2331
0.1565;                                                             2053P   2332
126,1,1,1,0,1,0,0.,0.,1.,1.,1.,1.,0.,1.,0.,0.,0.,0.,0.,1.,0.,       2055P   2333
0.,1.;                                                              2055P   2334
110,-0.591769833,0.412794744,0.1565,-1.019769833,0.412794744,       2057P   2335
0.1565;                                                             2057P   2336
126,1,1,1,0,1,0,0.,0.,1.,1.,1.,1.,0.,0.,0.,1.,0.,0.,0.,1.,0.,       2059P   2337
0.,1.;                                                              2059P   2338
110,-1.019769833,0.412794744,0.1565,-1.019769833,0.397783637,       2061P   2339
0.1305;                                                             2061P   2340
102,4,2047,2051,2055,2059;                                          2063P   2341
102,4,2049,2053,2057,2061;                                          2065P   2342
142,1,2045,2063,2065,1;                                             2067P   2343
144,2045,1,0,2067;                                                  2069P   2344
314,40.,56.8627450980392,87.4509803921569,;                         2071P   2345
110,-0.591769833,0.469794744,39.52657874,-0.591769833,              2073P   2346
0.469794744,0.1565;                                                 2073P   2347
110,-0.648769833,0.469794744,0.1565,-0.66378094,0.469794744,        2075P   2348
0.1305;                                                             2075P   2349
120,2073,2075,0.,6.28318530717959;                                  2077P   2350
126,1,1,1,0,1,0,0.,0.,1.,1.,1.,1.,0.,4.71238898,0.,1.,              2079P   2351
4.71238898,0.,0.,1.,0.,0.,1.;                                       2079P   2352
110,-0.591769833,0.412794744,0.1565,-0.591769833,0.397783637,       2081P   2353
0.1305;                                                             2081P   2354
126,1,1,1,0,1,0,0.,0.,1.,1.,1.,1.,1.,4.71238898,0.,1.,              2083P   2355
1.570796327,0.,0.,1.,0.,0.,1.;                                      2083P   2356
100,0.1305,-0.591769833,0.469794744,-0.591769833,0.397783637,       2085P   2357
-0.591769833,0.541805851;                                           2085P   2358
126,1,1,1,0,1,0,0.,0.,1.,1.,1.,1.,1.,1.570796327,0.,0.,             2087P   2359
1.570796327,0.,0.,1.,0.,0.,1.;                                      2087P   2360
110,-0.591769833,0.541805851,0.1305,-0.591769833,0.526794744,       2089P   2361
0.1565;                                                             2089P   2362
126,1,1,1,0,1,0,0.,0.,1.,1.,1.,1.,0.,1.570796327,0.,0.,             2091P   2363
4.71238898,0.,0.,1.,0.,0.,1.;                                       2091P   2364
124,1.45308331763475E-014,1.,-6.98296672221876E-015,                2093P   2365
-1.06156457733327,1.,-1.45308331763475E-014,                        2093P   2366
7.36282245365238E-028,1.06156457733328,6.34813920848691E-028,       2093P   2367
-6.98296672221876E-015,-1.,0.313000000000001;                       2093P   2368
100,0.1565,-0.591769833,0.469794744,-0.534769833,0.469794744,       2095P   2369
-0.648769833,0.469794744;                                           2095P   2370
102,4,2079,2083,2087,2091;                                          2097P   2371
102,4,2081,2085,2089,2095;                                          2099P   2372
142,1,2077,2097,2099,1;                                             2101P   2373
144,2077,1,0,2101;                                                  2103P   2374
314,40.,56.8627450980392,87.4509803921569,;                         2105P   2375
110,-0.591769833,0.529681496,-0.1705,38.778308907,0.529681496,      2107P   2376
-0.1705;                                                            2107P   2377
110,-1.019769833,0.529681496,-0.1655,-0.591769833,0.529681496,      2109P   2378
-0.1655;                                                            2109P   2379
120,2107,2109,0.,6.28318530717959;                                  2111P   2380
126,1,1,1,0,1,0,0.,0.,1.,1.,1.,1.,0.,4.71238898,0.,0.,              2113P   2381
5.235987756,0.,0.,1.,0.,0.,1.;                                      2113P   2382
124,-6.93889390544683E-018,7.04419703990988E-015,1.,                2115P   2383
-0.849269833026272,1.,2.18560060457826E-013,                        2115P   2384
6.93889390390725E-018,1.54945132867911,-2.18560060457826E-013,      2115P   2385
1.,-7.04419703990988E-015,-0.70018149565318;                        2115P   2386
100,-0.1705,-1.019769833,0.529681496,-1.014769833,0.529681496,      2117P   2387
-1.015439706,0.532181496;                                           2117P   2388
126,1,1,1,0,1,0,0.,0.,1.,1.,1.,1.,0.,5.235987756,0.,1.,             2119P   2389
5.235987756,0.,0.,1.,0.,0.,1.;                                      2119P   2390
110,-1.019769833,0.534011623,-0.168,-0.591769833,0.534011623,       2121P   2391
-0.168;                                                             2121P   2392
126,1,1,1,0,1,0,0.,0.,1.,1.,1.,1.,1.,5.235987756,0.,1.,             2123P   2393
3.141592654,0.,0.,1.,0.,0.,1.;                                      2123P   2394
124,2.4605900450616E-017,-5.6496457554252E-017,-1.,                 2125P   2395
-0.762269833026271,0.866025403784392,0.50000000000008,              2125P   2396
-6.93889390390725E-018,0.777328456420434,0.50000000000008,          2125P   2397
-0.866025403784392,6.12303176911189E-017,0.584102547663155;         2125P   2398
100,-0.1705,-0.591769833,0.529681496,-0.586769833,0.529681496,      2127P   2399
-0.594269833,0.534011623;                                           2127P   2400
126,1,1,1,0,1,0,0.,0.,1.,1.,1.,1.,1.,3.141592654,0.,                2129P   2401
0.011682243,3.141592654,0.,0.,1.,0.,0.,1.;                          2129P   2402
110,-0.591769833,0.529681496,-0.1755,-1.014769833,0.529681496,      2131P   2403
-0.1755;                                                            2131P   2404
126,6,2,1,0,1,0,0.,0.,0.,0.25,0.25,0.5,0.5,1.,1.,1.,1.,1.,1.,       2133P   2405
1.,1.,1.,1.,0.011682243,3.141592654,0.,0.008631743,3.402715437,     2133P   2406
0.,0.007211642,3.534291735,0.,0.004884328,3.749923843,0.,           2133P   2407
0.00342165,3.926990817,0.,0.,4.341204379,0.,0.,4.71238898,0.,       2133P   2408
0.,1.,0.,0.,-1.;                                                    2133P   2409
126,3,3,1,0,0,0,0.,0.,0.,0.,1.,1.,1.,1.,1.,0.804737854124514,       2135P   2410
0.804737854124514,1.,-1.014769833,0.529681496,-0.1755,              2135P   2411
-1.017698765,0.532610428,-0.1755,-1.019769833,0.534681496,          2135P   2412
-0.173428932,-1.019769833,0.534681496,-0.1705,0.,1.,0.,0.,0.;       2135P   2413
102,5,2113,2119,2123,2129,2133;                                     2137P   2414
102,5,2117,2121,2127,2131,2135;                                     2139P   2415
142,1,2111,2137,2139,1;                                             2141P   2416
144,2111,1,0,2141;                                                  2143P   2417
314,40.,56.8627450980392,87.4509803921569,;                         2145P   2418
128,3,3,3,3,0,0,0,0,0,0.,0.,0.,0.,1.,1.,1.,1.,0.,0.,0.,0.,1.,       2147P   2419
1.,1.,1.,1.,0.666666666666666,0.666666666666666,1.,                 2147P   2420
0.804737854124365,0.536491902749576,0.536491902749576,              2147P   2421
0.804737854124365,0.804737854124365,0.536491902749576,              2147P   2422
0.536491902749576,0.804737854124365,1.,0.666666666666666,           2147P   2423
0.666666666666666,1.,-0.531883082,0.469794744,-0.1755,              2147P   2424
-0.527552955,0.469794744,-0.1755,-0.525387891,0.469794744,          2147P   2425
-0.17175,-0.527552955,0.469794744,-0.168,-0.531883082,              2147P   2426
0.434713898,-0.1755,-0.527552955,0.432177368,-0.1755,               2147P   2427
-0.525387891,0.430909103,-0.17175,-0.527552955,0.432177368,         2147P   2428
-0.168,-0.556688986,0.409907993,-0.1755,-0.554152457,               2147P   2429
0.405577866,-0.1755,-0.552884192,0.403412802,-0.17175,              2147P   2430
-0.554152457,0.405577866,-0.168,-0.591769833,0.409907993,           2147P   2431
-0.1755,-0.591769833,0.405577866,-0.1755,-0.591769833,              2147P   2432
0.403412802,-0.17175,-0.591769833,0.405577866,-0.168,0.,1.,0.,      2147P   2433
1.;                                                                 2147P   2434
126,1,1,1,0,1,0,0.,0.,1.,1.,1.,1.,0.,0.,0.,1.,0.,0.,0.,1.,0.,       2149P   2435
0.,1.;                                                              2149P   2436
124,-4.1046837153183E-014,1.,6.93889390390723E-018,                 2151P   2437
-1.00167782598735,7.04419703990988E-015,6.93889390419637E-018,      2151P   2438
-1.,0.299294744307011,-1.,-4.1046837153183E-014,                    2151P   2439
-7.04419703990988E-015,-0.702383081680304;                          2151P   2440
100,-0.1705,-0.531883082,0.469794744,-0.526883082,0.469794744,      2153P   2441
-0.534383082,0.474124871;                                           2153P   2442
126,1,1,1,0,1,0,0.,0.,1.,1.,1.,1.,1.,0.,0.,1.,1.,0.,0.,1.,0.,       2155P   2443
0.,1.;                                                              2155P   2444
124,1.,-1.29182233753273E-014,-6.98296672221905E-015,               2157P   2445
4.87422368776392E-015,-1.29182233753272E-014,-1.,                   2157P   2446
1.70163861166984E-014,0.939589488614008,-6.98296672221927E-015,     2157P   2447
-1.70163861166983E-014,-1.,-0.335999999999995;                      2157P   2448
100,-0.168,-0.591769833,0.469794744,-0.527552955,0.469794744,       2159P   2449
-0.591769833,0.534011623;                                           2159P   2450
126,1,1,1,0,1,0,0.,0.,1.,1.,1.,1.,1.,1.,0.,0.,1.,0.,0.,1.,0.,       2161P   2451
0.,1.;                                                              2161P   2452
124,3.52810777834905E-015,-6.09698413887364E-015,1.,                2163P   2453
-0.421269833026268,-0.866025403784508,-0.49999999999988,            2163P   2454
6.93889390390725E-018,0.10237428084747,0.49999999999988,            2163P   2455
-0.866025403784508,-7.04419703990988E-015,0.480375651631662;        2163P   2456
100,-0.1705,-0.591769833,0.409907993,-0.586769833,0.409907993,      2165P   2457
-0.594269833,0.41423812;                                            2165P   2458
126,1,1,1,0,1,0,0.,0.,1.,1.,1.,1.,0.,1.,0.,0.,0.,0.,0.,1.,0.,       2167P   2459
0.,1.;                                                              2167P   2460
100,-0.1755,-0.591769833,0.469794744,-0.591769833,0.409907993,      2169P   2461
-0.531883082,0.469794744;                                           2169P   2462
102,4,2149,2155,2161,2167;                                          2171P   2463
102,4,2153,2159,2165,2169;                                          2173P   2464
142,1,2147,2171,2173,1;                                             2175P   2465
144,2147,1,0,2175;                                                  2177P   2466
314,40.,56.8627450980392,87.4509803921569,;                         2179P   2467
110,-1.014769833,0.313794744,-0.1705,-1.014769833,39.683873484,     2181P   2468
-0.1705;                                                            2181P   2469
110,-1.014769833,0.404129352,-0.1655,-1.014769833,0.535460137,      2183P   2470
-0.1655;                                                            2183P   2471
120,2181,2183,0.,6.28318530717959;                                  2185P   2472
126,6,2,1,0,1,0,0.,0.,0.,0.5,0.5,0.75,0.75,1.,1.,1.,1.,1.,1.,       2187P   2473
1.,1.,1.,1.,0.994071146,4.71238898,0.,0.994071146,4.341204379,      2187P   2474
0.,0.982920173,3.926990817,0.,0.978153383,3.749923843,0.,           2187P   2475
0.97056879,3.534291735,0.,0.965940757,3.402715437,0.,               2187P   2476
0.955999341,3.141592654,0.,0.,1.,0.,0.,-1.;                         2187P   2477
126,3,3,1,0,0,0,0.,0.,0.,0.,1.,1.,1.,1.,1.,0.804737854124514,       2189P   2478
0.804737854124514,1.,-1.019769833,0.534681496,-0.1705,              2189P   2479
-1.019769833,0.534681496,-0.173428932,-1.017698765,0.532610428,     2189P   2480
-0.1755,-1.014769833,0.529681496,-0.1755,0.,1.,0.,0.,0.;            2189P   2481
126,1,1,1,0,1,0,0.,0.,1.,1.,1.,1.,0.955999341,3.141592654,0.,       2191P   2482
0.044000659,3.141592654,0.,0.,1.,0.,0.,1.;                          2191P   2483
110,-1.014769833,0.529681496,-0.1755,-1.014769833,0.409907993,      2193P   2484
-0.1755;                                                            2193P   2485
126,6,2,1,0,1,0,0.,0.,0.,0.25,0.25,0.5,0.5,1.,1.,1.,1.,1.,1.,       2195P   2486
1.,1.,1.,1.,0.044000659,3.141592654,0.,0.034059243,3.402715437,     2195P   2487
0.,0.02943121,3.534291735,0.,0.021846617,3.749923843,0.,            2195P   2488
0.017079827,3.926990817,0.,0.005928854,4.341204379,0.,              2195P   2489
0.005928854,4.71238898,0.,0.,1.,0.,0.,-1.;                          2195P   2490
126,3,3,1,0,0,0,0.,0.,0.,0.,1.,1.,1.,1.,1.,0.80473785412436,        2197P   2491
0.80473785412436,1.,-1.014769833,0.409907993,-0.1755,               2197P   2492
-1.017698765,0.406979061,-0.1755,-1.019769833,0.404907993,          2197P   2493
-0.173428932,-1.019769833,0.404907993,-0.1705,0.,1.,0.,0.,0.;       2197P   2494
126,1,1,1,0,1,0,0.,0.,1.,1.,1.,1.,0.005928854,4.71238898,0.,        2199P   2495
0.994071146,4.71238898,0.,0.,1.,0.,0.,1.;                           2199P   2496
110,-1.019769833,0.404907993,-0.1705,-1.019769833,0.534681496,      2201P   2497
-0.1705;                                                            2201P   2498
102,4,2187,2191,2195,2199;                                          2203P   2499
102,4,2189,2193,2197,2201;                                          2205P   2500
142,1,2185,2203,2205,1;                                             2207P   2501
144,2185,1,0,2207;                                                  2209P   2502
314,40.,56.8627450980392,87.4509803921569,;                         2211P   2503
110,-0.591769833,0.409907993,-0.1705,-39.961848573,0.409907993,     2213P   2504
-0.1705;                                                            2213P   2505
110,-0.591769833,0.409907993,-0.1755,-1.019769833,0.409907993,      2215P   2506
-0.1755;                                                            2215P   2507
120,2213,2215,0.,6.28318530717959;                                  2217P   2508
126,1,1,1,0,1,0,0.,0.,1.,1.,1.,1.,0.,0.,0.,0.,2.094395102,0.,       2219P   2509
0.,1.,0.,0.,1.;                                                     2219P   2510
124,-6.12303176911189E-017,6.93889390390724E-018,-1.,               2221P   2511
-0.76226983302627,1.29399529286145E-016,-1.,                        2221P   2512
-6.93889390390725E-018,0.819815985922116,-1.,                       2221P   2513
-1.29399529286145E-016,6.12303176911189E-017,-0.76226983302627;     2221P   2514
100,-0.1705,-0.591769833,0.409907993,-0.586769833,0.409907993,      2223P   2515
-0.594269833,0.41423812;                                            2223P   2516
126,1,1,1,0,1,0,0.,0.,1.,1.,1.,1.,0.,2.094395102,0.,1.,             2225P   2517
2.094395102,0.,0.,1.,0.,0.,1.;                                      2225P   2518
110,-0.591769833,0.405577866,-0.168,-1.019769833,0.405577866,       2227P   2519
-0.168;                                                             2227P   2520
126,1,1,1,0,1,0,0.,0.,1.,1.,1.,1.,1.,2.094395102,0.,1.,             2229P   2521
1.570796327,0.,0.,1.,0.,0.,1.;                                      2229P   2522
124,3.52810777834988E-015,-6.09698413887316E-015,1.,                2231P   2523
-0.849269833026264,-0.86602540378444,-0.499999999999998,            2231P   2524
6.93889390390725E-018,-0.268284591972181,0.499999999999998,         2231P   2525
-0.86602540378444,-7.04419703990988E-015,0.694375651631701;         2231P   2526
100,-0.1705,-1.019769833,0.409907993,-1.014769833,0.409907993,      2233P   2527
-1.015439706,0.412407993;                                           2233P   2528
126,6,2,1,0,1,0,0.,0.,0.,0.5,0.5,0.75,0.75,1.,1.,1.,1.,1.,1.,       2235P   2529
1.,1.,1.,1.,1.,1.570796327,0.,1.,1.199611726,0.,0.99657835,         2235P   2530
0.785398163,0.,0.995115672,0.608331189,0.,0.992788358,              2235P   2531
0.392699082,0.,0.991368257,0.261122783,0.,0.988317757,0.,0.,0.,     2235P   2532
1.,0.,0.,-1.;                                                       2235P   2533
126,3,3,1,0,0,0,0.,0.,0.,0.,1.,1.,1.,1.,1.,0.80473785412436,        2237P   2534
0.80473785412436,1.,-1.019769833,0.404907993,-0.1705,               2237P   2535
-1.019769833,0.404907993,-0.173428932,-1.017698765,0.406979061,     2237P   2536
-0.1755,-1.014769833,0.409907993,-0.1755,0.,1.,0.,0.,0.;            2237P   2537
126,1,1,1,0,1,0,0.,0.,1.,1.,1.,1.,0.988317757,0.,0.,0.,0.,0.,       2239P   2538
0.,1.,0.,0.,1.;                                                     2239P   2539
110,-1.014769833,0.409907993,-0.1755,-0.591769833,0.409907993,      2241P   2540
-0.1755;                                                            2241P   2541
102,5,2219,2225,2229,2235,2239;                                     2243P   2542
102,5,2223,2227,2233,2237,2241;                                     2245P   2543
142,1,2217,2243,2245,1;                                             2247P   2544
144,2217,1,0,2247;                                                  2249P   2545
314,40.,56.8627450980392,87.4509803921569,;                         2251P   2546
110,-1.014769833,0.640794744,0.0005,-1.014769833,0.640794744,       2253P   2547
-39.36957874;                                                       2253P   2548
110,-1.009769833,0.640794744,0.066165392,-1.009769833,              2255P   2549
0.640794744,-0.065165392;                                           2255P   2550
120,2253,2255,0.,6.28318530717959;                                  2257P   2551
126,6,2,1,0,1,0,0.,0.,0.,0.25,0.25,0.5,0.5,1.,1.,1.,1.,1.,1.,       2259P   2552
1.,1.,1.,1.,0.955999341,4.71238898,0.,0.965940757,4.451266197,      2259P   2553
0.,0.97056879,4.319689899,0.,0.978153383,4.104057791,0.,            2259P   2554
0.982920173,3.926990817,0.,0.994071146,3.512777255,0.,              2259P   2555
0.994071146,3.141592654,0.,0.,1.,0.,0.,-1.;                         2259P   2556
126,3,3,1,0,0,0,0.,0.,0.,0.,1.,1.,1.,1.,1.,0.804737854124359,       2261P   2557
0.804737854124359,1.,-1.014769833,0.645794744,-0.059386751,         2261P   2558
-1.017698765,0.645794744,-0.062315684,-1.019769833,0.643723676,     2261P   2559
-0.064386751,-1.019769833,0.640794744,-0.064386751,0.,1.,0.,0.,     2261P   2560
0.;                                                                 2261P   2561
126,1,1,1,0,1,0,0.,0.,1.,1.,1.,1.,0.994071146,3.141592654,0.,       2263P   2562
0.005928854,3.141592654,0.,0.,1.,0.,0.,1.;                          2263P   2563
110,-1.019769833,0.640794744,-0.064386751,-1.019769833,             2265P   2564
0.640794744,0.065386751;                                            2265P   2565
126,6,2,1,0,1,0,0.,0.,0.,0.5,0.5,0.75,0.75,1.,1.,1.,1.,1.,1.,       2267P   2566
1.,1.,1.,1.,0.005928854,3.141592654,0.,0.005928854,3.512777255,     2267P   2567
0.,0.017079827,3.926990817,0.,0.021846617,4.104057791,0.,           2267P   2568
0.02943121,4.319689899,0.,0.034059243,4.451266197,0.,               2267P   2569
0.044000659,4.71238898,0.,0.,1.,0.,0.,-1.;                          2267P   2570
126,3,3,1,0,0,0,0.,0.,0.,0.,1.,1.,1.,1.,1.,0.804737854124365,       2269P   2571
0.804737854124365,1.,-1.019769833,0.640794744,0.065386751,          2269P   2572
-1.019769833,0.643723676,0.065386751,-1.017698765,0.645794744,      2269P   2573
0.063315684,-1.014769833,0.645794744,0.060386751,0.,1.,0.,0.,       2269P   2574
0.;                                                                 2269P   2575
126,1,1,1,0,1,0,0.,0.,1.,1.,1.,1.,0.044000659,4.71238898,0.,        2271P   2576
0.955999341,4.71238898,0.,0.,1.,0.,0.,1.;                           2271P   2577
110,-1.014769833,0.645794744,0.060386751,-1.014769833,              2273P   2578
0.645794744,-0.059386751;                                           2273P   2579
102,4,2259,2263,2267,2271;                                          2275P   2580
102,4,2261,2265,2269,2273;                                          2277P   2581
142,1,2257,2275,2277,1;                                             2279P   2582
144,2257,1,0,2279;                                                  2281P   2583
314,40.,56.8627450980392,87.4509803921569,;                         2283P   2584
110,-0.591769833,0.640794744,0.060386751,-39.961848573,             2285P   2585
0.640794744,0.060386751;                                            2285P   2586
110,-0.591769833,0.635794744,0.060386751,-1.019769833,              2287P   2587
0.635794744,0.060386751;                                            2287P   2588
120,2285,2287,0.,6.28318530717959;                                  2289P   2589
126,1,1,1,0,1,0,0.,0.,1.,1.,1.,1.,1.,1.570796327,0.,1.,             2291P   2590
1.047197551,0.,0.,1.,0.,0.,1.;                                      2291P   2591
124,7.04419703990988E-015,6.93889390390816E-018,1.,                 2293P   2592
-1.08015658437221,1.29399529286145E-016,-1.,                        2293P   2593
6.93889390390725E-018,1.28158948861401,1.,                          2293P   2594
1.29399529286145E-016,-7.04419703990988E-015,1.08015658437222;      2293P   2595
100,0.060386751,-1.019769833,0.640794744,-1.014769833,              2295P   2596
0.640794744,-1.015439706,0.643294744;                               2295P   2597
126,1,1,1,0,1,0,0.,0.,1.,1.,1.,1.,1.,1.047197551,0.,0.,             2297P   2598
1.047197551,0.,0.,1.,0.,0.,1.;                                      2297P   2599
110,-1.019769833,0.638294744,0.064716878,-0.591769833,              2299P   2600
0.638294744,0.064716878;                                            2299P   2601
126,1,1,1,0,1,0,0.,0.,1.,1.,1.,1.,0.,1.047197551,0.,0.,             2301P   2602
3.141592654,0.,0.,1.,0.,0.,1.;                                      2301P   2603
124,-6.09698413887325E-015,-3.52810777834971E-015,-1.,              2303P   2604
-0.531383081680333,-0.499999999999966,0.866025403784458,            2303P   2605
-6.93889390398247E-018,-0.210034699387546,0.866025403784458,        2303P   2606
0.499999999999966,-7.04419703990988E-015,0.25247708778651;          2303P   2607
100,0.060386751,-0.591769833,0.640794744,-0.586769833,              2305P   2608
0.640794744,-0.594269833,0.645124871;                               2305P   2609
126,1,1,1,0,1,0,0.,0.,1.,1.,1.,1.,0.,3.141592654,0.,                2307P   2610
0.988317757,3.141592654,0.,0.,1.,0.,0.,1.;                          2307P   2611
110,-0.591769833,0.645794744,0.060386751,-1.014769833,              2309P   2612
0.645794744,0.060386751;                                            2309P   2613
126,6,2,1,0,1,0,0.,0.,0.,0.25,0.25,0.5,0.5,1.,1.,1.,1.,1.,1.,       2311P   2614
1.,1.,1.,1.,0.988317757,3.141592654,0.,0.991368257,2.88046987,      2311P   2615
0.,0.992788358,2.748893572,0.,0.995115672,2.533261465,0.,           2311P   2616
0.99657835,2.35619449,0.,1.,1.941980928,0.,1.,1.570796327,0.,       2311P   2617
0.,1.,0.,0.,-1.;                                                    2311P   2618
126,3,3,1,0,0,0,0.,0.,0.,0.,1.,1.,1.,1.,1.,0.804737854124365,       2313P   2619
0.804737854124365,1.,-1.014769833,0.645794744,0.060386751,          2313P   2620
-1.017698765,0.645794744,0.063315684,-1.019769833,0.643723676,      2313P   2621
0.065386751,-1.019769833,0.640794744,0.065386751,0.,1.,0.,0.,       2313P   2622
0.;                                                                 2313P   2623
102,5,2291,2297,2301,2307,2311;                                     2315P   2624
102,5,2295,2299,2305,2309,2313;                                     2317P   2625
142,1,2289,2315,2317,1;                                             2319P   2626
144,2289,1,0,2319;                                                  2321P   2627
314,40.,56.8627450980392,87.4509803921569,;                         2323P   2628
110,-1.019769833,0.640794744,-0.059386751,38.350308907,             2325P   2629
0.640794744,-0.059386751;                                           2325P   2630
110,-1.019769833,0.645794744,-0.059386751,-0.591769833,             2327P   2631
0.645794744,-0.059386751;                                           2327P   2632
120,2325,2327,0.,6.28318530717959;                                  2329P   2633
126,6,2,1,0,1,0,0.,0.,0.,0.5,0.5,0.75,0.75,1.,1.,1.,1.,1.,1.,       2331P   2634
1.,1.,1.,1.,0.,4.71238898,0.,0.,5.083573581,0.,0.00342165,          2331P   2635
5.497787144,0.,0.004884328,5.674854118,0.,0.007211642,              2331P   2636
5.890486225,0.,0.008631743,6.022062524,0.,0.011682243,              2331P   2637
6.283185307,0.,0.,1.,0.,0.,-1.;                                     2331P   2638
126,3,3,1,0,0,0,0.,0.,0.,0.,1.,1.,1.,1.,1.,0.804737854124359,       2333P   2639
0.804737854124359,1.,-1.019769833,0.640794744,-0.064386751,         2333P   2640
-1.019769833,0.643723676,-0.064386751,-1.017698765,0.645794744,     2333P   2641
-0.062315684,-1.014769833,0.645794744,-0.059386751,0.,1.,0.,0.,     2333P   2642
0.;                                                                 2333P   2643
126,1,1,1,0,1,0,0.,0.,1.,1.,1.,1.,0.011682243,6.283185307,0.,       2335P   2644
1.,6.283185307,0.,0.,1.,0.,0.,1.;                                   2335P   2645
110,-1.014769833,0.645794744,-0.059386751,-0.591769833,             2337P   2646
0.645794744,-0.059386751;                                           2337P   2647
126,1,1,1,0,1,0,0.,0.,1.,1.,1.,1.,1.,6.283185307,0.,1.,             2339P   2648
4.188790205,0.,0.,1.,0.,0.,1.;                                      2339P   2649
124,-6.93889390390724E-018,-6.12303176911189E-017,-1.,              2341P   2650
-0.651156584372221,1.,6.81692115950261E-017,                        2341P   2651
-6.93889390390725E-018,1.23256457733328,6.81692115950261E-017,      2341P   2652
-1.,6.12303176911189E-017,0.581407992961059;                        2341P   2653
100,-0.059386751,-0.591769833,0.640794744,-0.586769833,             2343P   2654
0.640794744,-0.594269833,0.645124871;                               2343P   2655
126,1,1,1,0,1,0,0.,0.,1.,1.,1.,1.,1.,4.188790205,0.,0.,             2345P   2656
4.188790205,0.,0.,1.,0.,0.,1.;                                      2345P   2657
110,-0.591769833,0.638294744,-0.063716878,-1.019769833,             2347P   2658
0.638294744,-0.063716878;                                           2347P   2659
126,1,1,1,0,1,0,0.,0.,1.,1.,1.,1.,0.,4.188790205,0.,0.,             2349P   2660
4.71238898,0.,0.,1.,0.,0.,1.;                                       2349P   2661
124,-6.0969841388731E-015,-3.52810777834998E-015,1.,                2351P   2662
-0.960383081680326,-0.500000000000013,0.866025403784431,            2351P   2663
6.93889390390725E-018,-0.424034699387559,-0.866025403784431,        2351P   2664
-0.500000000000013,-7.04419703990988E-015,-0.622135960606197;       2351P   2665
100,-0.059386751,-1.019769833,0.640794744,-1.014769833,             2353P   2666
0.640794744,-1.015439706,0.643294744;                               2353P   2667
102,5,2331,2335,2339,2345,2349;                                     2355P   2668
102,5,2333,2337,2343,2347,2353;                                     2357P   2669
142,1,2329,2355,2357,1;                                             2359P   2670
144,2329,1,0,2359;                                                  2361P   2671
314,40.,56.8627450980392,87.4509803921569,;                         2363P   2672
128,3,3,3,3,0,0,0,0,0,0.,0.,0.,0.,1.,1.,1.,1.,0.,0.,0.,0.,1.,       2365P   2673
1.,1.,1.,1.,0.66666666666669,0.66666666666669,1.,                   2365P   2674
0.3333333333333,0.222222222222208,0.222222222222208,                2365P   2675
0.3333333333333,0.3333333333333,0.222222222222208,                  2365P   2676
0.222222222222208,0.3333333333333,1.,0.66666666666669,              2365P   2677
0.66666666666669,1.,-0.591769833,0.645794744,0.060386751,           2365P   2678
-0.591769833,0.645794744,0.064716878,-0.591769833,0.642044744,      2365P   2679
0.066881942,-0.591769833,0.638294744,0.064716878,-0.47199633,       2365P   2680
0.645794744,0.060386751,-0.463336076,0.645794744,0.064716878,       2365P   2681
-0.459005949,0.642044744,0.066881942,-0.463336076,0.638294744,      2365P   2682
0.064716878,-0.47199633,0.645794744,-0.059386751,-0.463336076,      2365P   2683
0.645794744,-0.063716878,-0.459005949,0.642044744,-0.065881942,     2365P   2684
-0.463336076,0.638294744,-0.063716878,-0.591769833,0.645794744,     2365P   2685
-0.059386751,-0.591769833,0.645794744,-0.063716878,                 2365P   2686
-0.591769833,0.642044744,-0.065881942,-0.591769833,0.638294744,     2365P   2687
-0.063716878,0.,1.,0.,1.;                                           2365P   2688
126,1,1,1,0,1,0,0.,0.,1.,1.,1.,1.,0.,0.,0.,1.,0.,0.,0.,1.,0.,       2367P   2689
0.,1.;                                                              2367P   2690
124,-6.93889390398246E-018,-6.12303176911189E-017,1.,               2369P   2691
-0.652156584372225,1.,6.81692115951013E-017,                        2369P   2692
6.93889390398247E-018,1.23256457733329,-6.81692115951013E-017,      2369P   2693
1.,6.12303176911189E-017,-0.580407992961061;                        2369P   2694
100,0.060386751,-0.591769833,0.640794744,-0.586769833,              2371P   2695
0.640794744,-0.594269833,0.645124871;                               2371P   2696
126,1,1,1,0,1,0,0.,0.,1.,1.,1.,1.,1.,0.,0.,1.,1.,0.,0.,1.,0.,       2373P   2697
0.,1.;                                                              2373P   2698
124,-8.80506859104111E-014,1.,-3.49004508582583E-015,               2375P   2699
-1.23006457733333,7.04419703990958E-015,3.49004508582645E-015,      2375P   2700
1.,0.637794744307011,1.,8.80506859104111E-014,                      2375P   2701
-7.04419703990988E-015,0.592269833026214;                           2375P   2702
100,0.0005,-0.591769833,0.638294744,-0.527552955,0.638294744,       2377P   2703
-0.655986711,0.638294744;                                           2377P   2704
126,1,1,1,0,1,0,0.,0.,1.,1.,1.,1.,1.,1.,0.,0.,1.,0.,0.,1.,0.,       2379P   2705
0.,1.;                                                              2379P   2706
124,-6.09698413887304E-015,-3.52810777835008E-015,1.,               2381P   2707
-0.532383081680324,-0.500000000000027,0.866025403784423,            2381P   2708
6.93889390390725E-018,-0.210034699387556,-0.866025403784423,        2381P   2709
-0.500000000000027,-7.04419703990988E-015,-0.251477087786446;       2381P   2710
100,-0.059386751,-0.591769833,0.640794744,-0.586769833,             2383P   2711
0.640794744,-0.594269833,0.645124871;                               2383P   2712
126,1,1,1,0,1,0,0.,0.,1.,1.,1.,1.,0.,1.,0.,0.,0.,0.,0.,1.,0.,       2385P   2713
0.,1.;                                                              2385P   2714
124,1.42947209546281E-014,1.,3.28515648630101E-015,                 2387P   2715
-1.23756457733327,-6.12303176910719E-017,3.28515648630101E-015,     2387P   2716
-1.,0.646294744307004,-1.,1.42947209546281E-014,                    2387P   2717
6.12303176911189E-017,-0.591269833026282;                           2387P   2718
100,0.0005,-0.591769833,0.645794744,-0.531883082,0.645794744,       2389P   2719
-0.651656584,0.645794744;                                           2389P   2720
102,4,2367,2373,2379,2385;                                          2391P   2721
102,4,2371,2377,2383,2389;                                          2393P   2722
142,1,2365,2391,2393,1;                                             2395P   2723
144,2365,1,0,2395;                                                  2397P   2724
314,40.,56.8627450980392,87.4509803921569,;                         2399P   2725
110,-0.495930549,0.625794744,0.146928333,-0.495930549,              2401P   2726
-38.744283996,0.146928333;                                          2401P   2727
110,-0.490930549,0.622997474,0.146928333,-0.490930549,              2403P   2728
0.316592014,0.146928333;                                            2403P   2729
120,2401,2403,0.,6.28318530717959;                                  2405P   2730
126,6,2,1,0,1,0,0.,0.,0.,0.5,0.5,0.75,0.75,1.,1.,1.,1.,1.,1.,       2407P   2731
1.,1.,1.,1.,0.994071146,1.562069681,0.,0.993255159,1.201881643,     2407P   2732
0.,0.987749787,0.794701345,0.,0.985812762,0.651437966,0.,           2407P   2733
0.982955315,0.4756145,0.,0.981314311,0.374640773,0.,                2407P   2734
0.977890745,0.174920957,0.,0.,1.,0.,0.,-1.;                         2407P   2735
126,15,3,1,0,1,0,0.,0.,0.,0.,3.6693603868142E-005,                  2409P   2736
3.6693603868142E-005,3.6693603868142E-005,                          2409P   2737
7.29495178475289E-005,7.29495178475289E-005,                        2409P   2738
7.29495178475289E-005,0.000130090408329047,                         2409P   2739
0.000130090408329047,0.000130090408329047,0.000217674573537663,     2409P   2740
0.000217674573537663,0.000217674573537663,0.000219928480489723,     2409P   2741
0.000219928480489723,0.000219928480489723,0.000219928480489723,     2409P   2742
1.,1.,1.,1.,1.,1.,1.,1.,1.,1.,1.,1.,1.,1.,1.,1.,-0.495886917,       2409P   2743
0.318408648,0.151928143,-0.495409966,0.318474865,0.151923981,       2409P   2744
-0.494937131,0.318612399,0.151848775,-0.494510874,0.318797485,      2409P   2745
0.151722551,-0.49408765,0.318981254,0.151597225,-0.493697691,       2409P   2746
0.319215159,0.151420028,-0.493353848,0.31947519,0.151213262,        2409P   2747
-0.492814819,0.319882831,0.150889122,-0.492372282,0.320364802,      2409P   2748
0.150484737,-0.492025036,0.320867312,0.150050346,-0.491495765,      2409P   2749
0.321633235,0.149388249,-0.491164435,0.322474725,0.148632644,       2409P   2750
-0.491017864,0.32330214,0.147858669,-0.491014069,0.323323563,       2409P   2751
0.14783863,-0.491010397,0.323344987,0.147818568,-0.491006848,       2409P   2752
0.323366411,0.147798485,0.,0.000219928480489723,0.,0.,0.;           2409P   2753
126,1,1,1,0,1,0,0.,0.,1.,1.,1.,1.,0.977890745,0.174920957,0.,       2411P   2754
0.022109255,0.174920957,0.,0.,1.,0.,0.,1.;                          2411P   2755
110,-0.491006848,0.323366411,0.147798485,-0.491006848,              2413P   2756
0.616223078,0.147798485;                                            2413P   2757
126,6,2,1,0,1,0,0.,0.,0.,0.25,0.25,0.5,0.5,1.,1.,1.,1.,1.,1.,       2415P   2758
1.,1.,1.,1.,0.022109255,0.174920957,0.,0.018685689,0.374640773,     2415P   2759
0.,0.017044685,0.4756145,0.,0.014187238,0.651437966,0.,             2415P   2760
0.012250213,0.794701345,0.,0.006744841,1.201881643,0.,              2415P   2761
0.005928854,1.562069681,0.,0.,1.,0.,0.,-1.;                         2415P   2762
126,15,3,1,0,1,0,-2.25390695205643E-006,-2.25390695205643E-006,     2417P   2763
-2.25390695205643E-006,-2.25390695205643E-006,0.,0.,0.,             2417P   2764
8.70528494463122E-005,8.70528494463122E-005,                        2417P   2765
8.70528494463122E-005,0.00014384710357283,0.00014384710357283,      2417P   2766
0.00014384710357283,0.000179883076669898,0.000179883076669898,      2417P   2767
0.000179883076669898,0.000216354084477846,0.000216354084477846,     2417P   2768
0.000216354084477846,0.000216354084477846,1.,1.,1.,1.,1.,1.,1.,     2417P   2769
1.,1.,1.,1.,1.,1.,1.,1.,1.,-0.491006848,0.616223078,                2417P   2770
0.147798485,-0.491010397,0.616244501,0.147818568,-0.491014069,      2417P   2771
0.616265926,0.14783863,-0.491017864,0.616287348,0.147858669,        2417P   2772
-0.491164435,0.617114764,0.148632644,-0.491495765,0.617956254,      2417P   2773
0.149388249,-0.492025036,0.618722177,0.150050346,-0.492372282,      2417P   2774
0.619224686,0.150484737,-0.492814819,0.619706657,0.150889122,       2417P   2775
-0.493353848,0.620114299,0.151213262,-0.493697691,0.62037433,       2417P   2776
0.151420028,-0.49408765,0.620608235,0.151597225,-0.494510874,       2417P   2777
0.620792004,0.151722551,-0.494937131,0.62097709,0.151848775,        2417P   2778
-0.495409966,0.621114624,0.151923981,-0.495886917,0.621180841,      2417P   2779
0.151928143,-2.25390695205643E-006,0.000216354084477846,0.,0.,      2417P   2780
0.;                                                                 2417P   2781
126,1,1,1,0,1,0,0.,0.,1.,1.,1.,1.,0.005928854,1.562069681,0.,       2419P   2782
0.994071146,1.562069681,0.,0.,1.,0.,0.,1.;                          2419P   2783
110,-0.495886917,0.621180841,0.151928143,-0.495886917,              2421P   2784
0.318408648,0.151928143;                                            2421P   2785
102,4,2407,2411,2415,2419;                                          2423P   2786
102,4,2409,2413,2417,2421;                                          2425P   2787
142,1,2405,2423,2425,1;                                             2427P   2788
144,2405,1,0,2427;                                                  2429P   2789
314,40.,56.8627450980392,87.4509803921569,;                         2431P   2790
128,17,2,3,2,0,0,0,0,0,0.0828231630861205,0.0828231630861205,       2433P   2791
0.0828231630861205,0.0828231630861205,0.456998115578309,            2433P   2792
0.456998115578309,0.831173068070497,0.831173068070497,              2433P   2793
1.20534802056269,1.20534802056269,1.57952297305487,                 2433P   2794
1.57952297305487,1.95369792554706,1.95369792554706,                 2433P   2795
2.32787287803925,2.32787287803925,2.70204783053144,                 2433P   2796
2.70204783053144,3.07622278302363,3.07622278302363,                 2433P   2797
3.07622278302363,3.07622278302363,0.,0.,0.,1.,1.,1.,1.,1.,1.,       2433P   2798
1.,1.,1.,1.,1.,1.,1.,1.,1.,1.,1.,1.,1.,1.,1.,0.704025346845057,     2433P   2799
0.704057012863284,0.704162182660118,0.704503122963482,              2433P   2800
0.704739084811047,0.705309305028017,0.705643370444337,              2433P   2801
0.706363297515783,0.706748920435771,0.707518488806062,              2433P   2802
0.707902184976948,0.708614918070533,0.708943729468918,              2433P   2803
0.709501461626463,0.709730209425716,0.710056421424195,              2433P   2804
0.710154086140824,0.710178814431302,1.,1.,1.,1.,1.,1.,1.,1.,1.,     2433P   2805
1.,1.,1.,1.,1.,1.,1.,1.,1.,-0.386914734,0.620271902,                2433P   2806
0.151949932,-0.387482325,0.620276855,0.145112557,-0.389343276,      2433P   2807
0.620293095,0.138386827,-0.3953972,0.620345927,0.126074984,         2433P   2808
-0.399588126,0.620382501,0.120493881,-0.409723213,0.620470948,      2433P   2809
0.111246639,-0.415664086,0.620522793,0.107583499,-0.428477831,      2433P   2810
0.620634617,0.1026805,-0.435346547,0.62069456,0.101442231,          2433P   2811
-0.449065772,0.620814285,0.101561957,-0.455911832,0.62087403,       2433P   2812
0.102919913,-0.468638056,0.62098509,0.108045796,-0.474514094,       2433P   2813
0.62103637,0.111812061,-0.48448625,0.621123395,0.121234776,         2433P   2814
-0.488579134,0.621159113,0.126888171,-0.494417265,0.621210062,      2433P   2815
0.139303793,-0.496160552,0.621225275,0.146060977,-0.496608729,      2433P   2816
0.621229187,0.152907217,-0.391940926,0.620315764,0.152367204,       2433P   2817
-0.392456011,0.62032026,0.146156837,-0.394144769,0.620334997,       2433P   2818
0.140047552,-0.399639657,0.62038295,0.128861649,-0.403443973,       2433P   2819
0.62041615,0.123789537,-0.412646824,0.620496462,0.115381917,        2433P   2820
-0.418042428,0.620543549,0.112049142,-0.429684076,0.620645144,      2433P   2821
0.107583711,-0.43592638,0.62069962,0.106452543,-0.448398687,        2433P   2822
0.620808464,0.106550504,-0.454624644,0.620862797,0.107779653,       2433P   2823
-0.466201534,0.620963827,0.112431757,-0.471548676,0.621010491,      2433P   2824
0.115853238,-0.48062511,0.6210897,0.124418765,-0.484351409,         2433P   2825
0.621122219,0.129560033,-0.489667125,0.621168608,0.140853866,       2433P   2826
-0.491254719,0.621182463,0.147001796,-0.491662856,0.621186025,      2433P   2827
0.153231014,-0.391941227,0.615272092,0.152363575,-0.392457219,      2433P   2828
0.615277045,0.146147779,-0.394148992,0.615293285,0.140033479,       2433P   2829
-0.39965256,0.615346117,0.128840895,-0.403462493,0.615382691,       2433P   2830
0.123767165,-0.412676208,0.615471138,0.115360581,-0.418077002,      2433P   2831
0.615522984,0.112030454,-0.429725861,0.615634808,0.107573182,       2433P   2832
-0.435970149,0.61569475,0.106447483,-0.448442171,0.615814476,       2433P   2833
0.106556325,-0.454665861,0.61587422,0.10779083,-0.466235156,        2433P   2834
0.615985281,0.112450724,-0.471577009,0.61603656,0.115874601,        2433P   2835
-0.480642605,0.616123586,0.124440706,-0.484363409,0.616159304,      2433P   2836
0.129580155,-0.489670801,0.616210252,0.140867085,-0.491255607,      2433P   2837
0.616225466,0.147009979,-0.491663041,0.616229377,0.153233834,       2433P   2838
0.0828231630861205,3.07622278302363,0.,1.;                          2433P   2839
126,8,2,1,0,1,0,0.,0.,0.,0.25,0.25,0.5,0.5,0.75,0.75,1.,1.,1.,      2435P   2840
1.,1.,1.,1.,1.,1.,1.,1.,1.,3.057381055,0.089878191,0.,              2435P   2841
3.055662402,0.226374256,0.,3.045963475,0.356533824,0.,              2435P   2842
3.038152265,0.461360238,0.,3.023699075,0.581049529,0.,              2435P   2843
3.014032776,0.661097768,0.,2.996192148,0.788159138,0.,              2435P   2844
2.971831089,0.961659168,0.,2.966677644,0.999997718,0.,0.,1.,0.,     2435P   2845
0.,-1.;                                                             2435P   2846
126,15,3,1,0,1,0,0.,0.,0.,0.,3.66936038681624E-005,                 2437P   2847
3.66936038681624E-005,3.66936038681624E-005,                        2437P   2848
7.29495178475789E-005,7.29495178475789E-005,                        2437P   2849
7.29495178475789E-005,0.000130090408329143,                         2437P   2850
0.000130090408329143,0.000130090408329143,0.000217674573537807,     2437P   2851
0.000217674573537807,0.000217674573537807,0.000219928480489863,     2437P   2852
0.000219928480489863,0.000219928480489863,0.000219928480489863,     2437P   2853
1.,1.,1.,1.,1.,1.,1.,1.,1.,1.,1.,1.,1.,1.,1.,1.,-0.495886917,       2437P   2854
0.621180841,0.151928143,-0.495409966,0.621114624,0.151923981,       2437P   2855
-0.494937131,0.62097709,0.151848775,-0.494510874,0.620792004,       2437P   2856
0.151722551,-0.49408765,0.620608235,0.151597225,-0.493697691,       2437P   2857
0.62037433,0.151420028,-0.493353848,0.620114299,0.151213262,        2437P   2858
-0.492814819,0.619706657,0.150889122,-0.492372282,0.619224686,      2437P   2859
0.150484737,-0.492025036,0.618722177,0.150050346,-0.491495765,      2437P   2860
0.617956254,0.149388249,-0.491164435,0.617114764,0.148632644,       2437P   2861
-0.491017864,0.616287348,0.147858669,-0.491014069,0.616265926,      2437P   2862
0.14783863,-0.491010397,0.616244501,0.147818568,-0.491006848,       2437P   2863
0.616223078,0.147798485,0.,0.000219928480489863,0.,0.,0.;           2437P   2864
126,1,1,1,0,1,0,0.,0.,1.,1.,1.,1.,2.966677644,0.999997718,0.,       2439P   2865
0.192368303,1.,0.,0.,1.,0.,0.,1.;                                   2439P   2866
126,3,3,1,0,0,0,0.,0.,0.,0.,1.,1.,1.,1.,1.,0.455078030521917,       2441P   2867
0.455078030521917,1.,-0.491006848,0.616223078,0.147798485,          2441P   2868
-0.478473918,0.616102767,0.076881634,-0.40646087,0.615411474,       2441P   2869
0.076253186,-0.39269218,0.615279301,0.146940506,0.,1.,              2441P   2870
0.009599112,0.999953927,0.;                                         2441P   2871
126,8,2,1,0,1,0,0.,0.,0.,0.25,0.25,0.5,0.5,0.75,0.75,1.,1.,1.,      2443P   2872
1.,1.,1.,1.,1.,1.,1.,1.,1.,0.192368303,1.,0.,0.179352699,           2443P   2873
0.906152906,0.,0.162913545,0.789996631,0.,0.145061012,              2443P   2874
0.663853662,0.,0.135450071,0.585078638,0.,0.121021567,              2443P   2875
0.466816974,0.,0.113216009,0.363387679,0.,0.103531329,              2443P   2876
0.235058662,0.,0.101812482,0.100684467,0.,0.,1.,0.,0.,1.;           2443P   2877
126,15,3,1,0,1,0,-2.25390737427458E-006,-2.25390737427458E-006,     2445P   2878
-2.25390737427458E-006,-2.25390737427458E-006,0.,0.,0.,             2445P   2879
8.68426850704877E-005,8.68426850704877E-005,                        2445P   2880
8.68426850704877E-005,0.000143622115151215,                         2445P   2881
0.000143622115151215,0.000143622115151215,0.000179674654735586,     2445P   2882
0.000179674654735586,0.000179674654735586,0.000216161684605249,     2445P   2883
0.000216161684605249,0.000216161684605249,0.000216161684605249,     2445P   2884
1.,1.,1.,1.,1.,1.,1.,1.,1.,1.,1.,1.,1.,1.,1.,1.,-0.39269218,        2445P   2885
0.615279301,0.146940506,-0.392688274,0.61530069,0.146960559,        2445P   2886
-0.392684245,0.61532208,0.146980588,-0.392680093,0.615343469,       2445P   2887
0.147000593,-0.392520129,0.616167583,0.147771366,-0.392176009,      2445P   2888
0.617005858,0.148520361,-0.39163636,0.61776903,0.149172426,         2445P   2889
-0.391281549,0.618270805,0.149601149,-0.390831947,0.618752104,      2445P   2890
0.149998069,-0.390287365,0.619159208,0.150312978,-0.389939731,      2445P   2891
0.619419083,0.150514001,-0.389546481,0.619652846,0.150684576,       2445P   2892
-0.389120887,0.619836497,0.150802631,-0.38869225,0.620021461,       2445P   2893
0.150921529,-0.388217943,0.620158898,0.15098853,-0.387740782,       2445P   2894
0.620225072,0.150984366,-2.25390737427458E-006,                     2445P   2895
0.000216161684605249,0.,0.,0.;                                      2445P   2896
126,1,1,1,0,1,0,0.,0.,1.,1.,1.,1.,0.101812482,0.100684467,0.,       2447P   2897
0.100568423,0.,0.,0.,1.,0.,0.,1.;                                   2447P   2898
126,3,3,1,0,1,0,0.,0.,0.,0.,1.87511233458832E-005,                  2449P   2899
1.87511233458832E-005,1.87511233458832E-005,                        2449P   2900
1.87511233458832E-005,1.,1.,1.,1.,-0.387740782,0.620225072,         2449P   2901
0.150984366,-0.387497046,0.620258873,0.150982239,-0.387250172,      2449P   2902
0.620274829,0.150980085,-0.387004113,0.620272682,0.150977937,       2449P   2903
0.,1.87511233458832E-005,0.,0.,0.;                                  2449P   2904
126,1,1,1,0,1,0,0.,0.,1.,1.,1.,1.,0.100568423,0.,0.,                2451P   2905
3.058477524,0.,0.,0.,1.,0.,0.,1.;                                   2451P   2906
126,3,3,1,0,0,0,0.,0.,0.,0.,1.,1.,1.,1.,1.,0.39447658521417,        2453P   2907
0.39447658521417,1.,-0.387004113,0.620272682,0.150977937,           2453P   2908
-0.396297084,0.62035378,0.058887215,-0.488851976,0.621161494,       2453P   2909
0.059694929,-0.496536326,0.621228555,0.15193381,0.,1.,              2453P   2910
-0.008726535,-0.999961923,0.;                                       2453P   2911
126,1,1,1,0,1,0,0.,0.,1.,1.,1.,1.,3.058477524,0.,0.,                2455P   2912
3.057381055,0.089878191,0.,0.,1.,0.,0.,1.;                          2455P   2913
126,3,3,1,0,1,0,0.,0.,0.,0.,1.65400923249298E-005,                  2457P   2914
1.65400923249298E-005,1.65400923249298E-005,                        2457P   2915
1.65400923249298E-005,1.,1.,1.,1.,-0.496536326,0.621228555,         2457P   2916
0.15193381,-0.496319281,0.621226661,0.151931916,-0.496101908,       2457P   2917
0.621210689,0.151930019,-0.495886917,0.621180841,0.151928143,       2457P   2918
0.,1.65400923249298E-005,0.,0.,0.;                                  2457P   2919
102,6,2435,2439,2443,2447,2451,2455;                                2459P   2920
102,6,2437,2441,2445,2449,2453,2457;                                2461P   2921
142,1,2433,2459,2461,1;                                             2463P   2922
144,2433,1,0,2463;                                                  2465P   2923
314,40.,56.8627450980392,87.4509803921569,;                         2467P   2924
128,17,2,3,2,0,0,0,0,0,0.06536987056617,0.06536987056617,           2469P   2925
0.06536987056617,0.06536987056617,0.43954482305836,                 2469P   2926
0.43954482305836,0.81371977555055,0.81371977555055,                 2469P   2927
1.18789472804274,1.18789472804274,1.56206968053493,                 2469P   2928
1.56206968053493,1.93624463302712,1.93624463302712,                 2469P   2929
2.31041958551931,2.31041958551931,2.6845945380115,                  2469P   2930
2.6845945380115,3.05876949050369,3.05876949050369,                  2469P   2931
3.05876949050369,3.05876949050369,0.,0.,0.,1.,1.,1.,1.,1.,1.,       2469P   2932
1.,1.,1.,1.,1.,1.,1.,1.,1.,1.,1.,1.,1.,1.,1.,0.710178814431316,     2469P   2933
0.710154086140884,0.710056421424142,0.70973020942576,               2469P   2934
0.709501461626475,0.708943729468929,0.708614918070291,              2469P   2935
0.707902184977208,0.707518488806086,0.706748920435776,              2469P   2936
0.706363297514851,0.705643370445301,0.705309305029147,              2469P   2937
0.704739084809933,0.70450312296354,0.70416218266008,                2469P   2938
0.704057012863325,0.704025346845057,1.,1.,1.,1.,1.,1.,1.,1.,1.,     2469P   2939
1.,1.,1.,1.,1.,1.,1.,1.,1.,-0.496608729,0.318360302,                2469P   2940
0.152907217,-0.496160552,0.318364213,0.146060977,-0.494417265,      2469P   2941
0.318379427,0.139303793,-0.488579134,0.318430375,0.126888171,       2469P   2942
-0.48448625,0.318466093,0.121234776,-0.474514094,0.318553119,       2469P   2943
0.111812061,-0.468638056,0.318604398,0.108045796,-0.455911832,      2469P   2944
0.318715459,0.102919913,-0.449065772,0.318775203,0.101561957,       2469P   2945
-0.435346547,0.318894929,0.101442231,-0.428477831,0.318954871,      2469P   2946
0.1026805,-0.415664086,0.319066695,0.107583499,-0.409723213,        2469P   2947
0.319118541,0.111246639,-0.399588126,0.319206988,0.120493881,       2469P   2948
-0.3953972,0.319243562,0.126074984,-0.389343276,0.319296394,        2469P   2949
0.138386827,-0.387482325,0.319312634,0.145112557,-0.386914734,      2469P   2950
0.319317587,0.151949932,-0.491662856,0.318403464,0.153231014,       2469P   2951
-0.491254719,0.318407026,0.147001796,-0.489667125,0.318420881,      2469P   2952
0.140853866,-0.484351409,0.31846727,0.129560033,-0.48062511,        2469P   2953
0.318499789,0.124418765,-0.471548676,0.318578998,0.115853238,       2469P   2954
-0.466201534,0.318625662,0.112431757,-0.454624644,0.318726692,      2469P   2955
0.107779653,-0.448398687,0.318781025,0.106550504,-0.43592638,       2469P   2956
0.318889869,0.106452543,-0.429684076,0.318944345,0.107583711,       2469P   2957
-0.418042428,0.31904594,0.112049142,-0.412646824,0.319093027,       2469P   2958
0.115381917,-0.403443973,0.319173339,0.123789537,-0.399639657,      2469P   2959
0.319206538,0.128861649,-0.394144769,0.319254492,0.140047552,       2469P   2960
-0.392456011,0.319269229,0.146156837,-0.391940926,0.319273724,      2469P   2961
0.152367204,-0.491663041,0.323360112,0.153233834,-0.491255607,      2469P   2962
0.323364023,0.147009979,-0.489670801,0.323379236,0.140867085,       2469P   2963
-0.484363409,0.323430185,0.129580155,-0.480642605,0.323465903,      2469P   2964
0.124440706,-0.471577009,0.323552929,0.115874601,-0.466235156,      2469P   2965
0.323604208,0.112450724,-0.454665861,0.323715268,0.10779083,        2469P   2966
-0.448442171,0.323775013,0.106556325,-0.435970149,0.323894739,      2469P   2967
0.106447483,-0.429725861,0.323954681,0.107573182,-0.418077002,      2469P   2968
0.324066505,0.112030454,-0.412676208,0.32411835,0.115360581,        2469P   2969
-0.403462493,0.324206798,0.123767165,-0.39965256,0.324243371,       2469P   2970
0.128840895,-0.394148992,0.324296203,0.140033479,-0.392457219,      2469P   2971
0.324312443,0.146147779,-0.391941227,0.324317397,0.152363575,       2469P   2972
0.06536987056617,3.05876949050369,0.,1.;                            2469P   2973
126,1,1,1,0,1,0,0.,0.,1.,1.,1.,1.,0.08311513,0.,0.,3.041024231,     2471P   2974
0.,0.,0.,1.,0.,0.,1.;                                               2471P   2975
126,3,3,1,0,0,0,0.,0.,0.,0.,1.,1.,1.,1.,1.,0.394476585214177,       2473P   2976
0.394476585214177,1.,-0.496536326,0.318360934,0.15193381,           2473P   2977
-0.488851976,0.318427994,0.059694929,-0.396297084,0.319235709,      2473P   2978
0.058887215,-0.387004113,0.319316807,0.150977937,0.,1.,             2473P   2979
-0.008726535,0.999961923,0.;                                        2473P   2980
126,1,1,1,0,1,0,0.,0.,1.,1.,1.,1.,3.041024231,0.,0.,                2475P   2981
3.039780172,0.100684467,0.,0.,1.,0.,0.,1.;                          2475P   2982
126,3,3,1,0,1,0,0.,0.,0.,0.,1.87511233458832E-005,                  2477P   2983
1.87511233458832E-005,1.87511233458832E-005,                        2477P   2984
1.87511233458832E-005,1.,1.,1.,1.,-0.387004113,0.319316807,         2477P   2985
0.150977937,-0.387250172,0.31931466,0.150980085,-0.387497046,       2477P   2986
0.319330615,0.150982239,-0.387740782,0.319364417,0.150984366,       2477P   2987
0.,1.87511233458832E-005,0.,0.,0.;                                  2477P   2988
126,8,2,1,0,1,0,0.,0.,0.,0.25,0.25,0.5,0.5,0.75,0.75,1.,1.,1.,      2479P   2989
1.,1.,1.,1.,1.,1.,1.,1.,1.,3.039780172,0.100684467,0.,              2479P   2990
3.038061933,0.235011098,0.,3.028376645,0.363387679,0.,              2479P   2991
3.020579938,0.466731492,0.,3.006142582,0.585078638,0.,              2479P   2992
2.996541098,0.663784764,0.,2.978679109,0.789996631,0.,              2479P   2993
2.962226655,0.906248803,0.,2.949224351,1.,0.,0.,1.,0.,0.,-1.;       2479P   2994
126,15,3,1,0,1,0,0.,0.,0.,0.,3.67090240955165E-005,                 2481P   2995
3.67090240955165E-005,3.67090240955165E-005,                        2481P   2996
7.29809143819132E-005,7.29809143819132E-005,                        2481P   2997
7.29809143819132E-005,0.00013010580162017,0.00013010580162017,      2481P   2998
0.00013010580162017,0.000217476854571293,0.000217476854571293,      2481P   2999
0.000217476854571293,0.000219730761945569,0.000219730761945569,     2481P   3000
0.000219730761945569,0.000219730761945569,1.,1.,1.,1.,1.,1.,1.,     2481P   3001
1.,1.,1.,1.,1.,1.,1.,1.,1.,-0.387740782,0.319364417,                2481P   3002
0.150984366,-0.388217943,0.319430591,0.15098853,-0.38869225,        2481P   3003
0.319568028,0.150921529,-0.389120887,0.319752992,0.150802631,       2481P   3004
-0.389546481,0.319936643,0.150684576,-0.389939731,0.320170405,      2481P   3005
0.150514001,-0.390287365,0.32043028,0.150312978,-0.390831947,       2481P   3006
0.320837385,0.149998069,-0.391281549,0.321318684,0.149601149,       2481P   3007
-0.39163636,0.321820458,0.149172426,-0.392176009,0.322583631,       2481P   3008
0.148520361,-0.392520129,0.323421906,0.147771366,-0.392680093,      2481P   3009
0.324246019,0.147000593,-0.392684245,0.324267408,0.146980588,       2481P   3010
-0.392688274,0.324288798,0.146960559,-0.39269218,0.324310188,       2481P   3011
0.146940506,0.,0.000219730761945569,0.,0.,0.;                       2481P   3012
126,1,1,1,0,1,0,0.,0.,1.,1.,1.,1.,2.949224351,1.,0.,0.17491501,     2483P   3013
0.999997718,0.,0.,1.,0.,0.,1.;                                      2483P   3014
126,3,3,1,0,0,0,0.,0.,0.,0.,1.,1.,1.,1.,1.,0.455078030521909,       2485P   3015
0.455078030521909,1.,-0.39269218,0.324310188,0.146940506,           2485P   3016
-0.40646087,0.324178015,0.076253186,-0.478473918,0.323486721,       2485P   3017
0.076881634,-0.491006848,0.323366411,0.147798485,0.,1.,             2485P   3018
0.009599112,-0.999953927,0.;                                        2485P   3019
126,8,2,1,0,1,0,0.,0.,0.,0.25,0.25,0.5,0.5,0.75,0.75,1.,1.,1.,      2487P   3020
1.,1.,1.,1.,1.,1.,1.,1.,1.,0.17491501,0.999997718,0.,               2487P   3021
0.169752009,0.961588081,0.,0.145400506,0.788159138,0.,              2487P   3022
0.12756941,0.661167879,0.,0.117893579,0.581049529,0.,               2487P   3023
0.103449256,0.461446851,0.,0.095629179,0.356533824,0.,              2487P   3024
0.08593086,0.226422591,0.,0.084211599,0.089878191,0.,0.,1.,0.,      2487P   3025
0.,1.;                                                              2487P   3026
126,15,3,1,0,1,0,-2.25390695206022E-006,-2.25390695206022E-006,     2489P   3027
-2.25390695206022E-006,-2.25390695206022E-006,0.,0.,0.,             2489P   3028
8.7052849446294E-005,8.7052849446294E-005,8.7052849446294E-005,     2489P   3029
0.000143847103572786,0.000143847103572786,0.000143847103572786,     2489P   3030
0.000179883076669837,0.000179883076669837,0.000179883076669837,     2489P   3031
0.000216354084477777,0.000216354084477777,0.000216354084477777,     2489P   3032
0.000216354084477777,1.,1.,1.,1.,1.,1.,1.,1.,1.,1.,1.,1.,1.,1.,     2489P   3033
1.,1.,-0.491006848,0.323366411,0.147798485,-0.491010397,            2489P   3034
0.323344987,0.147818568,-0.491014069,0.323323563,0.14783863,        2489P   3035
-0.491017864,0.32330214,0.147858669,-0.491164435,0.322474725,       2489P   3036
0.148632644,-0.491495765,0.321633235,0.149388249,-0.492025036,      2489P   3037
0.320867312,0.150050346,-0.492372282,0.320364802,0.150484737,       2489P   3038
-0.492814819,0.319882831,0.150889122,-0.493353848,0.31947519,       2489P   3039
0.151213262,-0.493697691,0.319215159,0.151420028,-0.49408765,       2489P   3040
0.318981254,0.151597225,-0.494510874,0.318797485,0.151722551,       2489P   3041
-0.494937131,0.318612399,0.151848775,-0.495409966,0.318474865,      2489P   3042
0.151923981,-0.495886917,0.318408648,0.151928143,                   2489P   3043
-2.25390695206022E-006,0.000216354084477777,0.,0.,0.;               2489P   3044
126,1,1,1,0,1,0,0.,0.,1.,1.,1.,1.,0.084211599,0.089878191,0.,       2491P   3045
0.08311513,0.,0.,0.,1.,0.,0.,1.;                                    2491P   3046
126,3,3,1,0,1,0,0.,0.,0.,0.,1.65400923249301E-005,                  2493P   3047
1.65400923249301E-005,1.65400923249301E-005,                        2493P   3048
1.65400923249301E-005,1.,1.,1.,1.,-0.495886917,0.318408648,         2493P   3049
0.151928143,-0.496101908,0.318378799,0.151930019,-0.496319281,      2493P   3050
0.318362828,0.151931916,-0.496536326,0.318360934,0.15193381,0.,     2493P   3051
1.65400923249301E-005,0.,0.,0.;                                     2493P   3052
102,6,2471,2475,2479,2483,2487,2491;                                2495P   3053
102,6,2473,2477,2481,2485,2489,2493;                                2497P   3054
142,1,2469,2495,2497,1;                                             2499P   3055
144,2469,1,0,2499;                                                  2501P   3056
314,40.,56.8627450980392,87.4509803921569,;                         2503P   3057
110,-0.387784414,0.625794744,0.145984556,-0.387784414,              2505P   3058
-38.744283996,0.145984556;                                          2505P   3059
110,-0.382784414,0.622030235,0.145984556,-0.382784414,              2507P   3060
0.317559253,0.145984556;                                            2507P   3061
120,2505,2507,0.,6.28318530717959;                                  2509P   3062
126,6,2,1,0,1,0,0.,0.,0.,0.5,0.5,0.75,0.75,1.,1.,1.,1.,1.,1.,       2511P   3063
1.,1.,1.,1.,0.005928854,1.562069681,0.,0.006748495,1.921981553,     2511P   3064
0.,0.012274336,2.329113787,0.,0.014218336,2.472343547,0.,           2511P   3065
0.017088064,2.648311489,0.,0.018727824,2.748859453,0.,              2511P   3066
0.022172671,2.949218404,0.,0.,1.,0.,0.,-1.;                         2511P   3067
126,15,3,1,0,1,0,0.,0.,0.,0.,3.6709024095521E-005,                  2513P   3068
3.6709024095521E-005,3.6709024095521E-005,                          2513P   3069
7.29809143818758E-005,7.29809143818758E-005,                        2513P   3070
7.29809143818758E-005,0.000130105801620132,                         2513P   3071
0.000130105801620132,0.000130105801620132,0.000217476854571275,     2513P   3072
0.000217476854571275,0.000217476854571275,0.00021973076194555,      2513P   3073
0.00021973076194555,0.00021973076194555,0.00021973076194555,1.,     2513P   3074
1.,1.,1.,1.,1.,1.,1.,1.,1.,1.,1.,1.,1.,1.,1.,-0.387740782,          2513P   3075
0.620225072,0.150984366,-0.388217943,0.620158898,0.15098853,        2513P   3076
-0.38869225,0.620021461,0.150921529,-0.389120887,0.619836497,       2513P   3077
0.150802631,-0.389546481,0.619652846,0.150684576,-0.389939731,      2513P   3078
0.619419083,0.150514001,-0.390287365,0.619159208,0.150312978,       2513P   3079
-0.390831947,0.618752104,0.149998069,-0.391281549,0.618270805,      2513P   3080
0.149601149,-0.39163636,0.61776903,0.149172426,-0.392176009,        2513P   3081
0.617005858,0.148520361,-0.392520129,0.616167583,0.147771366,       2513P   3082
-0.392680093,0.615343469,0.147000593,-0.392684245,0.61532208,       2513P   3083
0.146980588,-0.392688274,0.61530069,0.146960559,-0.39269218,        2513P   3084
0.615279301,0.146940506,0.,0.00021973076194555,0.,0.,0.;            2513P   3085
126,1,1,1,0,1,0,0.,0.,1.,1.,1.,1.,0.022172671,2.949218404,0.,       2515P   3086
0.977827329,2.949218404,0.,0.,1.,0.,0.,1.;                          2515P   3087
110,-0.39269218,0.615279301,0.146940506,-0.39269218,                2517P   3088
0.324310188,0.146940506;                                            2517P   3089
126,6,2,1,0,1,0,0.,0.,0.,0.25,0.25,0.5,0.5,1.,1.,1.,1.,1.,1.,       2519P   3090
1.,1.,1.,1.,0.977827329,2.949218404,0.,0.981272176,2.748859452,     2519P   3091
0.,0.982911936,2.648311489,0.,0.985781664,2.472343547,0.,           2519P   3092
0.987725664,2.329113787,0.,0.993251505,1.921981553,0.,              2519P   3093
0.994071146,1.562069681,0.,0.,1.,0.,0.,-1.;                         2519P   3094
126,15,3,1,0,1,0,-2.25390737427577E-006,-2.25390737427577E-006,     2521P   3095
-2.25390737427577E-006,-2.25390737427577E-006,0.,0.,0.,             2521P   3096
8.68426850704934E-005,8.68426850704934E-005,                        2521P   3097
8.68426850704934E-005,0.000143622115151239,                         2521P   3098
0.000143622115151239,0.000143622115151239,0.000179674654735662,     2521P   3099
0.000179674654735662,0.000179674654735662,0.000216161684605331,     2521P   3100
0.000216161684605331,0.000216161684605331,0.000216161684605331,     2521P   3101
1.,1.,1.,1.,1.,1.,1.,1.,1.,1.,1.,1.,1.,1.,1.,1.,-0.39269218,        2521P   3102
0.324310188,0.146940506,-0.392688274,0.324288798,0.146960559,       2521P   3103
-0.392684245,0.324267408,0.146980588,-0.392680093,0.324246019,      2521P   3104
0.147000593,-0.392520129,0.323421906,0.147771366,-0.392176009,      2521P   3105
0.322583631,0.148520361,-0.39163636,0.321820458,0.149172426,        2521P   3106
-0.391281549,0.321318684,0.149601149,-0.390831947,0.320837385,      2521P   3107
0.149998069,-0.390287365,0.32043028,0.150312978,-0.389939731,       2521P   3108
0.320170405,0.150514001,-0.389546481,0.319936643,0.150684576,       2521P   3109
-0.389120887,0.319752992,0.150802631,-0.38869225,0.319568028,       2521P   3110
0.150921529,-0.388217943,0.319430591,0.15098853,-0.387740782,       2521P   3111
0.319364417,0.150984366,-2.25390737427577E-006,                     2521P   3112
0.000216161684605331,0.,0.,0.;                                      2521P   3113
126,1,1,1,0,1,0,0.,0.,1.,1.,1.,1.,0.994071146,1.562069681,0.,       2523P   3114
0.005928854,1.562069681,0.,0.,1.,0.,0.,1.;                          2523P   3115
110,-0.387740782,0.319364417,0.150984366,-0.387740782,              2525P   3116
0.620225072,0.150984366;                                            2525P   3117
102,4,2511,2515,2519,2523;                                          2527P   3118
102,4,2513,2517,2521,2525;                                          2529P   3119
142,1,2509,2527,2529,1;                                             2531P   3120
144,2509,1,0,2531;                                                  2533P   3121
314,40.,56.8627450980392,87.4509803921569,;                         2535P   3122
110,-0.495930549,0.625794744,-0.145928333,-0.495930549,             2537P   3123
-38.744283996,-0.145928333;                                         2537P   3124
110,-0.490930549,0.622997474,-0.145928333,-0.490930549,             2539P   3125
0.316592014,-0.145928333;                                           2539P   3126
120,2537,2539,0.,6.28318530717959;                                  2541P   3127
126,6,2,1,0,1,0,0.,0.,0.,0.5,0.5,0.75,0.75,1.,1.,1.,1.,1.,1.,       2543P   3128
1.,1.,1.,1.,0.005928854,4.721115627,0.,0.006744841,5.081303664,     2543P   3129
0.,0.012250213,5.488483962,0.,0.014187238,5.631747341,0.,           2543P   3130
0.017044685,5.807570807,0.,0.018685689,5.908544534,0.,              2543P   3131
0.022109255,6.10826435,0.,0.,1.,0.,0.,-1.;                          2543P   3132
126,15,3,1,0,1,0,0.,0.,0.,0.,3.66936038681689E-005,                 2545P   3133
3.66936038681689E-005,3.66936038681689E-005,                        2545P   3134
7.29495178475396E-005,7.29495178475396E-005,                        2545P   3135
7.29495178475396E-005,0.000130090408329068,                         2545P   3136
0.000130090408329068,0.000130090408329068,0.000217674573537794,     2545P   3137
0.000217674573537794,0.000217674573537794,0.000219928480489846,     2545P   3138
0.000219928480489846,0.000219928480489846,0.000219928480489846,     2545P   3139
1.,1.,1.,1.,1.,1.,1.,1.,1.,1.,1.,1.,1.,1.,1.,1.,-0.495886917,       2545P   3140
0.621180841,-0.150928143,-0.495409966,0.621114624,-0.150923981,     2545P   3141
-0.494937131,0.62097709,-0.150848775,-0.494510874,0.620792004,      2545P   3142
-0.150722551,-0.49408765,0.620608235,-0.150597225,-0.493697691,     2545P   3143
0.62037433,-0.150420028,-0.493353848,0.620114299,-0.150213262,      2545P   3144
-0.492814819,0.619706657,-0.149889122,-0.492372282,0.619224686,     2545P   3145
-0.149484737,-0.492025036,0.618722177,-0.149050346,                 2545P   3146
-0.491495765,0.617956254,-0.148388249,-0.491164435,0.617114764,     2545P   3147
-0.147632644,-0.491017864,0.616287348,-0.146858669,                 2545P   3148
-0.491014069,0.616265926,-0.14683863,-0.491010397,0.616244501,      2545P   3149
-0.146818568,-0.491006848,0.616223078,-0.146798485,0.,              2545P   3150
0.000219928480489846,0.,0.,0.;                                      2545P   3151
126,1,1,1,0,1,0,0.,0.,1.,1.,1.,1.,0.022109255,6.10826435,0.,        2547P   3152
0.977890745,6.10826435,0.,0.,1.,0.,0.,1.;                           2547P   3153
110,-0.491006848,0.616223078,-0.146798485,-0.491006848,             2549P   3154
0.323366411,-0.146798485;                                           2549P   3155
126,6,2,1,0,1,0,0.,0.,0.,0.25,0.25,0.5,0.5,1.,1.,1.,1.,1.,1.,       2551P   3156
1.,1.,1.,1.,0.977890745,6.10826435,0.,0.981314311,5.908544535,      2551P   3157
0.,0.982955315,5.807570807,0.,0.985812762,5.631747341,0.,           2551P   3158
0.987749787,5.488483962,0.,0.993255159,5.081303664,0.,              2551P   3159
0.994071146,4.721115627,0.,0.,1.,0.,0.,-1.;                         2551P   3160
126,15,3,1,0,1,0,-2.253906952051E-006,-2.253906952051E-006,         2553P   3161
-2.253906952051E-006,-2.253906952051E-006,0.,0.,0.,                 2553P   3162
8.70528494463354E-005,8.70528494463354E-005,                        2553P   3163
8.70528494463354E-005,0.000143847103572782,                         2553P   3164
0.000143847103572782,0.000143847103572782,0.000179883076669829,     2553P   3165
0.000179883076669829,0.000179883076669829,0.000216354084477779,     2553P   3166
0.000216354084477779,0.000216354084477779,0.000216354084477779,     2553P   3167
1.,1.,1.,1.,1.,1.,1.,1.,1.,1.,1.,1.,1.,1.,1.,1.,-0.491006848,       2553P   3168
0.323366411,-0.146798485,-0.491010397,0.323344987,-0.146818568,     2553P   3169
-0.491014069,0.323323563,-0.14683863,-0.491017864,0.32330214,       2553P   3170
-0.146858669,-0.491164435,0.322474725,-0.147632644,                 2553P   3171
-0.491495765,0.321633235,-0.148388249,-0.492025036,0.320867312,     2553P   3172
-0.149050346,-0.492372282,0.320364802,-0.149484737,                 2553P   3173
-0.492814819,0.319882831,-0.149889122,-0.493353848,0.31947519,      2553P   3174
-0.150213262,-0.493697691,0.319215159,-0.150420028,-0.49408765,     2553P   3175
0.318981254,-0.150597225,-0.494510874,0.318797485,-0.150722551,     2553P   3176
-0.494937131,0.318612399,-0.150848775,-0.495409966,0.318474865,     2553P   3177
-0.150923981,-0.495886917,0.318408648,-0.150928143,                 2553P   3178
-2.253906952051E-006,0.000216354084477779,0.,0.,0.;                 2553P   3179
126,1,1,1,0,1,0,0.,0.,1.,1.,1.,1.,0.994071146,4.721115627,0.,       2555P   3180
0.005928854,4.721115627,0.,0.,1.,0.,0.,1.;                          2555P   3181
110,-0.495886917,0.318408648,-0.150928143,-0.495886917,             2557P   3182
0.621180841,-0.150928143;                                           2557P   3183
102,4,2543,2547,2551,2555;                                          2559P   3184
102,4,2545,2549,2553,2557;                                          2561P   3185
142,1,2541,2559,2561,1;                                             2563P   3186
144,2541,1,0,2563;                                                  2565P   3187
314,40.,56.8627450980392,87.4509803921569,;                         2567P   3188
128,17,2,3,2,0,0,0,0,0,3.22441581667593,3.22441581667593,           2569P   3189
3.22441581667593,3.22441581667593,3.59859076916811,                 2569P   3190
3.59859076916811,3.97276572166029,3.97276572166029,                 2569P   3191
4.34694067415247,4.34694067415247,4.72111562664465,                 2569P   3192
4.72111562664465,5.09529057913683,5.09529057913683,                 2569P   3193
5.46946553162902,5.46946553162902,5.8436404841212,                  2569P   3194
5.8436404841212,6.21781543661338,6.21781543661338,                  2569P   3195
6.21781543661338,6.21781543661338,0.,0.,0.,1.,1.,1.,1.,1.,1.,       2569P   3196
1.,1.,1.,1.,1.,1.,1.,1.,1.,1.,1.,1.,1.,1.,1.,0.704025346845057,     2569P   3197
0.704057012863991,0.704162182659189,0.704503122964429,              2569P   3198
0.704739084810496,0.705309305028588,0.705643370445244,              2569P   3199
0.70636329751491,0.706748920435776,0.707518488806086,               2569P   3200
0.707902184977029,0.708614918070479,0.708943729468575,              2569P   3201
0.709501461626837,0.709730209425711,0.71005642142421,               2569P   3202
0.710154086140831,0.710178814431316,1.,1.,1.,1.,1.,1.,1.,1.,1.,     2569P   3203
1.,1.,1.,1.,1.,1.,1.,1.,1.,-0.386914734,0.319317587,                2569P   3204
-0.150949932,-0.387482325,0.319312634,-0.144112557,                 2569P   3205
-0.389343276,0.319296394,-0.137386827,-0.3953972,0.319243562,       2569P   3206
-0.125074984,-0.399588126,0.319206988,-0.119493881,                 2569P   3207
-0.409723213,0.319118541,-0.110246639,-0.415664086,0.319066695,     2569P   3208
-0.106583499,-0.428477831,0.318954871,-0.1016805,-0.435346547,      2569P   3209
0.318894929,-0.100442231,-0.449065772,0.318775203,-0.100561957,     2569P   3210
-0.455911832,0.318715459,-0.101919913,-0.468638056,0.318604398,     2569P   3211
-0.107045796,-0.474514094,0.318553119,-0.110812061,-0.48448625,     2569P   3212
0.318466093,-0.120234776,-0.488579134,0.318430375,-0.125888171,     2569P   3213
-0.494417265,0.318379427,-0.138303793,-0.496160552,0.318364213,     2569P   3214
-0.145060977,-0.496608729,0.318360302,-0.151907217,                 2569P   3215
-0.391940926,0.319273724,-0.151367204,-0.392456011,0.319269229,     2569P   3216
-0.145156837,-0.394144769,0.319254492,-0.139047552,                 2569P   3217
-0.399639657,0.319206538,-0.127861649,-0.403443973,0.319173339,     2569P   3218
-0.122789537,-0.412646824,0.319093027,-0.114381917,                 2569P   3219
-0.418042428,0.31904594,-0.111049142,-0.429684076,0.318944345,      2569P   3220
-0.106583711,-0.43592638,0.318889869,-0.105452543,-0.448398687,     2569P   3221
0.318781025,-0.105550504,-0.454624644,0.318726692,-0.106779653,     2569P   3222
-0.466201534,0.318625662,-0.111431757,-0.471548676,0.318578998,     2569P   3223
-0.114853238,-0.48062511,0.318499789,-0.123418765,-0.484351409,     2569P   3224
0.31846727,-0.128560033,-0.489667125,0.318420881,-0.139853866,      2569P   3225
-0.491254719,0.318407026,-0.146001796,-0.491662856,0.318403464,     2569P   3226
-0.152231014,-0.391941227,0.324317397,-0.151363575,                 2569P   3227
-0.392457219,0.324312443,-0.145147779,-0.394148992,0.324296203,     2569P   3228
-0.139033479,-0.39965256,0.324243371,-0.127840895,-0.403462493,     2569P   3229
0.324206798,-0.122767165,-0.412676208,0.32411835,-0.114360581,      2569P   3230
-0.418077002,0.324066505,-0.111030454,-0.429725861,0.323954681,     2569P   3231
-0.106573182,-0.435970149,0.323894739,-0.105447483,                 2569P   3232
-0.448442171,0.323775013,-0.105556325,-0.454665861,0.323715268,     2569P   3233
-0.10679083,-0.466235156,0.323604208,-0.111450724,-0.471577009,     2569P   3234
0.323552929,-0.114874601,-0.480642605,0.323465903,-0.123440706,     2569P   3235
-0.484363409,0.323430185,-0.128580155,-0.489670801,0.323379236,     2569P   3236
-0.139867085,-0.491255607,0.323364023,-0.146009979,                 2569P   3237
-0.491663041,0.323360112,-0.152233834,3.22441581667593,             2569P   3238
6.21781543661338,0.,1.;                                             2569P   3239
126,8,2,1,0,1,0,0.,0.,0.,0.25,0.25,0.5,0.5,0.75,0.75,1.,1.,1.,      2571P   3240
1.,1.,1.,1.,1.,1.,1.,1.,1.,6.198973708,0.089878191,0.,              2571P   3241
6.197255056,0.226374257,0.,6.187556129,0.356533824,0.,              2571P   3242
6.179744918,0.461360238,0.,6.165291728,0.581049529,0.,              2571P   3243
6.15562543,0.661097767,0.,6.137784802,0.788159138,0.,               2571P   3244
6.113423743,0.961659168,0.,6.108270297,0.999997718,0.,0.,1.,0.,     2571P   3245
0.,-1.;                                                             2571P   3246
126,15,3,1,0,1,0,0.,0.,0.,0.,3.669360386816E-005,                   2573P   3247
3.669360386816E-005,3.669360386816E-005,7.29495178475497E-005,      2573P   3248
7.29495178475497E-005,7.29495178475497E-005,                        2573P   3249
0.000130090408329034,0.000130090408329034,0.000130090408329034,     2573P   3250
0.000217674573537708,0.000217674573537708,0.000217674573537708,     2573P   3251
0.000219928480489759,0.000219928480489759,0.000219928480489759,     2573P   3252
0.000219928480489759,1.,1.,1.,1.,1.,1.,1.,1.,1.,1.,1.,1.,1.,1.,     2573P   3253
1.,1.,-0.495886917,0.318408648,-0.150928143,-0.495409966,           2573P   3254
0.318474865,-0.150923981,-0.494937131,0.318612399,-0.150848775,     2573P   3255
-0.494510874,0.318797485,-0.150722551,-0.49408765,0.318981254,      2573P   3256
-0.150597225,-0.493697691,0.319215159,-0.150420028,                 2573P   3257
-0.493353848,0.31947519,-0.150213262,-0.492814819,0.319882831,      2573P   3258
-0.149889122,-0.492372282,0.320364802,-0.149484737,                 2573P   3259
-0.492025036,0.320867312,-0.149050346,-0.491495765,0.321633235,     2573P   3260
-0.148388249,-0.491164435,0.322474725,-0.147632644,                 2573P   3261
-0.491017864,0.32330214,-0.146858669,-0.491014069,0.323323563,      2573P   3262
-0.14683863,-0.491010397,0.323344987,-0.146818568,-0.491006848,     2573P   3263
0.323366411,-0.146798485,0.,0.000219928480489759,0.,0.,0.;          2573P   3264
126,1,1,1,0,1,0,0.,0.,1.,1.,1.,1.,6.108270297,0.999997718,0.,       2575P   3265
3.333960956,1.,0.,0.,1.,0.,0.,1.;                                   2575P   3266
126,3,3,1,0,0,0,0.,0.,0.,0.,1.,1.,1.,1.,1.,0.45507803052197,        2577P   3267
0.45507803052197,1.,-0.491006848,0.323366411,-0.146798485,          2577P   3268
-0.478473918,0.323486721,-0.075881634,-0.40646087,0.324178015,      2577P   3269
-0.075253186,-0.39269218,0.324310188,-0.145940506,0.,1.,            2577P   3270
0.009599112,-0.999953927,0.;                                        2577P   3271
126,8,2,1,0,1,0,0.,0.,0.,0.25,0.25,0.5,0.5,0.75,0.75,1.,1.,1.,      2579P   3272
1.,1.,1.,1.,1.,1.,1.,1.,1.,3.333960956,1.,0.,3.320945351,           2579P   3273
0.906152895,0.,3.304506198,0.789996631,0.,3.286653665,              2579P   3274
0.663853662,0.,3.277042725,0.585078638,0.,3.26261422,               2579P   3275
0.466816974,0.,3.254808662,0.363387679,0.,3.245123983,              2579P   3276
0.235058662,0.,3.243405135,0.100684467,0.,0.,1.,0.,0.,1.;           2579P   3277
126,15,3,1,0,1,0,-2.25390737427387E-006,-2.25390737427387E-006,     2581P   3278
-2.25390737427387E-006,-2.25390737427387E-006,0.,0.,0.,             2581P   3279
8.68426850705092E-005,8.68426850705092E-005,                        2581P   3280
8.68426850705092E-005,0.00014362211515128,0.00014362211515128,      2581P   3281
0.00014362211515128,0.000179674654735719,0.000179674654735719,      2581P   3282
0.000179674654735719,0.000216161684605396,0.000216161684605396,     2581P   3283
0.000216161684605396,0.000216161684605396,1.,1.,1.,1.,1.,1.,1.,     2581P   3284
1.,1.,1.,1.,1.,1.,1.,1.,1.,-0.39269218,0.324310188,                 2581P   3285
-0.145940506,-0.392688274,0.324288798,-0.145960559,                 2581P   3286
-0.392684245,0.324267408,-0.145980588,-0.392680093,0.324246019,     2581P   3287
-0.146000593,-0.392520129,0.323421906,-0.146771366,                 2581P   3288
-0.392176009,0.322583631,-0.147520361,-0.39163636,0.321820458,      2581P   3289
-0.148172426,-0.391281549,0.321318684,-0.148601149,                 2581P   3290
-0.390831947,0.320837385,-0.148998069,-0.390287365,0.32043028,      2581P   3291
-0.149312978,-0.389939731,0.320170405,-0.149514001,                 2581P   3292
-0.389546481,0.319936643,-0.149684576,-0.389120887,0.319752992,     2581P   3293
-0.149802631,-0.38869225,0.319568028,-0.149921529,-0.388217943,     2581P   3294
0.319430591,-0.14998853,-0.387740782,0.319364417,-0.149984366,      2581P   3295
-2.25390737427387E-006,0.000216161684605396,0.,0.,0.;               2581P   3296
126,1,1,1,0,1,0,0.,0.,1.,1.,1.,1.,3.243405135,0.100684467,0.,       2583P   3297
3.242161076,0.,0.,0.,1.,0.,0.,1.;                                   2583P   3298
126,3,3,1,0,1,0,0.,0.,0.,0.,1.8751123345883E-005,                   2585P   3299
1.8751123345883E-005,1.8751123345883E-005,1.8751123345883E-005,     2585P   3300
1.,1.,1.,1.,-0.387740782,0.319364417,-0.149984366,-0.387497046,     2585P   3301
0.319330615,-0.149982239,-0.387250172,0.31931466,-0.149980085,      2585P   3302
-0.387004113,0.319316807,-0.149977937,0.,1.8751123345883E-005,      2585P   3303
0.,0.,0.;                                                           2585P   3304
126,1,1,1,0,1,0,0.,0.,1.,1.,1.,1.,3.242161076,0.,0.,                2587P   3305
6.200070177,0.,0.,0.,1.,0.,0.,1.;                                   2587P   3306
126,3,3,1,0,0,0,0.,0.,0.,0.,1.,1.,1.,1.,1.,0.394476585214168,       2589P   3307
0.394476585214168,1.,-0.387004113,0.319316807,-0.149977937,         2589P   3308
-0.396297084,0.319235709,-0.057887215,-0.488851976,0.318427994,     2589P   3309
-0.058694929,-0.496536326,0.318360934,-0.15093381,0.,1.,            2589P   3310
-0.008726535,0.999961923,0.;                                        2589P   3311
126,1,1,1,0,1,0,0.,0.,1.,1.,1.,1.,6.200070177,0.,0.,                2591P   3312
6.198973708,0.089878191,0.,0.,1.,0.,0.,1.;                          2591P   3313
126,3,3,1,0,1,0,0.,0.,0.,0.,1.65400923249298E-005,                  2593P   3314
1.65400923249298E-005,1.65400923249298E-005,                        2593P   3315
1.65400923249298E-005,1.,1.,1.,1.,-0.496536326,0.318360934,         2593P   3316
-0.15093381,-0.496319281,0.318362828,-0.150931916,-0.496101908,     2593P   3317
0.318378799,-0.150930019,-0.495886917,0.318408648,-0.150928143,     2593P   3318
0.,1.65400923249298E-005,0.,0.,0.;                                  2593P   3319
102,6,2571,2575,2579,2583,2587,2591;                                2595P   3320
102,6,2573,2577,2581,2585,2589,2593;                                2597P   3321
142,1,2569,2595,2597,1;                                             2599P   3322
144,2569,1,0,2599;                                                  2601P   3323
314,40.,56.8627450980392,87.4509803921569,;                         2603P   3324
128,17,2,3,2,0,0,0,0,0,3.20696252415597,3.20696252415597,           2605P   3325
3.20696252415597,3.20696252415597,3.58113747664816,                 2605P   3326
3.58113747664816,3.95531242914034,3.95531242914034,                 2605P   3327
4.32948738163253,4.32948738163253,4.70366233412471,                 2605P   3328
4.70366233412471,5.0778372866169,5.0778372866169,                   2605P   3329
5.45201223910908,5.45201223910908,5.82618719160127,                 2605P   3330
5.82618719160127,6.20036214409345,6.20036214409345,                 2605P   3331
6.20036214409345,6.20036214409345,0.,0.,0.,1.,1.,1.,1.,1.,1.,       2605P   3332
1.,1.,1.,1.,1.,1.,1.,1.,1.,1.,1.,1.,1.,1.,1.,0.710178814431311,     2605P   3333
0.710154086140211,0.710056421425018,0.709730209424875,              2605P   3334
0.709501461627383,0.708943729468019,0.708614918070443,              2605P   3335
0.707902184977051,0.707518488805241,0.706748920436614,              2605P   3336
0.706363297514983,0.705643370445143,0.705309305028858,              2605P   3337
0.704739084810206,0.704503122964391,0.704162182659228,              2605P   3338
0.70405701286395,0.704025346845047,1.,1.,1.,1.,1.,1.,1.,1.,1.,      2605P   3339
1.,1.,1.,1.,1.,1.,1.,1.,1.,-0.496608729,0.621229187,                2605P   3340
-0.151907217,-0.496160552,0.621225275,-0.145060977,                 2605P   3341
-0.494417265,0.621210062,-0.138303793,-0.488579134,0.621159113,     2605P   3342
-0.125888171,-0.48448625,0.621123395,-0.120234776,-0.474514094,     2605P   3343
0.62103637,-0.110812061,-0.468638056,0.62098509,-0.107045796,       2605P   3344
-0.455911832,0.62087403,-0.101919913,-0.449065772,0.620814285,      2605P   3345
-0.100561957,-0.435346547,0.62069456,-0.100442231,-0.428477831,     2605P   3346
0.620634617,-0.1016805,-0.415664086,0.620522793,-0.106583499,       2605P   3347
-0.409723213,0.620470948,-0.110246639,-0.399588126,0.620382501,     2605P   3348
-0.119493881,-0.3953972,0.620345927,-0.125074984,-0.389343276,      2605P   3349
0.620293095,-0.137386827,-0.387482325,0.620276855,-0.144112557,     2605P   3350
-0.386914734,0.620271902,-0.150949932,-0.491662856,0.621186025,     2605P   3351
-0.152231014,-0.491254719,0.621182463,-0.146001796,                 2605P   3352
-0.489667125,0.621168608,-0.139853866,-0.484351409,0.621122219,     2605P   3353
-0.128560033,-0.48062511,0.6210897,-0.123418765,-0.471548676,       2605P   3354
0.621010491,-0.114853238,-0.466201534,0.620963827,-0.111431757,     2605P   3355
-0.454624644,0.620862797,-0.106779653,-0.448398687,0.620808464,     2605P   3356
-0.105550504,-0.43592638,0.62069962,-0.105452543,-0.429684076,      2605P   3357
0.620645144,-0.106583711,-0.418042428,0.620543549,-0.111049142,     2605P   3358
-0.412646824,0.620496462,-0.114381917,-0.403443973,0.62041615,      2605P   3359
-0.122789537,-0.399639657,0.62038295,-0.127861649,-0.394144769,     2605P   3360
0.620334997,-0.139047552,-0.392456011,0.62032026,-0.145156837,      2605P   3361
-0.391940926,0.620315764,-0.151367204,-0.491663041,0.616229377,     2605P   3362
-0.152233834,-0.491255607,0.616225466,-0.146009979,                 2605P   3363
-0.489670801,0.616210252,-0.139867085,-0.484363409,0.616159304,     2605P   3364
-0.128580155,-0.480642605,0.616123586,-0.123440706,                 2605P   3365
-0.471577009,0.61603656,-0.114874601,-0.466235156,0.615985281,      2605P   3366
-0.111450724,-0.454665861,0.61587422,-0.10679083,-0.448442171,      2605P   3367
0.615814476,-0.105556325,-0.435970149,0.61569475,-0.105447483,      2605P   3368
-0.429725861,0.615634808,-0.106573182,-0.418077002,0.615522984,     2605P   3369
-0.111030454,-0.412676208,0.615471138,-0.114360581,                 2605P   3370
-0.403462493,0.615382691,-0.122767165,-0.39965256,0.615346117,      2605P   3371
-0.127840895,-0.394148992,0.615293285,-0.139033479,                 2605P   3372
-0.392457219,0.615277045,-0.145147779,-0.391941227,0.615272092,     2605P   3373
-0.151363575,3.20696252415597,6.20036214409345,0.,1.;               2605P   3374
126,1,1,1,0,1,0,0.,0.,1.,1.,1.,1.,3.224707784,0.,0.,                2607P   3375
6.182616885,0.,0.,0.,1.,0.,0.,1.;                                   2607P   3376
126,3,3,1,0,0,0,0.,0.,0.,0.,1.,1.,1.,1.,1.,0.394476585214171,       2609P   3377
0.394476585214171,1.,-0.496536326,0.621228555,-0.15093381,          2609P   3378
-0.488851976,0.621161494,-0.058694929,-0.396297084,0.62035378,      2609P   3379
-0.057887215,-0.387004113,0.620272682,-0.149977937,0.,1.,           2609P   3380
-0.008726535,-0.999961923,0.;                                       2609P   3381
126,1,1,1,0,1,0,0.,0.,1.,1.,1.,1.,6.182616885,0.,0.,                2611P   3382
6.181372826,0.100684467,0.,0.,1.,0.,0.,1.;                          2611P   3383
126,3,3,1,0,1,0,0.,0.,0.,0.,1.87511233458833E-005,                  2613P   3384
1.87511233458833E-005,1.87511233458833E-005,                        2613P   3385
1.87511233458833E-005,1.,1.,1.,1.,-0.387004113,0.620272682,         2613P   3386
-0.149977937,-0.387250172,0.620274829,-0.149980085,                 2613P   3387
-0.387497046,0.620258873,-0.149982239,-0.387740782,0.620225072,     2613P   3388
-0.149984366,0.,1.87511233458833E-005,0.,0.,0.;                     2613P   3389
126,8,2,1,0,1,0,0.,0.,0.,0.25,0.25,0.5,0.5,0.75,0.75,1.,1.,1.,      2615P   3390
1.,1.,1.,1.,1.,1.,1.,1.,1.,6.181372826,0.100684467,0.,              2615P   3391
6.179654587,0.235011098,0.,6.169969298,0.363387679,0.,              2615P   3392
6.162172591,0.466731492,0.,6.147735236,0.585078638,0.,              2615P   3393
6.138133751,0.663784763,0.,6.120271763,0.789996631,0.,              2615P   3394
6.103819307,0.906248812,0.,6.090817005,1.,0.,0.,1.,0.,0.,-1.;       2615P   3395
126,15,3,1,0,1,0,0.,0.,0.,0.,3.67090240955191E-005,                 2617P   3396
3.67090240955191E-005,3.67090240955191E-005,                        2617P   3397
7.29809143818956E-005,7.29809143818956E-005,                        2617P   3398
7.29809143818956E-005,0.000130105801620102,                         2617P   3399
0.000130105801620102,0.000130105801620102,0.000217476854571279,     2617P   3400
0.000217476854571279,0.000217476854571279,0.000219730761945542,     2617P   3401
0.000219730761945542,0.000219730761945542,0.000219730761945542,     2617P   3402
1.,1.,1.,1.,1.,1.,1.,1.,1.,1.,1.,1.,1.,1.,1.,1.,-0.387740782,       2617P   3403
0.620225072,-0.149984366,-0.388217943,0.620158898,-0.14998853,      2617P   3404
-0.38869225,0.620021461,-0.149921529,-0.389120887,0.619836497,      2617P   3405
-0.149802631,-0.389546481,0.619652846,-0.149684576,                 2617P   3406
-0.389939731,0.619419083,-0.149514001,-0.390287365,0.619159208,     2617P   3407
-0.149312978,-0.390831947,0.618752104,-0.148998069,                 2617P   3408
-0.391281549,0.618270805,-0.148601149,-0.39163636,0.61776903,       2617P   3409
-0.148172426,-0.392176009,0.617005858,-0.147520361,                 2617P   3410
-0.392520129,0.616167583,-0.146771366,-0.392680093,0.615343469,     2617P   3411
-0.146000593,-0.392684245,0.61532208,-0.145980588,-0.392688274,     2617P   3412
0.61530069,-0.145960559,-0.39269218,0.615279301,-0.145940506,       2617P   3413
0.,0.000219730761945542,0.,0.,0.;                                   2617P   3414
126,1,1,1,0,1,0,0.,0.,1.,1.,1.,1.,6.090817005,1.,0.,                2619P   3415
3.316507664,0.999997718,0.,0.,1.,0.,0.,1.;                          2619P   3416
126,3,3,1,0,0,0,0.,0.,0.,0.,1.,1.,1.,1.,1.,0.45507803052195,        2621P   3417
0.45507803052195,1.,-0.39269218,0.615279301,-0.145940506,           2621P   3418
-0.40646087,0.615411474,-0.075253186,-0.478473918,0.616102767,      2621P   3419
-0.075881634,-0.491006848,0.616223078,-0.146798485,0.,1.,           2621P   3420
0.009599112,0.999953927,0.;                                         2621P   3421
126,8,2,1,0,1,0,0.,0.,0.,0.25,0.25,0.5,0.5,0.75,0.75,1.,1.,1.,      2623P   3422
1.,1.,1.,1.,1.,1.,1.,1.,1.,3.316507664,0.999997718,0.,              2623P   3423
3.311344662,0.961588079,0.,3.286993159,0.788159138,0.,              2623P   3424
3.269162064,0.66116788,0.,3.259486233,0.581049529,0.,               2623P   3425
3.24504191,0.461446851,0.,3.237221832,0.356533824,0.,               2623P   3426
3.227523514,0.226422591,0.,3.225804253,0.089878191,0.,0.,1.,0.,     2623P   3427
0.,1.;                                                              2623P   3428
126,15,3,1,0,1,0,-2.25390695205249E-006,-2.25390695205249E-006,     2625P   3429
-2.25390695205249E-006,-2.25390695205249E-006,0.,0.,0.,             2625P   3430
8.7052849446376E-005,8.7052849446376E-005,8.7052849446376E-005,     2625P   3431
0.00014384710357286,0.00014384710357286,0.00014384710357286,        2625P   3432
0.000179883076669883,0.000179883076669883,0.000179883076669883,     2625P   3433
0.000216354084477838,0.000216354084477838,0.000216354084477838,     2625P   3434
0.000216354084477838,1.,1.,1.,1.,1.,1.,1.,1.,1.,1.,1.,1.,1.,1.,     2625P   3435
1.,1.,-0.491006848,0.616223078,-0.146798485,-0.491010397,           2625P   3436
0.616244501,-0.146818568,-0.491014069,0.616265926,-0.14683863,      2625P   3437
-0.491017864,0.616287348,-0.146858669,-0.491164435,0.617114764,     2625P   3438
-0.147632644,-0.491495765,0.617956254,-0.148388249,                 2625P   3439
-0.492025036,0.618722177,-0.149050346,-0.492372282,0.619224686,     2625P   3440
-0.149484737,-0.492814819,0.619706657,-0.149889122,                 2625P   3441
-0.493353848,0.620114299,-0.150213262,-0.493697691,0.62037433,      2625P   3442
-0.150420028,-0.49408765,0.620608235,-0.150597225,-0.494510874,     2625P   3443
0.620792004,-0.150722551,-0.494937131,0.62097709,-0.150848775,      2625P   3444
-0.495409966,0.621114624,-0.150923981,-0.495886917,0.621180841,     2625P   3445
-0.150928143,-2.25390695205249E-006,0.000216354084477838,0.,0.,     2625P   3446
0.;                                                                 2625P   3447
126,1,1,1,0,1,0,0.,0.,1.,1.,1.,1.,3.225804253,0.089878191,0.,       2627P   3448
3.224707784,0.,0.,0.,1.,0.,0.,1.;                                   2627P   3449
126,3,3,1,0,1,0,0.,0.,0.,0.,1.65400923249298E-005,                  2629P   3450
1.65400923249298E-005,1.65400923249298E-005,                        2629P   3451
1.65400923249298E-005,1.,1.,1.,1.,-0.495886917,0.621180841,         2629P   3452
-0.150928143,-0.496101908,0.621210689,-0.150930019,                 2629P   3453
-0.496319281,0.621226661,-0.150931916,-0.496536326,0.621228555,     2629P   3454
-0.15093381,0.,1.65400923249298E-005,0.,0.,0.;                      2629P   3455
102,6,2607,2611,2615,2619,2623,2627;                                2631P   3456
102,6,2609,2613,2617,2621,2625,2629;                                2633P   3457
142,1,2605,2631,2633,1;                                             2635P   3458
144,2605,1,0,2635;                                                  2637P   3459
314,40.,56.8627450980392,87.4509803921569,;                         2639P   3460
110,-0.387784414,0.625794744,-0.144984556,-0.387784414,             2641P   3461
-38.744283996,-0.144984556;                                         2641P   3462
110,-0.382784414,0.622030235,-0.144984556,-0.382784414,             2643P   3463
0.317559253,-0.144984556;                                           2643P   3464
120,2641,2643,0.,6.28318530717959;                                  2645P   3465
126,6,2,1,0,1,0,0.,0.,0.,0.5,0.5,0.75,0.75,1.,1.,1.,1.,1.,1.,       2647P   3466
1.,1.,1.,1.,0.994071146,4.721115627,0.,0.993251505,4.361203754,     2647P   3467
0.,0.987725664,3.95407152,0.,0.985781664,3.81084176,0.,             2647P   3468
0.982911936,3.634873818,0.,0.981272176,3.534325855,0.,              2647P   3469
0.977827329,3.333966903,0.,0.,1.,0.,0.,-1.;                         2647P   3470
126,15,3,1,0,1,0,0.,0.,0.,0.,3.67090240955191E-005,                 2649P   3471
3.67090240955191E-005,3.67090240955191E-005,                        2649P   3472
7.29809143819279E-005,7.29809143819279E-005,                        2649P   3473
7.29809143819279E-005,0.000130105801620202,                         2649P   3474
0.000130105801620202,0.000130105801620202,0.00021747685457133,      2649P   3475
0.00021747685457133,0.00021747685457133,0.000219730761945603,       2649P   3476
0.000219730761945603,0.000219730761945603,0.000219730761945603,     2649P   3477
1.,1.,1.,1.,1.,1.,1.,1.,1.,1.,1.,1.,1.,1.,1.,1.,-0.387740782,       2649P   3478
0.319364417,-0.149984366,-0.388217943,0.319430591,-0.14998853,      2649P   3479
-0.38869225,0.319568028,-0.149921529,-0.389120887,0.319752992,      2649P   3480
-0.149802631,-0.389546481,0.319936643,-0.149684576,                 2649P   3481
-0.389939731,0.320170405,-0.149514001,-0.390287365,0.32043028,      2649P   3482
-0.149312978,-0.390831947,0.320837385,-0.148998069,                 2649P   3483
-0.391281549,0.321318684,-0.148601149,-0.39163636,0.321820458,      2649P   3484
-0.148172426,-0.392176009,0.322583631,-0.147520361,                 2649P   3485
-0.392520129,0.323421906,-0.146771366,-0.392680093,0.324246019,     2649P   3486
-0.146000593,-0.392684245,0.324267408,-0.145980588,                 2649P   3487
-0.392688274,0.324288798,-0.145960559,-0.39269218,0.324310188,      2649P   3488
-0.145940506,0.,0.000219730761945603,0.,0.,0.;                      2649P   3489
126,1,1,1,0,1,0,0.,0.,1.,1.,1.,1.,0.977827329,3.333966903,0.,       2651P   3490
0.022172671,3.333966903,0.,0.,1.,0.,0.,1.;                          2651P   3491
110,-0.39269218,0.324310188,-0.145940506,-0.39269218,               2653P   3492
0.615279301,-0.145940506;                                           2653P   3493
126,6,2,1,0,1,0,0.,0.,0.,0.25,0.25,0.5,0.5,1.,1.,1.,1.,1.,1.,       2655P   3494
1.,1.,1.,1.,0.022172671,3.333966903,0.,0.018727824,3.534325855,     2655P   3495
0.,0.017088064,3.634873818,0.,0.014218336,3.81084176,0.,            2655P   3496
0.012274336,3.95407152,0.,0.006748495,4.361203754,0.,               2655P   3497
0.005928854,4.721115627,0.,0.,1.,0.,0.,-1.;                         2655P   3498
126,15,3,1,0,1,0,-2.25390737426322E-006,-2.25390737426322E-006,     2657P   3499
-2.25390737426322E-006,-2.25390737426322E-006,0.,0.,0.,             2657P   3500
8.68426850705175E-005,8.68426850705175E-005,                        2657P   3501
8.68426850705175E-005,0.000143622115151194,                         2657P   3502
0.000143622115151194,0.000143622115151194,0.000179674654735585,     2657P   3503
0.000179674654735585,0.000179674654735585,0.000216161684605245,     2657P   3504
0.000216161684605245,0.000216161684605245,0.000216161684605245,     2657P   3505
1.,1.,1.,1.,1.,1.,1.,1.,1.,1.,1.,1.,1.,1.,1.,1.,-0.39269218,        2657P   3506
0.615279301,-0.145940506,-0.392688274,0.61530069,-0.145960559,      2657P   3507
-0.392684245,0.61532208,-0.145980588,-0.392680093,0.615343469,      2657P   3508
-0.146000593,-0.392520129,0.616167583,-0.146771366,                 2657P   3509
-0.392176009,0.617005858,-0.147520361,-0.39163636,0.61776903,       2657P   3510
-0.148172426,-0.391281549,0.618270805,-0.148601149,                 2657P   3511
-0.390831947,0.618752104,-0.148998069,-0.390287365,0.619159208,     2657P   3512
-0.149312978,-0.389939731,0.619419083,-0.149514001,                 2657P   3513
-0.389546481,0.619652846,-0.149684576,-0.389120887,0.619836497,     2657P   3514
-0.149802631,-0.38869225,0.620021461,-0.149921529,-0.388217943,     2657P   3515
0.620158898,-0.14998853,-0.387740782,0.620225072,-0.149984366,      2657P   3516
-2.25390737426322E-006,0.000216161684605245,0.,0.,0.;               2657P   3517
126,1,1,1,0,1,0,0.,0.,1.,1.,1.,1.,0.005928854,4.721115627,0.,       2659P   3518
0.994071146,4.721115627,0.,0.,1.,0.,0.,1.;                          2659P   3519
110,-0.387740782,0.620225072,-0.149984366,-0.387740782,             2661P   3520
0.319364417,-0.149984366;                                           2661P   3521
102,4,2647,2651,2655,2659;                                          2663P   3522
102,4,2649,2653,2657,2661;                                          2665P   3523
142,1,2645,2663,2665,1;                                             2667P   3524
144,2645,1,0,2667;                                                  2669P   3525
314,40.,56.8627450980392,87.4509803921569,;                         2671P   3526
128,1,1,1,1,0,0,1,0,0,0.,0.,1.,1.,0.,0.,1.,1.,1.,1.,1.,1.,          2673P   3527
-0.061769833,0.469794744,0.1185,-0.363769833,0.469794744,           2673P   3528
0.1185,-0.061769833,0.469794744,0.150775175,-0.363769833,           2673P   3529
0.469794744,0.150775175,0.,1.,0.,1.;                                2673P   3530
126,1,1,1,0,1,0,0.,0.,1.,1.,1.,1.,1.,0.,0.,1.,0.28898287,0.,0.,     2675P   3531
1.,0.,0.,1.;                                                        2675P   3532
110,-0.363769833,0.469794744,0.1185,-0.363769833,0.469794744,       2677P   3533
0.127826973;                                                        2677P   3534
126,1,1,1,0,1,0,0.,0.,1.,1.,1.,1.,1.,0.28898287,0.,1.,1.,0.,0.,     2679P   3535
1.,0.,0.,1.;                                                        2679P   3536
110,-0.363769833,0.469794744,0.127826973,-0.363769833,              2681P   3537
0.469794744,0.150775175;                                            2681P   3538
126,1,1,1,0,1,0,0.,0.,1.,1.,1.,1.,1.,1.,0.,0.,0.918342376,0.,       2683P   3539
0.,1.,0.,0.,1.;                                                     2683P   3540
110,-0.363769833,0.469794744,0.150775175,-0.061769833,              2685P   3541
0.469794744,0.148139661;                                            2685P   3542
126,1,1,1,0,1,0,0.,0.,1.,1.,1.,1.,0.,0.918342376,0.,0.,0.,0.,       2687P   3543
0.,1.,0.,0.,1.;                                                     2687P   3544
110,-0.061769833,0.469794744,0.148139661,-0.061769833,              2689P   3545
0.469794744,0.1185;                                                 2689P   3546
126,1,1,1,0,1,0,0.,0.,1.,1.,1.,1.,0.,0.,0.,1.,0.,0.,0.,1.,0.,       2691P   3547
0.,1.;                                                              2691P   3548
110,-0.061769833,0.469794744,0.1185,-0.363769833,0.469794744,       2693P   3549
0.1185;                                                             2693P   3550
102,5,2675,2679,2683,2687,2691;                                     2695P   3551
102,5,2677,2681,2685,2689,2693;                                     2697P   3552
142,1,2673,2695,2697,1;                                             2699P   3553
144,2673,1,0,2699;                                                  2701P   3554
314,40.,56.8627450980392,87.4509803921569,;                         2703P   3555
128,1,1,1,1,0,0,1,0,0,0.,0.,1.,1.,0.,0.,1.,1.,1.,1.,1.,1.,          2705P   3556
-0.061769833,0.587794744,0.1185,-0.363769833,0.587794744,           2705P   3557
0.1185,-0.061769833,0.469794744,0.1185,-0.363769833,                2705P   3558
0.469794744,0.1185,0.,1.,0.,1.;                                     2705P   3559
126,1,1,1,0,1,0,0.,0.,1.,1.,1.,1.,1.,0.,0.,1.,1.,0.,0.,1.,0.,       2707P   3560
0.,1.;                                                              2707P   3561
110,-0.363769833,0.587794744,0.1185,-0.363769833,0.469794744,       2709P   3562
0.1185;                                                             2709P   3563
126,1,1,1,0,1,0,0.,0.,1.,1.,1.,1.,1.,1.,0.,0.,1.,0.,0.,1.,0.,       2711P   3564
0.,1.;                                                              2711P   3565
110,-0.363769833,0.469794744,0.1185,-0.061769833,0.469794744,       2713P   3566
0.1185;                                                             2713P   3567
126,1,1,1,0,1,0,0.,0.,1.,1.,1.,1.,0.,1.,0.,0.,0.,0.,0.,1.,0.,       2715P   3568
0.,1.;                                                              2715P   3569
110,-0.061769833,0.469794744,0.1185,-0.061769833,0.587794744,       2717P   3570
0.1185;                                                             2717P   3571
126,1,1,1,0,1,0,0.,0.,1.,1.,1.,1.,0.,0.,0.,1.,0.,0.,0.,1.,0.,       2719P   3572
0.,1.;                                                              2719P   3573
110,-0.061769833,0.587794744,0.1185,-0.363769833,0.587794744,       2721P   3574
0.1185;                                                             2721P   3575
102,4,2707,2711,2715,2719;                                          2723P   3576
102,4,2709,2713,2717,2721;                                          2725P   3577
142,1,2705,2723,2725,1;                                             2727P   3578
144,2705,1,0,2727;                                                  2729P   3579
314,40.,56.8627450980392,87.4509803921569,;                         2731P   3580
128,1,1,1,1,0,0,1,0,0,0.,0.,1.,1.,0.,0.,1.,1.,1.,1.,1.,1.,          2733P   3581
-0.363769833,0.587794744,0.1185,-0.363769833,0.587794744,           2733P   3582
-0.1175,-0.061769833,0.587794744,0.1185,-0.061769833,               2733P   3583
0.587794744,-0.1175,0.,1.,0.,1.;                                    2733P   3584
126,1,1,1,0,1,0,0.,0.,1.,1.,1.,1.,1.,0.,0.,1.,1.,0.,0.,1.,0.,       2735P   3585
0.,1.;                                                              2735P   3586
110,-0.363769833,0.587794744,-0.1175,-0.061769833,0.587794744,      2737P   3587
-0.1175;                                                            2737P   3588
126,1,1,1,0,1,0,0.,0.,1.,1.,1.,1.,1.,1.,0.,0.,1.,0.,0.,1.,0.,       2739P   3589
0.,1.;                                                              2739P   3590
110,-0.061769833,0.587794744,-0.1175,-0.061769833,0.587794744,      2741P   3591
0.1185;                                                             2741P   3592
126,1,1,1,0,1,0,0.,0.,1.,1.,1.,1.,0.,1.,0.,0.,0.,0.,0.,1.,0.,       2743P   3593
0.,1.;                                                              2743P   3594
110,-0.061769833,0.587794744,0.1185,-0.363769833,0.587794744,       2745P   3595
0.1185;                                                             2745P   3596
126,1,1,1,0,1,0,0.,0.,1.,1.,1.,1.,0.,0.,0.,1.,0.,0.,0.,1.,0.,       2747P   3597
0.,1.;                                                              2747P   3598
110,-0.363769833,0.587794744,0.1185,-0.363769833,0.587794744,       2749P   3599
-0.1175;                                                            2749P   3600
102,4,2735,2739,2743,2747;                                          2751P   3601
102,4,2737,2741,2745,2749;                                          2753P   3602
142,1,2733,2751,2753,1;                                             2755P   3603
144,2733,1,0,2755;                                                  2757P   3604
314,40.,56.8627450980392,87.4509803921569,;                         2759P   3605
128,1,1,1,1,0,0,1,0,0,0.,0.,1.,1.,0.,0.,1.,1.,1.,1.,1.,1.,          2761P   3606
-0.363769833,0.587794744,-0.1175,-0.061769833,0.587794744,          2761P   3607
-0.1175,-0.363769833,0.469794744,-0.1175,-0.061769833,              2761P   3608
0.469794744,-0.1175,0.,1.,0.,1.;                                    2761P   3609
126,1,1,1,0,1,0,0.,0.,1.,1.,1.,1.,0.,1.,0.,0.,0.,0.,0.,1.,0.,       2763P   3610
0.,1.;                                                              2763P   3611
110,-0.363769833,0.469794744,-0.1175,-0.363769833,0.587794744,      2765P   3612
-0.1175;                                                            2765P   3613
126,1,1,1,0,1,0,0.,0.,1.,1.,1.,1.,0.,0.,0.,1.,0.,0.,0.,1.,0.,       2767P   3614
0.,1.;                                                              2767P   3615
110,-0.363769833,0.587794744,-0.1175,-0.061769833,0.587794744,      2769P   3616
-0.1175;                                                            2769P   3617
126,1,1,1,0,1,0,0.,0.,1.,1.,1.,1.,1.,0.,0.,1.,1.,0.,0.,1.,0.,       2771P   3618
0.,1.;                                                              2771P   3619
110,-0.061769833,0.587794744,-0.1175,-0.061769833,0.469794744,      2773P   3620
-0.1175;                                                            2773P   3621
126,1,1,1,0,1,0,0.,0.,1.,1.,1.,1.,1.,1.,0.,0.,1.,0.,0.,1.,0.,       2775P   3622
0.,1.;                                                              2775P   3623
110,-0.061769833,0.469794744,-0.1175,-0.363769833,0.469794744,      2777P   3624
-0.1175;                                                            2777P   3625
102,4,2763,2767,2771,2775;                                          2779P   3626
102,4,2765,2769,2773,2777;                                          2781P   3627
142,1,2761,2779,2781,1;                                             2783P   3628
144,2761,1,0,2783;                                                  2785P   3629
314,40.,56.8627450980392,87.4509803921569,;                         2787P   3630
128,1,1,1,1,0,0,1,0,0,0.,0.,1.,1.,0.,0.,1.,1.,1.,1.,1.,1.,          2789P   3631
-0.363769833,0.469794744,-0.149775175,-0.363769833,0.469794744,     2789P   3632
-0.1175,-0.061769833,0.469794744,-0.149775175,-0.061769833,         2789P   3633
0.469794744,-0.1175,0.,1.,0.,1.;                                    2789P   3634
126,1,1,1,0,1,0,0.,0.,1.,1.,1.,1.,0.,0.,0.,0.71101713,0.,0.,0.,     2791P   3635
1.,0.,0.,1.;                                                        2791P   3636
110,-0.363769833,0.469794744,-0.149775175,-0.363769833,             2793P   3637
0.469794744,-0.126826973;                                           2793P   3638
126,1,1,1,0,1,0,0.,0.,1.,1.,1.,1.,0.71101713,0.,0.,1.,0.,0.,0.,     2795P   3639
1.,0.,0.,1.;                                                        2795P   3640
110,-0.363769833,0.469794744,-0.126826973,-0.363769833,             2797P   3641
0.469794744,-0.1175;                                                2797P   3642
126,1,1,1,0,1,0,0.,0.,1.,1.,1.,1.,1.,0.,0.,1.,1.,0.,0.,1.,0.,       2799P   3643
0.,1.;                                                              2799P   3644
110,-0.363769833,0.469794744,-0.1175,-0.061769833,0.469794744,      2801P   3645
-0.1175;                                                            2801P   3646
126,1,1,1,0,1,0,0.,0.,1.,1.,1.,1.,1.,1.,0.,0.081657624,1.,0.,       2803P   3647
0.,1.,0.,0.,1.;                                                     2803P   3648
110,-0.061769833,0.469794744,-0.1175,-0.061769833,0.469794744,      2805P   3649
-0.147139661;                                                       2805P   3650
126,1,1,1,0,1,0,0.,0.,1.,1.,1.,1.,0.081657624,1.,0.,0.,0.,0.,       2807P   3651
0.,1.,0.,0.,1.;                                                     2807P   3652
110,-0.061769833,0.469794744,-0.147139661,-0.363769833,             2809P   3653
0.469794744,-0.149775175;                                           2809P   3654
102,5,2791,2795,2799,2803,2807;                                     2811P   3655
102,5,2793,2797,2801,2805,2809;                                     2813P   3656
142,1,2789,2811,2813,1;                                             2815P   3657
144,2789,1,0,2815;                                                  2817P   3658
314,40.,56.8627450980392,87.4509803921569,;                         2819P   3659
128,1,1,1,1,0,0,1,0,0,0.,0.,1.,1.,0.,0.,1.,1.,1.,1.,1.,1.,          2821P   3660
-0.353944357,0.470245191,-0.116828496,-0.061595309,0.470245191,     2821P   3661
-0.111725524,-0.353944357,0.365342774,-0.116828496,                 2821P   3662
-0.061595309,0.365342774,-0.111725524,0.,1.,0.,1.;                  2821P   3663
126,1,1,1,0,1,0,0.,0.,1.,1.,1.,1.,1.,0.945426208,0.,0.,             2823P   3664
0.994071146,0.,0.,1.,0.,0.,1.;                                      2823P   3665
110,-0.061595309,0.371067697,-0.111725524,-0.353944357,             2825P   3666
0.365964726,-0.116828496;                                           2825P   3667
126,1,1,1,0,1,0,0.,0.,1.,1.,1.,1.,0.,0.994071146,0.,0.,             2827P   3668
0.005928854,0.,0.,1.,0.,0.,1.;                                      2827P   3669
110,-0.353944357,0.365964726,-0.116828496,-0.353944357,             2829P   3670
0.46962324,-0.116828496;                                            2829P   3671
126,1,1,1,0,1,0,0.,0.,1.,1.,1.,1.,0.,0.005928854,0.,1.,             2831P   3672
0.054573792,0.,0.,1.,0.,0.,1.;                                      2831P   3673
110,-0.353944357,0.46962324,-0.116828496,-0.061595309,              2833P   3674
0.464520268,-0.111725524;                                           2833P   3675
126,1,1,1,0,1,0,0.,0.,1.,1.,1.,1.,1.,0.054573792,0.,1.,             2835P   3676
0.945426208,0.,0.,1.,0.,0.,1.;                                      2835P   3677
110,-0.061595309,0.464520268,-0.111725524,-0.061595309,             2837P   3678
0.371067697,-0.111725524;                                           2837P   3679
102,4,2823,2827,2831,2835;                                          2839P   3680
102,4,2825,2829,2833,2837;                                          2841P   3681
142,1,2821,2839,2841,1;                                             2843P   3682
144,2821,1,0,2843;                                                  2845P   3683
314,40.,56.8627450980392,87.4509803921569,;                         2847P   3684
128,1,1,1,1,0,0,1,0,0,0.,0.,1.,1.,0.,0.,1.,1.,1.,1.,1.,1.,          2849P   3685
-0.051769833,0.464348764,-0.128354896,-0.363769833,0.469794744,     2849P   3686
-0.128354896,-0.051769833,0.464348764,0.129354896,-0.363769833,     2849P   3687
0.469794744,0.129354896,0.,1.,0.,1.;                                2849P   3688
126,1,1,1,0,1,0,0.,0.,1.,1.,1.,1.,0.469662689,0.228376639,0.,       2851P   3689
0.469662689,0.767743027,0.,0.,1.,0.,0.,1.;                          2851P   3690
110,-0.198304592,0.466906538,-0.0695,-0.198304592,0.466906538,      2853P   3691
0.0695;                                                             2853P   3692
126,1,1,1,0,1,0,0.,0.,1.,1.,1.,1.,0.469662689,0.767743027,0.,       2855P   3693
1.,0.767743027,0.,0.,1.,0.,0.,1.;                                   2855P   3694
110,-0.198304592,0.466906538,0.0695,-0.363769833,0.469794744,       2857P   3695
0.0695;                                                             2857P   3696
126,1,1,1,0,1,0,0.,0.,1.,1.,1.,1.,1.,0.767743027,0.,1.,             2859P   3697
0.95787938,0.,0.,1.,0.,0.,1.;                                       2859P   3698
110,-0.363769833,0.469794744,0.0695,-0.363769833,0.469794744,       2861P   3699
0.1185;                                                             2861P   3700
126,1,1,1,0,1,0,0.,0.,1.,1.,1.,1.,1.,0.95787938,0.,1.,              2863P   3701
0.994071146,0.,0.,1.,0.,0.,1.;                                      2863P   3702
110,-0.363769833,0.469794744,0.1185,-0.363769833,0.469794744,       2865P   3703
0.127826973;                                                        2865P   3704
126,8,2,1,0,1,0,0.,0.,0.,0.25,0.25,0.5,0.5,0.75,0.75,1.,1.,1.,      2867P   3705
1.,1.,1.,1.,1.,1.,1.,1.,1.,1.,0.994071146,0.,1.,0.98644065,0.,      2867P   3706
0.997613478,0.979378316,0.,0.995226955,0.972315983,0.,              2867P   3707
0.990809309,0.966873528,0.,0.986391663,0.961431073,0.,              2867P   3708
0.980600765,0.958418981,0.,0.974809866,0.955406889,0.,              2867P   3709
0.96850809,0.955273719,0.,0.,1.,0.,0.,1.;                           2867P   3710
126,3,3,1,0,0,0,0.,0.,0.,0.,1.,1.,1.,1.,1.,0.808833632769456,       2869P   3711
0.808833632769456,1.,-0.363769833,0.469794744,0.127826973,          2869P   3712
-0.363769833,0.469794744,0.122049853,-0.359720597,0.469724065,      2869P   3713
0.11792932,-0.353944357,0.46962324,0.117828496,0.,1.,               2869P   3714
0.017452406,0.999847695,0.;                                         2869P   3715
126,1,1,1,0,1,0,0.,0.,1.,1.,1.,1.,0.96850809,0.955273719,0.,        2871P   3716
0.03149191,0.935472486,0.,0.,1.,0.,0.,1.;                           2871P   3717
110,-0.353944357,0.46962324,0.117828496,-0.061595309,               2873P   3718
0.464520268,0.112725524;                                            2873P   3719
126,8,2,1,0,1,0,0.,0.,0.,0.25,0.25,0.5,0.5,0.75,0.75,1.,1.,1.,      2875P   3720
1.,1.,1.,1.,1.,1.,1.,1.,1.,0.03149191,0.935472486,0.,               2875P   3721
0.025190134,0.935339316,0.,0.019399235,0.932327224,0.,              2875P   3722
0.013608337,0.929315132,0.,0.009190691,0.923872677,0.,              2875P   3723
0.004773045,0.918430222,0.,0.002386522,0.911367889,0.,0.,           2875P   3724
0.904305555,0.,0.,0.896675059,0.,0.,1.,0.,0.,-1.;                   2875P   3725
126,3,3,1,0,0,0,0.,0.,0.,0.,1.,1.,1.,1.,1.,0.808833632769418,       2877P   3726
0.808833632769418,1.,-0.061595309,0.464520268,0.112725524,          2877P   3727
-0.055819069,0.464419444,0.112624699,-0.051769833,0.464348764,      2877P   3728
0.108504166,-0.051769833,0.464348764,0.102727047,0.,1.,             2877P   3729
-0.017452406,-0.999847695,0.;                                       2877P   3730
126,1,1,1,0,1,0,0.,0.,1.,1.,1.,1.,0.,0.896675059,0.,0.,             2879P   3731
0.103324941,0.,0.,1.,0.,0.,1.;                                      2879P   3732
110,-0.051769833,0.464348764,0.102727047,-0.051769833,              2881P   3733
0.464348764,-0.101727047;                                           2881P   3734
126,8,2,1,0,1,0,0.,0.,0.,0.25,0.25,0.5,0.5,0.75,0.75,1.,1.,1.,      2883P   3735
1.,1.,1.,1.,1.,1.,1.,1.,1.,0.,0.103324941,0.,0.,0.095694445,0.,     2883P   3736
0.002386522,0.088632111,0.,0.004773045,0.081569778,0.,              2883P   3737
0.009190691,0.076127323,0.,0.013608337,0.070684868,0.,              2883P   3738
0.019399235,0.067672776,0.,0.025190134,0.064660684,0.,              2883P   3739
0.03149191,0.064527514,0.,0.,1.,0.,0.,-1.;                          2883P   3740
126,3,3,1,0,0,0,0.,0.,0.,0.,1.,1.,1.,1.,1.,0.808833632769431,       2885P   3741
0.808833632769431,1.,-0.051769833,0.464348764,-0.101727047,         2885P   3742
-0.051769833,0.464348764,-0.107504166,-0.055819069,0.464419444,     2885P   3743
-0.111624699,-0.061595309,0.464520268,-0.111725524,0.,1.,           2885P   3744
-0.017452406,-0.999847695,0.;                                       2885P   3745
126,1,1,1,0,1,0,0.,0.,1.,1.,1.,1.,0.03149191,0.064527514,0.,        2887P   3746
0.96850809,0.044726281,0.,0.,1.,0.,0.,1.;                           2887P   3747
110,-0.061595309,0.464520268,-0.111725524,-0.353944357,             2889P   3748
0.46962324,-0.116828496;                                            2889P   3749
126,8,2,1,0,1,0,0.,0.,0.,0.25,0.25,0.5,0.5,0.75,0.75,1.,1.,1.,      2891P   3750
1.,1.,1.,1.,1.,1.,1.,1.,1.,0.96850809,0.044726281,0.,               2891P   3751
0.974809866,0.044593111,0.,0.980600765,0.041581019,0.,              2891P   3752
0.986391663,0.038568927,0.,0.990809309,0.033126472,0.,              2891P   3753
0.995226955,0.027684017,0.,0.997613478,0.020621684,0.,1.,           2891P   3754
0.01355935,0.,1.,0.005928854,0.,0.,1.,0.,0.,1.;                     2891P   3755
126,3,3,1,0,0,0,0.,0.,0.,0.,1.,1.,1.,1.,1.,0.808833632769456,       2893P   3756
0.808833632769456,1.,-0.353944357,0.46962324,-0.116828496,          2893P   3757
-0.359720597,0.469724065,-0.11692932,-0.363769833,0.469794744,      2893P   3758
-0.121049853,-0.363769833,0.469794744,-0.126826973,0.,1.,           2893P   3759
0.017452406,0.999847695,0.;                                         2893P   3760
126,1,1,1,0,1,0,0.,0.,1.,1.,1.,1.,1.,0.005928854,0.,1.,             2895P   3761
0.04212062,0.,0.,1.,0.,0.,1.;                                       2895P   3762
110,-0.363769833,0.469794744,-0.126826973,-0.363769833,             2897P   3763
0.469794744,-0.1175;                                                2897P   3764
126,1,1,1,0,1,0,0.,0.,1.,1.,1.,1.,1.,0.04212062,0.,1.,              2899P   3765
0.228376639,0.,0.,1.,0.,0.,1.;                                      2899P   3766
110,-0.363769833,0.469794744,-0.1175,-0.363769833,0.469794744,      2901P   3767
-0.0695;                                                            2901P   3768
126,1,1,1,0,1,0,0.,0.,1.,1.,1.,1.,1.,0.228376639,0.,                2903P   3769
0.469662689,0.228376639,0.,0.,1.,0.,0.,1.;                          2903P   3770
110,-0.363769833,0.469794744,-0.0695,-0.198304592,0.466906538,      2905P   3771
-0.0695;                                                            2905P   3772
102,14,2851,2855,2859,2863,2867,2871,2875,2879,2883,2887,2891,      2907P   3773
2895,2899,2903;                                                     2907P   3774
102,14,2853,2857,2861,2865,2869,2873,2877,2881,2885,2889,2893,      2909P   3775
2897,2901,2905;                                                     2909P   3776
142,1,2849,2907,2909,1;                                             2911P   3777
126,1,1,1,0,1,0,0.,0.,1.,1.,1.,1.,0.134565118,0.767743027,0.,       2913P   3778
0.279540493,0.767743027,0.,0.,1.,0.,0.,1.;                          2913P   3779
110,-0.09375415,0.465081603,0.0695,-0.138986467,0.465871136,        2915P   3780
0.0695;                                                             2915P   3781
126,1,1,1,0,1,0,0.,0.,1.,1.,1.,1.,0.279540493,0.767743027,0.,       2917P   3782
0.279540493,0.228376639,0.,0.,1.,0.,0.,1.;                          2917P   3783
110,-0.138986467,0.465871136,0.0695,-0.138986467,0.465871136,       2919P   3784
-0.0695;                                                            2919P   3785
126,1,1,1,0,1,0,0.,0.,1.,1.,1.,1.,0.279540493,0.228376639,0.,       2921P   3786
0.134565118,0.228376639,0.,0.,1.,0.,0.,1.;                          2921P   3787
110,-0.138986467,0.465871136,-0.0695,-0.09375415,0.465081603,       2923P   3788
-0.0695;                                                            2923P   3789
126,1,1,1,0,1,0,0.,0.,1.,1.,1.,1.,0.134565118,0.228376639,0.,       2925P   3790
0.134565118,0.767743027,0.,0.,1.,0.,0.,1.;                          2925P   3791
110,-0.09375415,0.465081603,-0.0695,-0.09375415,0.465081603,        2927P   3792
0.0695;                                                             2927P   3793
102,4,2913,2917,2921,2925;                                          2929P   3794
102,4,2915,2919,2923,2927;                                          2931P   3795
142,1,2849,2929,2931,1;                                             2933P   3796
144,2849,1,1,2911,2933;                                             2935P   3797
314,40.,56.8627450980392,87.4509803921569,;                         2937P   3798
128,1,1,1,1,0,0,1,0,0,0.,0.,1.,1.,0.,0.,1.,1.,1.,1.,1.,1.,          2939P   3799
-0.061595309,0.470245191,0.112725524,-0.353944357,0.470245191,      2939P   3800
0.117828496,-0.061595309,0.365342774,0.112725524,-0.353944357,      2939P   3801
0.365342774,0.117828496,0.,1.,0.,1.;                                2939P   3802
126,1,1,1,0,1,0,0.,0.,1.,1.,1.,1.,0.,0.054573792,0.,1.,             2941P   3803
0.005928854,0.,0.,1.,0.,0.,1.;                                      2941P   3804
110,-0.061595309,0.464520268,0.112725524,-0.353944357,              2943P   3805
0.46962324,0.117828496;                                             2943P   3806
126,1,1,1,0,1,0,0.,0.,1.,1.,1.,1.,1.,0.005928854,0.,1.,             2945P   3807
0.994071146,0.,0.,1.,0.,0.,1.;                                      2945P   3808
110,-0.353944357,0.46962324,0.117828496,-0.353944357,               2947P   3809
0.365964726,0.117828496;                                            2947P   3810
126,1,1,1,0,1,0,0.,0.,1.,1.,1.,1.,1.,0.994071146,0.,0.,             2949P   3811
0.945426208,0.,0.,1.,0.,0.,1.;                                      2949P   3812
110,-0.353944357,0.365964726,0.117828496,-0.061595309,              2951P   3813
0.371067697,0.112725524;                                            2951P   3814
126,1,1,1,0,1,0,0.,0.,1.,1.,1.,1.,0.,0.945426208,0.,0.,             2953P   3815
0.054573792,0.,0.,1.,0.,0.,1.;                                      2953P   3816
110,-0.061595309,0.371067697,0.112725524,-0.061595309,              2955P   3817
0.464520268,0.112725524;                                            2955P   3818
102,4,2941,2945,2949,2953;                                          2957P   3819
102,4,2943,2947,2951,2955;                                          2959P   3820
142,1,2939,2957,2959,1;                                             2961P   3821
144,2939,1,0,2961;                                                  2963P   3822
314,40.,56.8627450980392,87.4509803921569,;                         2965P   3823
128,1,1,1,1,0,0,1,0,0,0.,0.,1.,1.,0.,0.,1.,1.,1.,1.,1.,1.,          2967P   3824
-0.353944357,0.355966249,-0.108117979,-0.061595309,0.36106922,      2967P   3825
-0.108117979,-0.353944357,0.355966249,0.109117979,-0.061595309,     2967P   3826
0.36106922,0.109117979,0.,1.,0.,1.;                                 2967P   3827
126,1,1,1,0,1,0,0.,0.,1.,1.,1.,1.,0.,0.005928854,0.,1.,             2969P   3828
0.029419309,0.,0.,1.,0.,0.,1.;                                      2969P   3829
110,-0.353944357,0.355966249,-0.106830019,-0.061595309,             2971P   3830
0.36106922,-0.101727047;                                            2971P   3831
126,1,1,1,0,1,0,0.,0.,1.,1.,1.,1.,1.,0.029419309,0.,1.,             2973P   3832
0.970580691,0.,0.,1.,0.,0.,1.;                                      2973P   3833
110,-0.061595309,0.36106922,-0.101727047,-0.061595309,              2975P   3834
0.36106922,0.102727047;                                             2975P   3835
126,1,1,1,0,1,0,0.,0.,1.,1.,1.,1.,1.,0.970580691,0.,0.,             2977P   3836
0.994071146,0.,0.,1.,0.,0.,1.;                                      2977P   3837
110,-0.061595309,0.36106922,0.102727047,-0.353944357,               2979P   3838
0.355966249,0.107830019;                                            2979P   3839
126,1,1,1,0,1,0,0.,0.,1.,1.,1.,1.,0.,0.994071146,0.,0.,             2981P   3840
0.005928854,0.,0.,1.,0.,0.,1.;                                      2981P   3841
110,-0.353944357,0.355966249,0.107830019,-0.353944357,              2983P   3842
0.355966249,-0.106830019;                                           2983P   3843
102,4,2969,2973,2977,2981;                                          2985P   3844
102,4,2971,2975,2979,2983;                                          2987P   3845
142,1,2967,2985,2987,1;                                             2989P   3846
144,2967,1,0,2989;                                                  2991P   3847
314,40.,56.8627450980392,87.4509803921569,;                         2993P   3848
128,1,1,1,1,0,0,1,0,0,0.,0.,1.,1.,0.,0.,1.,1.,1.,1.,1.,1.,          2995P   3849
-0.051769833,0.464348764,-0.101727047,-0.051769833,0.464348764,     2995P   3850
0.102727047,-0.051769833,0.371067697,-0.101727047,-0.051769833,     2995P   3851
0.371067697,0.102727047,0.,1.,0.,1.;                                2995P   3852
126,1,1,1,0,1,0,0.,0.,1.,1.,1.,1.,1.,1.,0.,0.,1.,0.,0.,1.,0.,       2997P   3853
0.,1.;                                                              2997P   3854
110,-0.051769833,0.371067697,0.102727047,-0.051769833,              2999P   3855
0.371067697,-0.101727047;                                           2999P   3856
126,1,1,1,0,1,0,0.,0.,1.,1.,1.,1.,0.,1.,0.,0.,0.,0.,0.,1.,0.,       3001P   3857
0.,1.;                                                              3001P   3858
110,-0.051769833,0.371067697,-0.101727047,-0.051769833,             3003P   3859
0.464348764,-0.101727047;                                           3003P   3860
126,1,1,1,0,1,0,0.,0.,1.,1.,1.,1.,0.,0.,0.,1.,0.,0.,0.,1.,0.,       3005P   3861
0.,1.;                                                              3005P   3862
110,-0.051769833,0.464348764,-0.101727047,-0.051769833,             3007P   3863
0.464348764,0.102727047;                                            3007P   3864
126,1,1,1,0,1,0,0.,0.,1.,1.,1.,1.,1.,0.,0.,1.,1.,0.,0.,1.,0.,       3009P   3865
0.,1.;                                                              3009P   3866
110,-0.051769833,0.464348764,0.102727047,-0.051769833,              3011P   3867
0.371067697,0.102727047;                                            3011P   3868
102,4,2997,3001,3005,3009;                                          3013P   3869
102,4,2999,3003,3007,3011;                                          3015P   3870
142,1,2995,3013,3015,1;                                             3017P   3871
144,2995,1,0,3017;                                                  3019P   3872
314,40.,56.8627450980392,87.4509803921569,;                         3021P   3873
110,-0.061769833,0.355794744,0.102727047,-0.061769833,              3023P   3874
-39.014283996,0.102727047;                                          3023P   3875
110,-0.051769833,0.465080984,0.102727047,-0.051769833,              3025P   3876
0.371067697,0.102727047;                                            3025P   3877
120,3023,3025,0.,6.28318530717959;                                  3027P   3878
126,1,1,1,0,1,0,0.,0.,1.,1.,1.,1.,1.,1.553343034,0.,1.,0.,0.,       3029P   3879
0.,1.,0.,0.,1.;                                                     3029P   3880
124,0.0174524064373053,0.999847695156391,                           3031P   3881
-6.93889390390721E-018,-0.431702982582908,7.043245274978E-015,      3031P   3882
-1.16000352688214E-016,1.,0.268340650084528,0.999847695156391,      3031P   3883
-0.0174524064373053,-7.04419703990988E-015,0.170963496559967;       3031P   3884
100,0.102727047,-0.061769833,0.371067697,-0.051769833,              3033P   3885
0.371067697,-0.061595309,0.381066174;                               3033P   3886
126,1,1,1,0,1,0,0.,0.,1.,1.,1.,1.,1.,0.,0.,0.007788471,0.,0.,       3035P   3887
0.,1.,0.,0.,1.;                                                     3035P   3888
110,-0.051769833,0.371067697,0.102727047,-0.051769833,              3037P   3889
0.464348764,0.102727047;                                            3037P   3890
126,2,2,1,0,1,0,0.,0.,0.,1.,1.,1.,1.,1.,1.,0.007788471,0.,0.,       3039P   3891
0.007788471,0.570645771,0.,0.005964215,1.553343034,0.,0.,1.,0.,     3039P   3892
0.,1.;                                                              3039P   3893
126,3,3,1,0,0,0,0.,0.,0.,0.,1.,1.,1.,1.,1.,0.808833632769418,       3041P   3894
0.808833632769418,1.,-0.051769833,0.464348764,0.102727047,          3041P   3895
-0.051769833,0.464348764,0.108504166,-0.055819069,0.464419444,      3041P   3896
0.112624699,-0.061595309,0.464520268,0.112725524,0.,1.,             3041P   3897
0.017452406,0.999847695,0.;                                         3041P   3898
126,1,1,1,0,1,0,0.,0.,1.,1.,1.,1.,0.005964215,1.553343034,0.,       3043P   3899
1.,1.553343034,0.,0.,1.,0.,0.,1.;                                   3043P   3900
110,-0.061595309,0.464520268,0.112725524,-0.061595309,              3045P   3901
0.371067697,0.112725524;                                            3045P   3902
102,4,3029,3035,3039,3043;                                          3047P   3903
102,4,3033,3037,3041,3045;                                          3049P   3904
142,1,3027,3047,3049,1;                                             3051P   3905
144,3027,1,0,3051;                                                  3053P   3906
314,40.,56.8627450980392,87.4509803921569,;                         3055P   3907
110,-0.061769833,0.371067697,0.102727047,-0.051769833,              3057P   3908
0.371067697,0.102727047;                                            3057P   3909
124,-1.,6.98296672221876E-015,0.,-0.123539666052546,                3059P   3910
-4.27569270827966E-031,-6.12303176911189E-017,1.,                   3059P   3911
0.268340650084527,6.98296672221876E-015,1.,                         3059P   3912
6.12303176911189E-017,-0.268340650084527;                           3059P   3913
100,0.102727047,-0.061769833,0.371067697,-0.051769833,              3061P   3914
0.371067697,-0.071769833,0.371067697;                               3061P   3915
120,3057,3061,0.,6.28318530717959;                                  3063P   3916
126,1,1,1,0,1,0,0.,0.,1.,1.,1.,1.,1.588249609,1.570796327,0.,       3065P   3917
3.141592644,1.570796327,0.,0.,1.,0.,0.,1.;                          3065P   3918
100,0.102727047,-0.061769833,0.371067697,-0.061595309,              3067P   3919
0.36106922,-0.051769833,0.371067697;                                3067P   3920
126,1,1,1,0,1,0,0.,0.,1.,1.,1.,1.,3.141592644,1.570796327,0.,       3069P   3921
3.141592644,0.,0.,0.,1.,0.,0.,1.;                                   3069P   3922
126,1,1,1,0,1,0,0.,0.,1.,1.,1.,1.,3.141592644,0.,0.,                3071P   3923
1.588249609,0.,0.,0.,1.,0.,0.,1.;                                   3071P   3924
124,1.,-1.39589945505336E-014,6.93889390390721E-018,                3073P   3925
5.17669825742731E-015,6.93889390390807E-018,                        3073P   3926
6.12303176911188E-017,-1.,0.473794744307003,                        3073P   3927
1.39589945505336E-014,1.,6.12303176911189E-017,                     3073P   3928
-0.268340650084526;                                                 3073P   3929
100,0.102727047,-0.061769833,0.371067697,-0.051769833,              3075P   3930
0.371067697,-0.061595309,0.381066174;                               3075P   3931
126,2,2,1,0,1,0,0.,0.,0.,1.,1.,1.,1.,1.,1.,1.588249609,0.,0.,       3077P   3932
1.60195461,0.785398163,0.,1.588249609,1.570796327,0.,0.,1.,0.,      3077P   3933
0.,1.;                                                              3077P   3934
124,0.0174524064372884,0.0174470914793609,0.999695459881887,        3079P   3935
-0.169861615456922,2.05044314860459E-014,-0.999847741535795,        3079P   3936
0.0174497491606775,0.740286334989732,0.999847695156391,             3079P   3937
-0.000304540114560374,-0.0174497491606879,0.166393038495874;        3079P   3938
100,0.102727047,-0.061769833,0.371067697,-0.051769833,              3081P   3939
0.371067697,-0.061766787,0.381067697;                               3081P   3940
102,4,3065,3069,3071,3077;                                          3083P   3941
102,3,3067,3075,3081;                                               3085P   3942
142,1,3063,3083,3085,1;                                             3087P   3943
144,3063,1,0,3087;                                                  3089P   3944
314,40.,56.8627450980392,87.4509803921569,;                         3091P   3945
110,-0.353769833,0.469794744,0.127826973,-0.353769833,              3093P   3946
-38.900283996,0.127826973;                                          3093P   3947
110,-0.343769833,0.470417724,0.127826973,-0.343769833,              3095P   3948
0.365964726,0.127826973;                                            3095P   3949
120,3093,3095,0.,6.28318530717959;                                  3097P   3950
126,1,1,1,0,1,0,0.,0.,1.,1.,1.,1.,0.007606143,4.694935688,0.,       3099P   3951
1.,4.694935688,0.,0.,1.,0.,0.,1.;                                   3099P   3952
110,-0.353944357,0.46962324,0.117828496,-0.353944357,               3101P   3953
0.365964726,0.117828496;                                            3101P   3954
126,1,1,1,0,1,0,0.,0.,1.,1.,1.,1.,1.,4.694935688,0.,1.,             3103P   3955
3.141592654,0.,0.,1.,0.,0.,1.;                                      3103P   3956
124,-0.0174524064372917,-0.999847695156391,                         3105P   3957
-6.93889390390721E-018,0.00596501944118156,                         3105P   3958
-7.04324527497801E-015,1.16000352688118E-016,1.,                    3105P   3959
0.238137752947816,-0.999847695156391,0.0174524064372917,            3105P   3960
-7.04419703990988E-015,-0.232275944668537;                          3105P   3961
100,0.127826973,-0.353769833,0.365964726,-0.343769833,              3107P   3962
0.365964726,-0.353595309,0.375963203;                               3107P   3963
126,1,1,1,0,1,0,0.,0.,1.,1.,1.,1.,1.,3.141592654,0.,                3109P   3964
0.005964215,3.141592654,0.,0.,1.,0.,0.,1.;                          3109P   3965
110,-0.363769833,0.365964726,0.127826973,-0.363769833,              3111P   3966
0.469794744,0.127826973;                                            3111P   3967
126,2,2,1,0,1,0,0.,0.,0.,1.,1.,1.,1.,1.,1.,0.005964215,             3113P   3968
3.141592654,0.,0.005964215,3.712238425,0.,0.007606143,              3113P   3969
4.694935688,0.,0.,1.,0.,0.,-1.;                                     3113P   3970
126,3,3,1,0,0,0,0.,0.,0.,0.,1.,1.,1.,1.,1.,0.808833632769456,       3115P   3971
0.808833632769456,1.,-0.363769833,0.469794744,0.127826973,          3115P   3972
-0.363769833,0.469794744,0.122049853,-0.359720597,0.469724065,      3115P   3973
0.11792932,-0.353944357,0.46962324,0.117828496,0.,1.,               3115P   3974
0.017452406,0.999847695,0.;                                         3115P   3975
102,4,3099,3103,3109,3113;                                          3117P   3976
102,4,3101,3107,3111,3115;                                          3119P   3977
142,1,3097,3117,3119,1;                                             3121P   3978
144,3097,1,0,3121;                                                  3123P   3979
314,40.,56.8627450980392,87.4509803921569,;                         3125P   3980
110,-0.360019333,0.365861733,0.107933011,-39.718108304,             3127P   3981
-0.321136266,0.79493101;                                            3127P   3982
110,-0.061944357,0.371067697,0.09272857,-0.356192872,               3129P   3983
0.36593157,0.097864697;                                             3129P   3984
120,3127,3129,0.,6.28318530717959;                                  3131P   3985
126,1,1,1,0,1,0,0.,0.,1.,1.,1.,1.,0.,1.571100913,0.,0.,             3133P   3986
3.141592654,0.,0.,1.,0.,0.,1.;                                      3133P   3987
124,0.0174524064372761,0.0174470914793662,-0.999695459881888,       3135P   3988
0.0355299097514303,-0.999847695156391,0.000304540114453244,         3135P   3989
-0.0174497491606775,0.310986828219386,-1.27512583825151E-013,       3135P   3990
0.999847741535795,0.0174497491606809,-0.270076713090952;            3135P   3991
100,0.102727047,-0.061769833,0.371067697,-0.051769833,              3137P   3992
0.371067697,-0.061766787,0.381067697;                               3137P   3993
126,1,1,1,0,1,0,0.,0.,1.,1.,1.,1.,0.,3.141592654,0.,                3139P   3994
0.993544686,3.141592654,0.,0.,1.,0.,0.,1.;                          3139P   3995
110,-0.061595309,0.371067697,0.112725524,-0.353944357,              3141P   3996
0.365964726,0.117828496;                                            3141P   3997
126,2,2,1,0,1,0,0.,0.,0.,1.,1.,1.,1.,1.,1.,0.993544686,             3143P   3998
3.141592654,0.,0.994035785,2.7274683,0.,0.994035785,                3143P   3999
2.356346783,0.,0.,1.,0.,0.,-1.;                                     3143P   4000
126,3,3,1,0,0,0,0.,0.,0.,0.,1.,1.,1.,1.,1.,0.949272446589428,       3145P   4001
0.949272446589428,1.,-0.353944357,0.365964726,0.117828496,          3145P   4002
-0.353991239,0.363276436,0.117829314,-0.35401661,0.360793329,       3145P   4003
0.116801495,-0.35401661,0.358893289,0.114901455,0.,1.,0.,0.,0.;     3145P   4004
126,2,2,1,0,1,0,0.,0.,0.,1.,1.,1.,1.,1.,1.,0.994035785,             3147P   4005
2.356346783,0.,0.994035785,1.985225267,0.,0.993544686,              3147P   4006
1.571100913,0.,0.,1.,0.,0.,-1.;                                     3147P   4007
126,3,3,1,0,0,0,0.,0.,0.,0.,1.,1.,1.,1.,1.,0.949272446589394,       3149P   4008
0.949272446589394,1.,-0.35401661,0.358893289,0.114901455,           3149P   4009
-0.35401661,0.356993249,0.113001416,-0.353991239,0.35596543,        3149P   4010
0.110518308,-0.353944357,0.355966249,0.107830019,0.,1.,0.,0.,       3149P   4011
0.;                                                                 3149P   4012
126,1,1,1,0,1,0,0.,0.,1.,1.,1.,1.,0.993544686,1.571100913,0.,       3151P   4013
0.,1.571100913,0.,0.,1.,0.,0.,1.;                                   3151P   4014
110,-0.353944357,0.355966249,0.107830019,-0.061595309,              3153P   4015
0.36106922,0.102727047;                                             3153P   4016
102,5,3133,3139,3143,3147,3151;                                     3155P   4017
102,5,3137,3141,3145,3149,3153;                                     3157P   4018
142,1,3131,3155,3157,1;                                             3159P   4019
144,3131,1,0,3159;                                                  3161P   4020
314,40.,56.8627450980392,87.4509803921569,;                         3163P   4021
110,-0.061769833,0.371067697,-0.117,-0.061769833,0.371067697,       3165P   4022
39.25307874;                                                        3165P   4023
110,-0.071769833,0.371067697,-0.101727047,-0.071769833,             3167P   4024
0.371067697,0.102727047;                                            3167P   4025
120,3165,3167,0.,6.28318530717959;                                  3169P   4026
126,1,1,1,0,1,0,0.,0.,1.,1.,1.,1.,1.,3.141592654,0.,1.,             3171P   4027
1.588249619,0.,0.,1.,0.,0.,1.;                                      3171P   4028
124,1.,-9.17668718791731E-015,-1.17496353335227E-014,               3173P   4029
4.61436156099662E-015,-9.17668718791731E-015,-1.,                   3173P   4030
2.73021322424915E-013,0.742135394391502,-1.17496353335252E-014,     3173P   4031
-2.73021322424915E-013,-1.,0.205454094222577;                       3173P   4032
100,0.102727047,-0.061769833,0.371067697,-0.051769833,              3175P   4033
0.371067697,-0.061595309,0.381066174;                               3175P   4034
126,1,1,1,0,1,0,0.,0.,1.,1.,1.,1.,1.,1.588249619,0.,0.,             3177P   4035
1.588249619,0.,0.,1.,0.,0.,1.;                                      3177P   4036
110,-0.061595309,0.36106922,0.102727047,-0.061595309,               3179P   4037
0.36106922,-0.101727047;                                            3179P   4038
126,1,1,1,0,1,0,0.,0.,1.,1.,1.,1.,0.,1.588249619,0.,0.,             3181P   4039
3.141592654,0.,0.,1.,0.,0.,1.;                                      3181P   4040
100,-0.101727047,-0.061769833,0.371067697,-0.061595309,             3183P   4041
0.36106922,-0.051769833,0.371067697;                                3183P   4042
126,1,1,1,0,1,0,0.,0.,1.,1.,1.,1.,0.,3.141592654,0.,1.,             3185P   4043
3.141592654,0.,0.,1.,0.,0.,1.;                                      3185P   4044
110,-0.051769833,0.371067697,-0.101727047,-0.051769833,             3187P   4045
0.371067697,0.102727047;                                            3187P   4046
102,4,3171,3177,3181,3185;                                          3189P   4047
102,4,3175,3179,3183,3187;                                          3191P   4048
142,1,3169,3189,3191,1;                                             3193P   4049
144,3169,1,0,3193;                                                  3195P   4050
314,40.,56.8627450980392,87.4509803921569,;                         3197P   4051
110,-0.061769833,0.355794744,-0.101727047,-0.061769833,             3199P   4052
39.725873484,-0.101727047;                                          3199P   4053
110,-0.071769833,0.371067697,-0.101727047,-0.071769833,             3201P   4054
0.465080984,-0.101727047;                                           3201P   4055
120,3199,3201,0.,6.28318530717959;                                  3203P   4056
126,2,2,1,0,1,0,0.,0.,0.,1.,1.,1.,1.,1.,1.,0.994035785,             3205P   4057
4.694935688,0.,0.992211529,3.712238425,0.,0.992211529,              3205P   4058
3.141592654,0.,0.,1.,0.,0.,1.;                                      3205P   4059
126,3,3,1,0,0,0,0.,0.,0.,0.,1.,1.,1.,1.,1.,0.808833632769431,       3207P   4060
0.808833632769431,1.,-0.061595309,0.464520268,-0.111725524,         3207P   4061
-0.055819069,0.464419444,-0.111624699,-0.051769833,0.464348764,     3207P   4062
-0.107504166,-0.051769833,0.464348764,-0.101727047,0.,1.,           3207P   4063
0.017452406,0.999847695,0.;                                         3207P   4064
126,1,1,1,0,1,0,0.,0.,1.,1.,1.,1.,0.992211529,3.141592654,0.,       3209P   4065
0.,3.141592654,0.,0.,1.,0.,0.,1.;                                   3209P   4066
110,-0.051769833,0.464348764,-0.101727047,-0.051769833,             3211P   4067
0.371067697,-0.101727047;                                           3211P   4068
126,1,1,1,0,1,0,0.,0.,1.,1.,1.,1.,0.,3.141592654,0.,0.,             3213P   4069
4.694935688,0.,0.,1.,0.,0.,1.;                                      3213P   4070
124,1.,1.71434388994398E-015,-1.71434388994397E-015,                3215P   4071
-8.02738904975243E-016,1.71434388994398E-015,                       3215P   4072
-7.04419703990988E-015,1.,0.472794744307008,                        3215P   4073
1.71434388994397E-015,-1.,-7.04419703990988E-015,                   3215P   4074
0.269340650084524;                                                  3215P   4075
100,-0.101727047,-0.061769833,0.371067697,-0.051769833,             3217P   4076
0.371067697,-0.061595309,0.381066174;                               3217P   4077
126,1,1,1,0,1,0,0.,0.,1.,1.,1.,1.,0.,4.694935688,0.,                3219P   4078
0.994035785,4.694935688,0.,0.,1.,0.,0.,1.;                          3219P   4079
110,-0.061595309,0.371067697,-0.111725524,-0.061595309,             3221P   4080
0.464520268,-0.111725524;                                           3221P   4081
102,4,3205,3209,3213,3219;                                          3223P   4082
102,4,3207,3211,3217,3221;                                          3225P   4083
142,1,3203,3223,3225,1;                                             3227P   4084
144,3203,1,0,3227;                                                  3229P   4085
314,40.,56.8627450980392,87.4509803921569,;                         3231P   4086
128,5,2,3,2,0,0,0,0,0,5.49793943702944,5.49793943702944,            3233P   4087
5.49793943702944,5.49793943702944,5.89056237210451,                 3233P   4088
5.89056237210451,6.28318530717959,6.28318530717959,                 3233P   4089
6.28318530717959,6.28318530717959,0.,0.,0.,1.,1.,1.,1.,1.,1.,       3233P   4090
1.,1.,1.,0.71325044915418,0.714051664648492,0.714690343361718,      3233P   4091
0.715554331539926,0.715779493738915,0.715778482466134,1.,1.,1.,     3233P   4092
1.,1.,1.,-0.363769833,0.345967772,0.107830019,-0.363769833,         3233P   4093
0.345967772,0.110448375,-0.363769833,0.346488194,0.113064602,       3233P   4094
-0.363769833,0.348491466,0.117901362,-0.363769833,0.3499732,        3233P   4095
0.120119195,-0.363769833,0.351824374,0.12197037,-0.363769833,       3233P   4096
0.355794744,0.107830019,-0.363769833,0.355772296,0.109161982,       3233P   4097
-0.363769833,0.356019586,0.110501837,-0.363769833,0.357021308,      3233P   4098
0.112983586,-0.363769833,0.357775112,0.114123765,-0.363769833,      3233P   4099
0.358723046,0.115071699,-0.353944357,0.355966249,0.107830019,       3233P   4100
-0.353967195,0.35596585,0.109139596,-0.353985475,0.356225742,       3233P   4101
0.110448028,-0.354010189,0.357226947,0.112866839,-0.35401661,       3233P   4102
0.357967701,0.113975868,-0.35401661,0.358893289,0.114901455,        3233P   4103
5.49793943702944,6.28318530717959,0.,1.;                            3233P   4104
126,1,1,1,0,1,0,0.,0.,1.,1.,1.,1.,6.283185307,1.,0.,                3235P   4105
5.497939437,1.,0.,0.,1.,0.,0.,1.;                                   3235P   4106
126,3,3,1,0,0,0,0.,0.,0.,0.,1.,1.,1.,1.,1.,0.949272446589394,       3237P   4107
0.949272446589394,1.,-0.35401661,0.358893289,0.114901455,           3237P   4108
-0.35401661,0.356993249,0.113001416,-0.353991239,0.35596543,        3237P   4109
0.110518308,-0.353944357,0.355966249,0.107830019,0.,1.,0.,0.,       3237P   4110
0.;                                                                 3237P   4111
126,1,1,1,0,1,0,0.,0.,1.,1.,1.,1.,5.497939437,1.,0.,                3239P   4112
5.497939437,0.,0.,0.,1.,0.,0.,1.;                                   3239P   4113
100,0.107830019,-0.353769833,0.345967772,-0.353944357,              3241P   4114
0.355966249,-0.363769833,0.345967772;                               3241P   4115
126,1,1,1,0,1,0,0.,0.,1.,1.,1.,1.,5.497939437,0.,0.,                3243P   4116
6.283185307,0.,0.,0.,1.,0.,0.,1.;                                   3243P   4117
126,3,3,1,0,0,0,0.,0.,0.,0.,1.,1.,1.,1.,1.,0.949272446589425,       3245P   4118
0.949272446589425,1.,-0.363769833,0.345967772,0.107830019,          3245P   4119
-0.363769833,0.345967772,0.113204961,-0.363769833,0.348024295,      3245P   4120
0.11817029,-0.363769833,0.351824374,0.12197037,0.,1.,1.,0.,0.;      3245P   4121
126,1,1,1,0,1,0,0.,0.,1.,1.,1.,1.,6.283185307,0.,0.,                3247P   4122
6.283185307,1.,0.,0.,1.,0.,0.,1.;                                   3247P   4123
124,-1.,7.23443838996885E-015,-1.04162975334664E-016,               3249P   4124
-0.707539666052544,5.18917478983101E-015,0.707106781186553,         3249P   4125
-0.707106781186542,0.189293049118027,-5.04186609741551E-015,        3249P   4126
-0.707106781186542,-0.707106781186553,0.456993846443697;            3249P   4127
100,0.12197037,-0.353769833,0.351824374,-0.343769833,               3251P   4128
0.351824374,-0.353523056,0.361821329;                               3251P   4129
102,4,3235,3239,3243,3247;                                          3253P   4130
102,4,3237,3241,3245,3251;                                          3255P   4131
142,1,3233,3253,3255,1;                                             3257P   4132
144,3233,1,0,3257;                                                  3259P   4133
314,40.,56.8627450980392,87.4509803921569,;                         3261P   4134
110,-0.061769833,0.371067697,-0.101727047,-0.051769833,             3263P   4135
0.371067697,-0.101727047;                                           3263P   4136
124,-1.,6.98296672221876E-015,0.,-0.123539666052552,                3265P   4137
-4.27569270827966E-031,-6.12303176911189E-017,1.,                   3265P   4138
0.472794744307006,6.98296672221876E-015,1.,                         3265P   4139
6.12303176911189E-017,-0.472794744307005;                           3265P   4140
100,-0.101727047,-0.061769833,0.371067697,-0.051769833,             3267P   4141
0.371067697,-0.071769833,0.371067697;                               3267P   4142
120,3263,3267,0.,6.28318530717959;                                  3269P   4143
126,1,1,1,0,1,0,0.,0.,1.,1.,1.,1.,1.588249609,3.141592654,0.,       3271P   4144
3.141592644,3.141592654,0.,0.,1.,0.,0.,1.;                          3271P   4145
124,0.0174524064374155,0.999847695156389,1.71434388994397E-015,     3273P   4146
-0.431702982582903,-3.13015656763565E-017,                          3273P   4147
1.71515140345656E-015,-1.,0.269340650084524,-0.999847695156389,     3273P   4148
0.0174524064374155,6.12303176911189E-017,-0.169963496560013;        3273P   4149
100,-0.101727047,-0.061769833,0.371067697,-0.051769833,             3275P   4150
0.371067697,-0.061595309,0.381066174;                               3275P   4151
126,1,1,1,0,1,0,0.,0.,1.,1.,1.,1.,3.141592644,3.141592654,0.,       3277P   4152
3.141592644,1.570796327,0.,0.,1.,0.,0.,1.;                          3277P   4153
126,1,1,1,0,1,0,0.,0.,1.,1.,1.,1.,3.141592644,1.570796327,0.,       3279P   4154
1.588249609,1.570796327,0.,0.,1.,0.,0.,1.;                          3279P   4155
124,1.,-9.11423714278214E-015,-1.17496353335972E-014,               3281P   4156
2.19654519234241E-015,-9.11076769583019E-015,-1.,                   3281P   4157
2.7302132242491E-013,0.742135394391558,-1.17496353335997E-014,      3281P   4158
-2.7302132242491E-013,-1.,-0.203454094222381;                       3281P   4159
100,-0.101727047,-0.061769833,0.371067697,-0.051769833,             3283P   4160
0.371067697,-0.061595309,0.381066174;                               3283P   4161
126,2,2,1,0,1,0,0.,0.,0.,1.,1.,1.,1.,1.,1.,1.588249609,             3285P   4162
1.570796327,0.,1.60195461,2.35619449,0.,1.588249609,                3285P   4163
3.141592654,0.,0.,1.,0.,0.,1.;                                      3285P   4164
124,0.0174524064372811,0.0174470914793613,0.999695459881888,        3287P   4165
0.0345302142915505,-0.999847695156391,0.000304540114732001,         3287P   4166
0.0174497491606776,0.310969378470119,-1.51243600976514E-013,        3287P   4167
-0.999847741535795,0.0174497491606809,0.271059263341772;            3287P   4168
100,-0.101727047,-0.061769833,0.371067697,-0.051769833,             3289P   4169
0.371067697,-0.061766787,0.381067697;                               3289P   4170
102,4,3271,3277,3279,3285;                                          3291P   4171
102,3,3275,3283,3289;                                               3293P   4172
142,1,3269,3291,3293,1;                                             3295P   4173
144,3269,1,0,3295;                                                  3297P   4174
314,40.,56.8627450980392,87.4509803921569,;                         3299P   4175
110,-0.353769833,0.345967772,-0.229364825,-0.353769833,             3301P   4176
0.345967772,39.140713915;                                           3301P   4177
110,-0.363769833,0.345967772,-0.106830019,-0.363769833,             3303P   4178
0.345967772,0.107830019;                                            3303P   4179
120,3301,3303,0.,6.28318530717959;                                  3305P   4180
126,1,1,1,0,1,0,0.,0.,1.,1.,1.,1.,1.,4.729842273,0.,0.,             3307P   4181
4.729842273,0.,0.,1.,0.,0.,1.;                                      3307P   4182
110,-0.353944357,0.355966249,0.107830019,-0.353944357,              3309P   4183
0.355966249,-0.106830019;                                           3309P   4184
126,1,1,1,0,1,0,0.,0.,1.,1.,1.,1.,0.,4.729842273,0.,0.,             3311P   4185
6.283185307,0.,0.,1.,0.,0.,1.;                                      3311P   4186
100,-0.106830019,-0.353769833,0.345967772,-0.353944357,             3313P   4187
0.355966249,-0.363769833,0.345967772;                               3313P   4188
126,1,1,1,0,1,0,0.,0.,1.,1.,1.,1.,0.,6.283185307,0.,1.,             3315P   4189
6.283185307,0.,0.,1.,0.,0.,1.;                                      3315P   4190
110,-0.363769833,0.345967772,-0.106830019,-0.363769833,             3317P   4191
0.345967772,0.107830019;                                            3317P   4192
126,1,1,1,0,1,0,0.,0.,1.,1.,1.,1.,1.,6.283185307,0.,1.,             3319P   4193
4.729842273,0.,0.,1.,0.,0.,1.;                                      3319P   4194
124,-1.,1.57512891618694E-015,1.17496353335819E-014,                3321P   4195
-0.707539666052546,1.58900670399476E-015,1.,                        3321P   4196
-2.73021322424898E-013,3.00220421627168E-014,                       3321P   4197
-1.17496353335823E-014,-2.73021322424898E-013,-1.,                  3321P   4198
0.215660037456146;                                                  3321P   4199
100,0.107830019,-0.353769833,0.345967772,-0.343769833,              3323P   4200
0.345967772,-0.353595309,0.355966249;                               3323P   4201
102,4,3307,3311,3315,3319;                                          3325P   4202
102,4,3309,3313,3317,3323;                                          3327P   4203
142,1,3305,3325,3327,1;                                             3329P   4204
144,3305,1,0,3329;                                                  3331P   4205
314,40.,56.8627450980392,87.4509803921569,;                         3333P   4206
110,-0.364118775,0.365790177,-0.107004568,-39.722207747,            3335P   4207
-0.321207822,-0.794002566;                                          3335P   4208
110,-0.061595309,0.371067697,-0.111725524,-0.355843824,             3337P   4209
0.36593157,-0.116861651;                                            3337P   4210
120,3335,3337,0.,6.28318530717959;                                  3339P   4211
126,1,1,1,0,1,0,0.,0.,1.,1.,1.,1.,0.,0.,0.,0.,1.57049174,0.,0.,     3341P   4212
1.,0.,0.,1.;                                                        3341P   4213
124,0.017452406437289,0.0174470914793604,-0.999695459881887,        3343P   4214
-0.168861919997045,-1.66915092858488E-014,-0.999847741535795,       3343P   4215
-0.0174497491606776,0.74030378473889,-0.999847695156391,            3343P   4216
0.000304540114597573,-0.0174497491606879,-0.165375588746733;        3343P   4217
100,-0.101727047,-0.061769833,0.371067697,-0.051769833,             3345P   4218
0.371067697,-0.061766787,0.381067697;                               3345P   4219
126,1,1,1,0,1,0,0.,0.,1.,1.,1.,1.,0.,1.57049174,0.,0.993544686,     3347P   4220
1.57049174,0.,0.,1.,0.,0.,1.;                                       3347P   4221
110,-0.061595309,0.36106922,-0.101727047,-0.353944357,              3349P   4222
0.355966249,-0.106830019;                                           3349P   4223
126,2,2,1,0,1,0,0.,0.,0.,1.,1.,1.,1.,1.,1.,0.993544686,             3351P   4224
1.57049174,0.,0.994035785,1.156367386,0.,0.994035785,               3351P   4225
0.78524587,0.,0.,1.,0.,0.,-1.;                                      3351P   4226
126,3,3,1,0,0,0,0.,0.,0.,0.,1.,1.,1.,1.,1.,0.949272446589464,       3353P   4227
0.949272446589464,1.,-0.353944357,0.355966249,-0.106830019,         3353P   4228
-0.353991239,0.35596543,-0.109518308,-0.35401661,0.356993249,       3353P   4229
-0.112001416,-0.35401661,0.358893289,-0.113901455,0.,1.,0.,0.,      3353P   4230
0.;                                                                 3353P   4231
126,2,2,1,0,1,0,0.,0.,0.,1.,1.,1.,1.,1.,1.,0.994035785,             3355P   4232
0.78524587,0.,0.994035785,0.414124354,0.,0.993544686,0.,0.,0.,      3355P   4233
1.,0.,0.,-1.;                                                       3355P   4234
126,3,3,1,0,0,0,0.,0.,0.,0.,1.,1.,1.,1.,1.,0.949272446589433,       3357P   4235
0.949272446589433,1.,-0.35401661,0.358893289,-0.113901455,          3357P   4236
-0.35401661,0.360793329,-0.115801495,-0.353991239,0.363276436,      3357P   4237
-0.116829314,-0.353944357,0.365964726,-0.116828496,0.,1.,0.,0.,     3357P   4238
0.;                                                                 3357P   4239
126,1,1,1,0,1,0,0.,0.,1.,1.,1.,1.,0.993544686,0.,0.,0.,0.,0.,       3359P   4240
0.,1.,0.,0.,1.;                                                     3359P   4241
110,-0.353944357,0.365964726,-0.116828496,-0.061595309,             3361P   4242
0.371067697,-0.111725524;                                           3361P   4243
102,5,3341,3347,3351,3355,3359;                                     3363P   4244
102,5,3345,3349,3353,3357,3361;                                     3365P   4245
142,1,3339,3363,3365,1;                                             3367P   4246
144,3339,1,0,3367;                                                  3369P   4247
314,40.,56.8627450980392,87.4509803921569,;                         3371P   4248
128,5,2,3,2,0,0,0,0,0,5.49793943702973,5.49793943702973,            3373P   4249
5.49793943702973,5.49793943702973,5.89056237210466,                 3373P   4250
5.89056237210466,6.28318530717959,6.28318530717959,                 3373P   4251
6.28318530717959,6.28318530717959,0.,0.,0.,1.,1.,1.,1.,1.,1.,       3373P   4252
1.,1.,1.,0.713250449154182,0.714051664648435,0.714690343361794,     3373P   4253
0.715554331539854,0.715779493738969,0.715778482466134,1.,1.,1.,     3373P   4254
1.,1.,1.,-0.363769833,0.365964726,-0.126826973,-0.363769833,        3373P   4255
0.36334637,-0.126826973,-0.363769833,0.360730142,-0.126306551,      3373P   4256
-0.363769833,0.355893382,-0.124303278,-0.363769833,0.353675549,     3373P   4257
-0.122821545,-0.363769833,0.351824374,-0.12097037,-0.363769833,     3373P   4258
0.365964726,-0.117,-0.363769833,0.364632762,-0.117022449,           3373P   4259
-0.363769833,0.363292907,-0.116775158,-0.363769833,0.360811158,     3373P   4260
-0.115773436,-0.363769833,0.359670979,-0.115019632,                 3373P   4261
-0.363769833,0.358723046,-0.114071699,-0.353944357,0.365964726,     3373P   4262
-0.116828496,-0.353967195,0.364655148,-0.116828894,                 3373P   4263
-0.353985475,0.363346716,-0.116569002,-0.354010189,0.360927905,     3373P   4264
-0.115567797,-0.35401661,0.359818876,-0.114827043,-0.35401661,      3373P   4265
0.358893289,-0.113901455,5.49793943702973,6.28318530717959,0.,      3373P   4266
1.;                                                                 3373P   4267
126,1,1,1,0,1,0,0.,0.,1.,1.,1.,1.,6.283185307,1.,0.,                3375P   4268
5.497939437,1.,0.,0.,1.,0.,0.,1.;                                   3375P   4269
126,3,3,1,0,0,0,0.,0.,0.,0.,1.,1.,1.,1.,1.,0.949272446589433,       3377P   4270
0.949272446589433,1.,-0.35401661,0.358893289,-0.113901455,          3377P   4271
-0.35401661,0.360793329,-0.115801495,-0.353991239,0.363276436,      3377P   4272
-0.116829314,-0.353944357,0.365964726,-0.116828496,0.,1.,0.,0.,     3377P   4273
0.;                                                                 3377P   4274
126,1,1,1,0,1,0,0.,0.,1.,1.,1.,1.,5.497939437,1.,0.,                3379P   4275
5.497939437,0.,0.,0.,1.,0.,0.,1.;                                   3379P   4276
124,-0.0174524064372917,-0.999847695156391,                         3381P   4277
6.93889390390721E-018,0.00596501944118086,                          3381P   4278
6.10998916205226E-017,-8.00645346738625E-018,-1.,                   3381P   4279
0.239137752947818,0.999847695156391,-0.0174524064372917,            3381P   4280
6.12303176911189E-017,0.233275944668538;                            3381P   4281
100,-0.126826973,-0.353769833,0.365964726,-0.343769833,             3383P   4282
0.365964726,-0.353595309,0.375963203;                               3383P   4283
126,1,1,1,0,1,0,0.,0.,1.,1.,1.,1.,5.497939437,0.,0.,                3385P   4284
6.283185307,0.,0.,0.,1.,0.,0.,1.;                                   3385P   4285
126,3,3,1,0,0,0,0.,0.,0.,0.,1.,1.,1.,1.,1.,0.949272446589431,       3387P   4286
0.949272446589431,1.,-0.363769833,0.365964726,-0.126826973,         3387P   4287
-0.363769833,0.360589783,-0.126826973,-0.363769833,0.355624454,     3387P   4288
-0.124770449,-0.363769833,0.351824374,-0.12097037,0.,1.,1.,0.,      3387P   4289
0.;                                                                 3387P   4290
126,1,1,1,0,1,0,0.,0.,1.,1.,1.,1.,6.283185307,0.,0.,                3389P   4291
6.283185307,1.,0.,0.,1.,0.,0.,1.;                                   3389P   4292
124,-1.,6.70780418879409E-015,-1.13976053201438E-016,               3391P   4293
-0.707539666052543,4.66254058865625E-015,0.707106781186553,         3391P   4294
0.707106781186542,0.18858594233684,4.82372706887941E-015,           3391P   4295
0.707106781186542,-0.707106781186553,-0.45528673966251;             3391P   4296
100,-0.12097037,-0.353769833,0.351824374,-0.343769833,              3393P   4297
0.351824374,-0.353523056,0.361821329;                               3393P   4298
102,4,3375,3379,3385,3389;                                          3395P   4299
102,4,3377,3383,3387,3393;                                          3397P   4300
142,1,3373,3395,3397,1;                                             3399P   4301
144,3373,1,0,3399;                                                  3401P   4302
314,40.,56.8627450980392,87.4509803921569,;                         3403P   4303
110,-0.353769833,0.355794744,-0.126826973,-0.353769833,             3405P   4304
39.725873484,-0.126826973;                                          3405P   4305
110,-0.363769833,0.365964726,-0.126826973,-0.363769833,             3407P   4306
0.470417724,-0.126826973;                                           3407P   4307
120,3405,3407,0.,6.28318530717959;                                  3409P   4308
126,1,1,1,0,1,0,0.,0.,1.,1.,1.,1.,0.,1.553343034,0.,                3411P   4309
0.992393857,1.553343034,0.,0.,1.,0.,0.,1.;                          3411P   4310
110,-0.353944357,0.365964726,-0.116828496,-0.353944357,             3413P   4311
0.46962324,-0.116828496;                                            3413P   4312
126,2,2,1,0,1,0,0.,0.,0.,1.,1.,1.,1.,1.,1.,0.992393857,             3415P   4313
1.553343034,0.,0.994035785,0.570645771,0.,0.994035785,0.,0.,0.,     3415P   4314
1.,0.,0.,-1.;                                                       3415P   4315
126,3,3,1,0,0,0,0.,0.,0.,0.,1.,1.,1.,1.,1.,0.808833632769456,       3417P   4316
0.808833632769456,1.,-0.353944357,0.46962324,-0.116828496,          3417P   4317
-0.359720597,0.469724065,-0.11692932,-0.363769833,0.469794744,      3417P   4318
-0.121049853,-0.363769833,0.469794744,-0.126826973,0.,1.,           3417P   4319
0.017452406,0.999847695,0.;                                         3417P   4320
126,1,1,1,0,1,0,0.,0.,1.,1.,1.,1.,0.994035785,0.,0.,0.,0.,0.,       3419P   4321
0.,1.,0.,0.,1.;                                                     3419P   4322
110,-0.363769833,0.469794744,-0.126826973,-0.363769833,             3421P   4323
0.365964726,-0.126826973;                                           3421P   4324
126,1,1,1,0,1,0,0.,0.,1.,1.,1.,1.,0.,0.,0.,0.,1.553343034,0.,       3423P   4325
0.,1.,0.,0.,1.;                                                     3423P   4326
124,-1.,6.97602782831486E-015,-6.93889390390721E-018,               3425P   4327
-0.707539666052545,-6.93889390385807E-018,                          3425P   4328
7.04419703990988E-015,1.,0.49279169821013,                          3425P   4329
6.97602782831486E-015,1.,-7.04419703990988E-015,                    3425P   4330
-0.492791698210131;                                                 3425P   4331
100,-0.126826973,-0.353769833,0.365964726,-0.343769833,             3427P   4332
0.365964726,-0.353595309,0.375963203;                               3427P   4333
102,4,3411,3415,3419,3423;                                          3429P   4334
102,4,3413,3417,3421,3427;                                          3431P   4335
142,1,3409,3429,3431,1;                                             3433P   4336
144,3409,1,0,3433;                                                  3435P   4337
314,40.,56.8627450980392,87.4509803921569,;                         3437P   4338
110,-0.061769833,0.469794744,-0.1275,-0.061769833,                  3439P   4339
-38.900283996,-0.1275;                                              3439P   4340
110,-0.051769833,0.598562744,-0.1275,-0.051769833,0.469026744,      3441P   4341
-0.1275;                                                            3441P   4342
120,3439,3441,0.,6.28318530717959;                                  3443P   4343
126,8,2,1,0,1,0,0.,0.,0.,0.25,0.25,0.5,0.5,0.75,0.75,1.,1.,1.,      3445P   4344
1.,1.,1.,1.,1.,1.,1.,1.,1.,0.994071146,1.570796327,0.,              3445P   4345
0.994071146,1.377009612,0.,0.988194751,1.178097245,0.,              3445P   4346
0.9826484,0.990356651,0.,0.971460195,0.785398163,0.,                3445P   4347
0.961794522,0.608331189,0.,0.946415161,0.392699082,0.,              3445P   4348
0.937030847,0.261122783,0.,0.91687253,0.,0.,0.,1.,0.,0.,-1.;        3445P   4349
126,3,3,1,0,0,0,0.,0.,0.,0.,1.,1.,1.,1.,1.,0.804737854124312,       3447P   4350
0.804737854124312,1.,-0.061769833,0.469794744,-0.1175,              3447P   4351
-0.055911969,0.469794744,-0.1175,-0.051769833,0.47393688,           3447P   4352
-0.121642136,-0.051769833,0.479794744,-0.1275,0.,1.,0.,             3447P   4353
-0.707106781,-0.707106781;                                          3447P   4354
126,1,1,1,0,1,0,0.,0.,1.,1.,1.,1.,0.91687253,0.,0.,0.005928854,     3449P   4355
0.,0.,0.,1.,0.,0.,1.;                                               3449P   4356
110,-0.051769833,0.479794744,-0.1275,-0.051769833,0.597794744,      3451P   4357
-0.1275;                                                            3451P   4358
126,8,2,1,0,1,0,0.,0.,0.,0.25,0.25,0.5,0.5,0.75,0.75,1.,1.,1.,      3453P   4359
1.,1.,1.,1.,1.,1.,1.,1.,1.,0.005928854,0.,0.,0.026087171,           3453P   4360
0.261122783,0.,0.035471485,0.392699082,0.,0.050850846,              3453P   4361
0.608331189,0.,0.060516519,0.785398163,0.,0.071704724,              3453P   4362
0.990356651,0.,0.077251076,1.178097245,0.,0.08312747,               3453P   4363
1.377009612,0.,0.08312747,1.570796327,0.,0.,1.,0.,0.,1.;            3453P   4364
126,3,3,1,0,0,0,0.,0.,0.,0.,1.,1.,1.,1.,1.,0.80473785412426,        3455P   4365
0.80473785412426,1.,-0.051769833,0.597794744,-0.1275,               3455P   4366
-0.051769833,0.59193688,-0.121642136,-0.055911969,0.587794744,      3455P   4367
-0.1175,-0.061769833,0.587794744,-0.1175,0.,1.,0.,0.707106781,      3455P   4368
0.707106781;                                                        3455P   4369
126,1,1,1,0,1,0,0.,0.,1.,1.,1.,1.,0.08312747,1.570796327,0.,        3457P   4370
0.994071146,1.570796327,0.,0.,1.,0.,0.,1.;                          3457P   4371
110,-0.061769833,0.587794744,-0.1175,-0.061769833,0.469794744,      3459P   4372
-0.1175;                                                            3459P   4373
102,4,3445,3449,3453,3457;                                          3461P   4374
102,4,3447,3451,3455,3459;                                          3463P   4375
142,1,3443,3461,3463,1;                                             3465P   4376
144,3443,1,0,3465;                                                  3467P   4377
314,40.,56.8627450980392,87.4509803921569,;                         3469P   4378
110,-0.061769833,0.597794744,-0.1555,-0.061769833,0.597794744,      3471P   4379
-39.52557874;                                                       3471P   4380
110,-0.061769833,0.607794744,0.130036,-0.061769833,0.607794744,     3473P   4381
-0.129036;                                                          3473P   4382
120,3471,3473,0.,6.28318530717959;                                  3475P   4383
126,8,2,1,0,1,0,0.,0.,0.,0.25,0.25,0.5,0.5,0.75,0.75,1.,1.,1.,      3477P   4384
1.,1.,1.,1.,1.,1.,1.,1.,1.,0.955471838,3.141592654,0.,              3477P   4385
0.955471838,2.947805939,0.,0.958410035,2.748893572,0.,              3477P   4386
0.961183211,2.561152978,0.,0.966777314,2.35619449,0.,               3477P   4387
0.97161015,2.179127516,0.,0.97929983,1.963495408,0.,                3477P   4388
0.983991987,1.83191911,0.,0.994071146,1.570796327,0.,0.,1.,0.,      3477P   4389
0.,1.;                                                              3477P   4390
126,3,3,1,0,0,0,0.,0.,0.,0.,1.,1.,1.,1.,1.,0.80473785412426,        3479P   4391
0.80473785412426,1.,-0.061769833,0.587794744,-0.1175,               3479P   4392
-0.055911969,0.587794744,-0.1175,-0.051769833,0.59193688,           3479P   4393
-0.121642136,-0.051769833,0.597794744,-0.1275,0.,1.,0.,             3479P   4394
-0.707106781,-0.707106781;                                          3479P   4395
126,1,1,1,0,1,0,0.,0.,1.,1.,1.,1.,0.994071146,1.570796327,0.,       3481P   4396
0.005928854,1.570796327,0.,0.,1.,0.,0.,1.;                          3481P   4397
110,-0.051769833,0.597794744,-0.1275,-0.051769833,0.597794744,      3483P   4398
0.1285;                                                             3483P   4399
126,8,2,1,0,1,0,0.,0.,0.,0.25,0.25,0.5,0.5,0.75,0.75,1.,1.,1.,      3485P   4400
1.,1.,1.,1.,1.,1.,1.,1.,1.,0.005928854,1.570796327,0.,              3485P   4401
0.016008013,1.83191911,0.,0.02070017,1.963495408,0.,0.02838985,     3485P   4402
2.179127516,0.,0.033222686,2.35619449,0.,0.038816789,               3485P   4403
2.561152978,0.,0.041589965,2.748893572,0.,0.044528162,              3485P   4404
2.947805939,0.,0.044528162,3.141592654,0.,0.,1.,0.,0.,1.;           3485P   4405
126,3,3,1,0,0,0,0.,0.,0.,0.,1.,1.,1.,1.,1.,0.804737854124357,       3487P   4406
0.804737854124357,1.,-0.051769833,0.597794744,0.1285,               3487P   4407
-0.051769833,0.59193688,0.122642136,-0.055911969,0.587794744,       3487P   4408
0.1185,-0.061769833,0.587794744,0.1185,0.,1.,0.,-0.707106781,       3487P   4409
0.707106781;                                                        3487P   4410
126,1,1,1,0,1,0,0.,0.,1.,1.,1.,1.,0.044528162,3.141592654,0.,       3489P   4411
0.955471838,3.141592654,0.,0.,1.,0.,0.,1.;                          3489P   4412
110,-0.061769833,0.587794744,0.1185,-0.061769833,0.587794744,       3491P   4413
-0.1175;                                                            3491P   4414
102,4,3477,3481,3485,3489;                                          3493P   4415
102,4,3479,3483,3487,3491;                                          3495P   4416
142,1,3475,3493,3495,1;                                             3497P   4417
144,3475,1,0,3497;                                                  3499P   4418
314,40.,56.8627450980392,87.4509803921569,;                         3501P   4419
110,-0.061769833,0.479794744,-0.229364825,-0.061769833,             3503P   4420
0.479794744,-39.599443566;                                          3503P   4421
110,-0.061769833,0.489794744,-0.117322162,-0.061769833,             3505P   4422
0.489794744,-0.147317499;                                           3505P   4423
120,3503,3505,0.,6.28318530717959;                                  3507P   4424
126,1,1,1,0,1,0,0.,0.,1.,1.,1.,1.,0.005928854,3.141592654,0.,       3509P   4425
0.994071146,3.141592654,0.,0.,1.,0.,0.,1.;                          3509P   4426
110,-0.061769833,0.469794744,-0.1175,-0.061769833,0.469794744,      3511P   4427
-0.147139661;                                                       3511P   4428
126,1,1,1,0,1,0,0.,0.,1.,1.,1.,1.,0.994071146,3.141592654,0.,       3513P   4429
0.994045757,3.13286634,0.,0.,1.,0.,0.,1.;                           3513P   4430
110,-0.061769833,0.469794744,-0.147139661,-0.061682568,             3515P   4431
0.469794744,-0.147138899;                                           3515P   4432
126,8,2,1,0,1,0,0.,0.,0.,0.25,0.25,0.5,0.5,0.75,0.75,1.,1.,1.,      3517P   4433
1.,1.,1.,1.,1.,1.,1.,1.,1.,0.994045758,3.13286634,0.,               3517P   4434
0.993485382,2.940243236,0.,0.967839443,2.742348836,0.,              3517P   4435
0.943651418,2.555704284,0.,0.895381393,2.351831333,0.,              3517P   4436
0.853697779,2.1757767,0.,0.787582024,1.96131383,0.,0.747246636,     3517P   4437
1.830475979,0.,0.660673294,1.570796327,0.,0.,1.,0.,0.,-1.;          3517P   4438
126,3,3,1,0,0,0,0.,0.,0.,0.,1.,1.,1.,1.,1.,0.806790172446292,       3519P   4439
0.806790172446292,1.,-0.061682571,0.469795125,-0.147138899,         3519P   4440
-0.055865379,0.469845889,-0.147088135,-0.051769833,0.473977331,     3519P   4441
-0.142956694,-0.051769833,0.479794744,-0.13713928,0.,1.,0.,         3519P   4442
0.707106781,-0.707106781;                                           3519P   4443
126,1,1,1,0,1,0,0.,0.,1.,1.,1.,1.,0.660673294,1.570796327,0.,       3521P   4444
0.339314011,1.570796327,0.,0.,1.,0.,0.,1.;                          3521P   4445
110,-0.051769833,0.479794744,-0.13713928,-0.051769833,              3523P   4446
0.479794744,-0.1275;                                                3523P   4447
126,8,2,1,0,1,0,0.,0.,0.,0.25,0.25,0.5,0.5,0.75,0.75,1.,1.,1.,      3525P   4448
1.,1.,1.,1.,1.,1.,1.,1.,1.,0.339314011,1.570796327,0.,              3525P   4449
0.252259551,1.83191911,0.,0.211733035,1.963495408,0.,               3525P   4450
0.14531668,2.179127516,0.,0.103575106,2.35619449,0.,                3525P   4451
0.055258416,2.561152978,0.,0.031306288,2.748893572,0.,              3525P   4452
0.005928854,2.947805939,0.,0.005928854,3.141592654,0.,0.,1.,0.,     3525P   4453
0.,-1.;                                                             3525P   4454
126,3,3,1,0,0,0,0.,0.,0.,0.,1.,1.,1.,1.,1.,0.804737854124313,       3527P   4455
0.804737854124313,1.,-0.051769833,0.479794744,-0.1275,              3527P   4456
-0.051769833,0.47393688,-0.121642136,-0.055911969,0.469794744,      3527P   4457
-0.1175,-0.061769833,0.469794744,-0.1175,0.,1.,0.,0.707106781,      3527P   4458
0.707106781;                                                        3527P   4459
102,5,3509,3513,3517,3521,3525;                                     3529P   4460
102,5,3511,3515,3519,3523,3527;                                     3531P   4461
142,1,3507,3529,3531,1;                                             3533P   4462
144,3507,1,0,3533;                                                  3535P   4463
314,40.,56.8627450980392,87.4509803921569,;                         3537P   4464
110,-0.061769833,0.587794744,0.1285,-0.061769833,39.957873484,      3539P   4465
0.1285;                                                             3539P   4466
110,-0.071769833,0.469026744,0.1285,-0.071769833,0.598562744,       3541P   4467
0.1285;                                                             3541P   4468
120,3539,3541,0.,6.28318530717959;                                  3543P   4469
126,8,2,1,0,1,0,0.,0.,0.,0.25,0.25,0.5,0.5,0.75,0.75,1.,1.,1.,      3545P   4470
1.,1.,1.,1.,1.,1.,1.,1.,1.,0.91687253,4.71238898,0.,0.91687253,     3545P   4471
4.518602266,0.,0.922748924,4.319689899,0.,0.928295276,              3545P   4472
4.131949304,0.,0.939483481,3.926990817,0.,0.949149154,              3545P   4473
3.749923843,0.,0.964528515,3.534291735,0.,0.973912829,              3545P   4474
3.402715437,0.,0.994071146,3.141592654,0.,0.,1.,0.,0.,1.;           3545P   4475
126,3,3,1,0,0,0,0.,0.,0.,0.,1.,1.,1.,1.,1.,0.804737854124357,       3547P   4476
0.804737854124357,1.,-0.061769833,0.587794744,0.1185,               3547P   4477
-0.055911969,0.587794744,0.1185,-0.051769833,0.59193688,            3547P   4478
0.122642136,-0.051769833,0.597794744,0.1285,0.,1.,0.,               3547P   4479
0.707106781,-0.707106781;                                           3547P   4480
126,1,1,1,0,1,0,0.,0.,1.,1.,1.,1.,0.994071146,3.141592654,0.,       3549P   4481
0.08312747,3.141592654,0.,0.,1.,0.,0.,1.;                           3549P   4482
110,-0.051769833,0.597794744,0.1285,-0.051769833,0.479794744,       3551P   4483
0.1285;                                                             3551P   4484
126,8,2,1,0,1,0,0.,0.,0.,0.25,0.25,0.5,0.5,0.75,0.75,1.,1.,1.,      3553P   4485
1.,1.,1.,1.,1.,1.,1.,1.,1.,0.08312747,3.141592654,0.,               3553P   4486
0.062969153,3.402715437,0.,0.053584839,3.534291735,0.,              3553P   4487
0.038205478,3.749923843,0.,0.028539805,3.926990817,0.,              3553P   4488
0.0173516,4.131949304,0.,0.011805249,4.319689899,0.,                3553P   4489
0.005928854,4.518602266,0.,0.005928854,4.71238898,0.,0.,1.,0.,      3553P   4490
0.,-1.;                                                             3553P   4491
126,3,3,1,0,0,0,0.,0.,0.,0.,1.,1.,1.,1.,1.,0.804737854124378,       3555P   4492
0.804737854124378,1.,-0.051769833,0.479794744,0.1285,               3555P   4493
-0.051769833,0.47393688,0.122642136,-0.055911969,0.469794744,       3555P   4494
0.1185,-0.061769833,0.469794744,0.1185,0.,1.,0.,-0.707106781,       3555P   4495
0.707106781;                                                        3555P   4496
126,1,1,1,0,1,0,0.,0.,1.,1.,1.,1.,0.005928854,4.71238898,0.,        3557P   4497
0.91687253,4.71238898,0.,0.,1.,0.,0.,1.;                            3557P   4498
110,-0.061769833,0.469794744,0.1185,-0.061769833,0.587794744,       3559P   4499
0.1185;                                                             3559P   4500
102,4,3545,3549,3553,3557;                                          3561P   4501
102,4,3547,3551,3555,3559;                                          3563P   4502
142,1,3543,3561,3563,1;                                             3565P   4503
144,3543,1,0,3565;                                                  3567P   4504
314,40.,56.8627450980392,87.4509803921569,;                         3569P   4505
110,-0.061769833,0.625794744,-0.13713928,-0.061769833,              3571P   4506
-38.744283996,-0.13713928;                                          3571P   4507
110,-0.051769833,0.618319477,-0.13713928,-0.051769833,              3573P   4508
0.468908911,-0.13713928;                                            3573P   4509
120,3571,3573,0.,6.28318530717959;                                  3575P   4510
126,8,2,1,0,1,0,0.,0.,0.,0.25,0.25,0.5,0.5,0.75,0.75,1.,1.,1.,      3577P   4511
1.,1.,1.,1.,1.,1.,1.,1.,1.,0.927141475,6.283185307,0.,              3577P   4512
0.944521749,6.023505655,0.,0.952619393,5.892667804,0.,              3577P   4513
0.965892646,5.678204934,0.,0.974260957,5.502150301,0.,              3577P   4514
0.983951541,5.29827735,0.,0.988807476,5.111632798,0.,               3577P   4515
0.993956098,4.913738398,0.,0.994068598,4.721115294,0.,0.,1.,0.,     3577P   4516
0.,-1.;                                                             3577P   4517
126,3,3,1,0,0,0,0.,0.,0.,0.,1.,1.,1.,1.,1.,0.806790172446292,       3579P   4518
0.806790172446292,1.,-0.051769833,0.479794744,-0.13713928,          3579P   4519
-0.051769833,0.473977331,-0.142956694,-0.055865379,0.469845889,     3579P   4520
-0.147088135,-0.061682571,0.469795125,-0.147138899,0.,1.,0.,        3579P   4521
-0.707106781,0.707106781;                                           3579P   4522
126,1,1,1,0,1,0,0.,0.,1.,1.,1.,1.,0.994071146,4.721115627,0.,       3581P   4523
0.005928854,4.721115627,0.,0.,1.,0.,0.,1.;                          3581P   4524
110,-0.061682568,0.469794744,-0.147138899,-0.061682568,             3583P   4525
0.617433643,-0.147138899;                                           3583P   4526
126,8,2,1,0,1,0,0.,0.,0.,0.25,0.25,0.5,0.5,0.75,0.75,1.,1.,1.,      3585P   4527
1.,1.,1.,1.,1.,1.,1.,1.,1.,0.005928854,4.721115627,0.,              3585P   4528
0.006041358,4.913738686,0.,0.011189982,5.111633047,0.,              3585P   4529
0.016045919,5.298277557,0.,0.025736502,5.502150467,0.,              3585P   4530
0.034104813,5.678205061,0.,0.047378064,5.892667887,0.,              3585P   4531
0.055475706,6.02350571,0.,0.072855976,6.283185307,0.,0.,1.,0.,      3585P   4532
0.,-1.;                                                             3585P   4533
126,3,3,1,0,0,0,0.,0.,0.,0.,1.,1.,1.,1.,1.,0.80679025041557,        3587P   4534
0.80679025041557,1.,-0.061682568,0.617433643,-0.147138899,          3587P   4535
-0.055865377,0.617382878,-0.147088133,-0.051769833,0.613251436,     3587P   4536
-0.142956692,-0.051769833,0.607434024,-0.13713928,0.,1.,0.,         3587P   4537
0.707106781,0.707106781;                                            3587P   4538
126,1,1,1,0,1,0,0.,0.,1.,1.,1.,1.,0.072855976,6.283185307,0.,       3589P   4539
0.927141475,6.283185307,0.,0.,1.,0.,0.,1.;                          3589P   4540
110,-0.051769833,0.607434024,-0.13713928,-0.051769833,              3591P   4541
0.479794744,-0.13713928;                                            3591P   4542
102,4,3577,3581,3585,3589;                                          3593P   4543
102,4,3579,3583,3587,3591;                                          3595P   4544
142,1,3575,3593,3595,1;                                             3597P   4545
144,3575,1,0,3597;                                                  3599P   4546
314,40.,56.8627450980392,87.4509803921569,;                         3601P   4547
110,-0.061769833,0.479794744,0.1185,-0.061769833,0.479794744,       3603P   4548
-39.25157874;                                                       3603P   4549
110,-0.051769833,0.479794744,0.148317499,-0.051769833,              3605P   4550
0.479794744,0.118322162;                                            3605P   4551
120,3603,3605,0.,6.28318530717959;                                  3607P   4552
126,8,2,1,0,1,0,0.,0.,0.,0.25,0.25,0.5,0.5,0.75,0.75,1.,1.,1.,      3609P   4553
1.,1.,1.,1.,1.,1.,1.,1.,1.,0.994071146,1.570796327,0.,              3609P   4554
0.994071146,1.377009612,0.,0.968693712,1.178097245,0.,              3609P   4555
0.944741584,0.990356651,0.,0.896424894,0.785398163,0.,              3609P   4556
0.85468332,0.608331189,0.,0.788266965,0.392699082,0.,               3609P   4557
0.747740449,0.261122783,0.,0.660685989,0.,0.,0.,1.,0.,0.,-1.;       3609P   4558
126,3,3,1,0,0,0,0.,0.,0.,0.,1.,1.,1.,1.,1.,0.804737854124378,       3611P   4559
0.804737854124378,1.,-0.061769833,0.469794744,0.1185,               3611P   4560
-0.055911969,0.469794744,0.1185,-0.051769833,0.47393688,            3611P   4561
0.122642136,-0.051769833,0.479794744,0.1285,0.,1.,0.,               3611P   4562
0.707106781,-0.707106781;                                           3611P   4563
126,1,1,1,0,1,0,0.,0.,1.,1.,1.,1.,0.660685989,0.,0.,                3613P   4564
0.339326706,0.,0.,0.,1.,0.,0.,1.;                                   3613P   4565
110,-0.051769833,0.479794744,0.1285,-0.051769833,0.479794744,       3615P   4566
0.13813928;                                                         3615P   4567
126,8,2,1,0,1,0,0.,0.,0.,0.25,0.25,0.5,0.5,0.75,0.75,1.,1.,1.,      3617P   4568
1.,1.,1.,1.,1.,1.,1.,1.,1.,0.339326706,0.,0.,0.252753364,           3617P   4569
0.259679652,0.,0.212417976,0.390517503,0.,0.146302221,              3617P   4570
0.604980373,0.,0.104618607,0.781035006,0.,0.056348582,              3617P   4571
0.984907957,0.,0.032160557,1.17155251,0.,0.006514618,               3617P   4572
1.369446909,0.,0.005954242,1.562070013,0.,0.,1.,0.,0.,-1.;          3617P   4573
126,3,3,1,0,0,0,0.,0.,0.,0.,1.,1.,1.,1.,1.,0.806790172446303,       3619P   4574
0.806790172446303,1.,-0.051769833,0.479794744,0.13813928,           3619P   4575
-0.051769833,0.473977331,0.143956694,-0.055865379,0.469845889,      3619P   4576
0.148088135,-0.061682571,0.469795125,0.148138899,0.,1.,0.,          3619P   4577
0.707106781,0.707106781;                                            3619P   4578
126,1,1,1,0,1,0,0.,0.,1.,1.,1.,1.,0.005954243,1.562070013,0.,       3621P   4579
0.005928854,1.570796327,0.,0.,1.,0.,0.,1.;                          3621P   4580
110,-0.061682568,0.469794744,0.148138899,-0.061769833,              3623P   4581
0.469794744,0.148139661;                                            3623P   4582
126,1,1,1,0,1,0,0.,0.,1.,1.,1.,1.,0.005928854,1.570796327,0.,       3625P   4583
0.994071146,1.570796327,0.,0.,1.,0.,0.,1.;                          3625P   4584
110,-0.061769833,0.469794744,0.148139661,-0.061769833,              3627P   4585
0.469794744,0.1185;                                                 3627P   4586
102,5,3609,3613,3617,3621,3625;                                     3629P   4587
102,5,3611,3615,3619,3623,3627;                                     3631P   4588
142,1,3607,3629,3631,1;                                             3633P   4589
144,3607,1,0,3633;                                                  3635P   4590
314,40.,56.8627450980392,87.4509803921569,;                         3637P   4591
110,-0.061769833,0.607434024,-0.1555,-0.061769833,0.607434024,      3639P   4592
39.21457874;                                                        3639P   4593
110,-0.071769833,0.607434024,-0.148910566,-0.071769833,             3641P   4594
0.607434024,0.149910566;                                            3641P   4595
120,3639,3641,0.,6.28318530717959;                                  3643P   4596
126,8,2,1,0,1,0,0.,0.,0.,0.25,0.25,0.5,0.5,0.75,0.75,1.,1.,1.,      3645P   4597
1.,1.,1.,1.,1.,1.,1.,1.,1.,0.039392415,3.141592654,0.,              3645P   4598
0.03070228,3.401272251,0.,0.026653459,3.532110074,0.,               3645P   4599
0.020016833,3.746572899,0.,0.015832678,3.922627494,0.,              3645P   4600
0.010987386,4.126500404,0.,0.008559418,4.313144914,0.,              3645P   4601
0.005985106,4.511039275,0.,0.005928854,4.703662334,0.,0.,1.,0.,     3645P   4602
0.,-1.;                                                             3645P   4603
126,3,3,1,0,0,0,0.,0.,0.,0.,1.,1.,1.,1.,1.,0.80679025041557,        3647P   4604
0.80679025041557,1.,-0.051769833,0.607434024,-0.13713928,           3647P   4605
-0.051769833,0.613251436,-0.142956692,-0.055865377,0.617382878,     3647P   4606
-0.147088133,-0.061682568,0.617433643,-0.147138899,0.,1.,0.,        3647P   4607
-0.707106781,-0.707106781;                                          3647P   4608
126,1,1,1,0,1,0,0.,0.,1.,1.,1.,1.,0.005928854,4.703662334,0.,       3649P   4609
0.994071146,4.703662334,0.,0.,1.,0.,0.,1.;                          3649P   4610
110,-0.061682568,0.617433643,-0.147138899,-0.061682568,             3651P   4611
0.617433643,0.148138899;                                            3651P   4612
126,8,2,1,0,1,0,0.,0.,0.,0.25,0.25,0.5,0.5,0.75,0.75,1.,1.,1.,      3653P   4613
1.,1.,1.,1.,1.,1.,1.,1.,1.,0.994071146,4.703662334,0.,              3653P   4614
0.994014894,4.511039275,0.,0.991440582,4.313144914,0.,              3653P   4615
0.989012614,4.126500404,0.,0.984167322,3.922627494,0.,              3653P   4616
0.979983167,3.746572899,0.,0.973346541,3.532110074,0.,              3653P   4617
0.96929772,3.401272251,0.,0.960607585,3.141592654,0.,0.,1.,0.,      3653P   4618
0.,-1.;                                                             3653P   4619
126,3,3,1,0,0,0,0.,0.,0.,0.,1.,1.,1.,1.,1.,0.80679025041553,        3655P   4620
0.80679025041553,1.,-0.061682568,0.617433643,0.148138899,           3655P   4621
-0.055865377,0.617382878,0.148088133,-0.051769833,0.613251436,      3655P   4622
0.143956692,-0.051769833,0.607434024,0.13813928,0.,1.,0.,           3655P   4623
-0.707106781,0.707106781;                                           3655P   4624
126,1,1,1,0,1,0,0.,0.,1.,1.,1.,1.,0.960607585,3.141592654,0.,       3657P   4625
0.039392415,3.141592654,0.,0.,1.,0.,0.,1.;                          3657P   4626
110,-0.051769833,0.607434024,0.13813928,-0.051769833,               3659P   4627
0.607434024,-0.13713928;                                            3659P   4628
102,4,3645,3649,3653,3657;                                          3661P   4629
102,4,3647,3651,3655,3659;                                          3663P   4630
142,1,3643,3661,3663,1;                                             3665P   4631
144,3643,1,0,3665;                                                  3667P   4632
314,40.,56.8627450980392,87.4509803921569,;                         3669P   4633
110,-0.061769833,0.313794744,0.13813928,-0.061769833,               3671P   4634
39.683873484,0.13813928;                                            3671P   4635
110,-0.061769833,0.468908911,0.14813928,-0.061769833,               3673P   4636
0.618319477,0.14813928;                                             3673P   4637
120,3671,3673,0.,6.28318530717959;                                  3675P   4638
126,8,2,1,0,1,0,0.,0.,0.,0.25,0.25,0.5,0.5,0.75,0.75,1.,1.,1.,      3677P   4639
1.,1.,1.,1.,1.,1.,1.,1.,1.,0.005931402,0.008726314,0.,              3677P   4640
0.006043902,0.201349417,0.,0.011192524,0.399243817,0.,              3677P   4641
0.016048459,0.585888369,0.,0.025739043,0.78976132,0.,               3677P   4642
0.034107354,0.965815954,0.,0.047380607,1.180278824,0.,              3677P   4643
0.055478251,1.311116674,0.,0.072858525,1.570796327,0.,0.,1.,0.,     3677P   4644
0.,-1.;                                                             3677P   4645
126,3,3,1,0,0,0,0.,0.,0.,0.,1.,1.,1.,1.,1.,0.806790172446303,       3679P   4646
0.806790172446303,1.,-0.061682571,0.469795125,0.148138899,          3679P   4647
-0.055865379,0.469845889,0.148088135,-0.051769833,0.473977331,      3679P   4648
0.143956694,-0.051769833,0.479794744,0.13813928,0.,1.,0.,           3679P   4649
-0.707106781,-0.707106781;                                          3679P   4650
126,1,1,1,0,1,0,0.,0.,1.,1.,1.,1.,0.072858525,1.570796327,0.,       3681P   4651
0.927144024,1.570796327,0.,0.,1.,0.,0.,1.;                          3681P   4652
110,-0.051769833,0.479794744,0.13813928,-0.051769833,               3683P   4653
0.607434024,0.13813928;                                             3683P   4654
126,8,2,1,0,1,0,0.,0.,0.,0.25,0.25,0.5,0.5,0.75,0.75,1.,1.,1.,      3685P   4655
1.,1.,1.,1.,1.,1.,1.,1.,1.,0.927144024,1.570796327,0.,              3685P   4656
0.944524294,1.311116729,0.,0.952621936,1.180278907,0.,              3685P   4657
0.965895187,0.965816081,0.,0.974263498,0.789761487,0.,              3685P   4658
0.983954081,0.585888577,0.,0.988810018,0.399244066,0.,              3685P   4659
0.993958642,0.201349705,0.,0.994071146,0.008726646,0.,0.,1.,0.,     3685P   4660
0.,-1.;                                                             3685P   4661
126,3,3,1,0,0,0,0.,0.,0.,0.,1.,1.,1.,1.,1.,0.80679025041553,        3687P   4662
0.80679025041553,1.,-0.051769833,0.607434024,0.13813928,            3687P   4663
-0.051769833,0.613251436,0.143956692,-0.055865377,0.617382878,      3687P   4664
0.148088133,-0.061682568,0.617433643,0.148138899,0.,1.,0.,          3687P   4665
0.707106781,-0.707106781;                                           3687P   4666
126,1,1,1,0,1,0,0.,0.,1.,1.,1.,1.,0.994071146,0.008726646,0.,       3689P   4667
0.005928854,0.008726646,0.,0.,1.,0.,0.,1.;                          3689P   4668
110,-0.061682568,0.617433643,0.148138899,-0.061682568,              3691P   4669
0.469794744,0.148138899;                                            3691P   4670
102,4,3677,3681,3685,3689;                                          3693P   4671
102,4,3679,3683,3687,3691;                                          3695P   4672
142,1,3675,3693,3695,1;                                             3697P   4673
144,3675,1,0,3697;                                                  3699P   4674
314,72.5490196078431,72.5490196078431,0.,;                          3701P   4675
110,-0.169453836,0.420080969,0.0695,-0.169453836,0.420080969,       3703P   4676
-39.30057874;                                                       3703P   4677
110,-0.249453836,0.420080969,0.0695,-0.249453836,0.420080969,       3705P   4678
-0.0695;                                                            3705P   4679
120,3703,3705,0.,6.28318530717959;                                  3707P   4680
126,1,1,1,0,1,0,0.,0.,1.,1.,1.,1.,1.,2.094395102,0.,1.,             3709P   4681
0.886715095,0.,0.,1.,0.,0.,1.;                                      3709P   4682
100,-0.0695,-0.169453836,0.420080969,-0.129453836,0.489363001,      3711P   4683
-0.220010735,0.482080969;                                           3711P   4684
126,1,1,1,0,1,0,0.,0.,1.,1.,1.,1.,1.,0.886715095,0.,0.,             3713P   4685
0.886715095,0.,0.,1.,0.,0.,1.;                                      3713P   4686
110,-0.220010735,0.482080969,-0.0695,-0.220010735,0.482080969,      3715P   4687
0.0695;                                                             3715P   4688
126,1,1,1,0,1,0,0.,0.,1.,1.,1.,1.,0.,0.886715095,0.,0.,             3717P   4689
2.094395102,0.,0.,1.,0.,0.,1.;                                      3717P   4690
124,-0.631961232988226,0.775000000000001,6.0474265752228E-015,      3719P   4691
-0.60210484235914,0.775000000000001,0.631961232988226,              3719P   4692
-3.49148336110938E-015,0.285932804895066,                           3719P   4693
-6.52763875974334E-015,2.48027346595311E-015,-1.,                   3719P   4694
0.138999999999996;                                                  3719P   4695
100,0.0695,-0.169453836,0.420080969,-0.089453836,0.420080969,       3721P   4696
-0.14103871,0.494864528;                                            3721P   4697
126,1,1,1,0,1,0,0.,0.,1.,1.,1.,1.,0.,2.094395102,0.,1.,             3723P   4698
2.094395102,0.,0.,1.,0.,0.,1.;                                      3723P   4699
110,-0.129453836,0.489363001,0.0695,-0.129453836,0.489363001,       3725P   4700
-0.0695;                                                            3725P   4701
102,4,3709,3713,3717,3723;                                          3727P   4702
102,4,3711,3715,3721,3725;                                          3729P   4703
142,1,3707,3727,3729,1;                                             3731P   4704
144,3707,1,0,3731;                                                  3733P   4705
314,72.5490196078431,72.5490196078431,0.,;                          3735P   4706
128,1,1,1,1,0,0,1,0,0,0.,0.,1.,1.,0.,0.,1.,1.,1.,1.,1.,1.,          3737P   4707
-0.100453836,0.472619844,-0.0695,-0.129453836,0.489363001,          3737P   4708
-0.0695,-0.100453836,0.472619844,0.0695,-0.129453836,               3737P   4709
0.489363001,0.0695,0.,1.,0.,1.;                                     3737P   4710
126,1,1,1,0,1,0,0.,0.,1.,1.,1.,1.,1.,1.,0.,0.,1.,0.,0.,1.,0.,       3739P   4711
0.,1.;                                                              3739P   4712
110,-0.129453836,0.489363001,0.0695,-0.100453836,0.472619844,       3741P   4713
0.0695;                                                             3741P   4714
126,1,1,1,0,1,0,0.,0.,1.,1.,1.,1.,0.,1.,0.,0.,0.,0.,0.,1.,0.,       3743P   4715
0.,1.;                                                              3743P   4716
110,-0.100453836,0.472619844,0.0695,-0.100453836,0.472619844,       3745P   4717
-0.0695;                                                            3745P   4718
126,1,1,1,0,1,0,0.,0.,1.,1.,1.,1.,0.,0.,0.,1.,0.,0.,0.,1.,0.,       3747P   4719
0.,1.;                                                              3747P   4720
110,-0.100453836,0.472619844,-0.0695,-0.129453836,0.489363001,      3749P   4721
-0.0695;                                                            3749P   4722
126,1,1,1,0,1,0,0.,0.,1.,1.,1.,1.,1.,0.,0.,1.,1.,0.,0.,1.,0.,       3751P   4723
0.,1.;                                                              3751P   4724
110,-0.129453836,0.489363001,-0.0695,-0.129453836,0.489363001,      3753P   4725
0.0695;                                                             3753P   4726
102,4,3739,3743,3747,3751;                                          3755P   4727
102,4,3741,3745,3749,3753;                                          3757P   4728
142,1,3737,3755,3757,1;                                             3759P   4729
144,3737,1,0,3759;                                                  3761P   4730
314,72.5490196078431,72.5490196078431,0.,;                          3763P   4731
128,1,1,1,1,0,0,1,0,0,0.,0.,1.,1.,0.,0.,1.,1.,1.,1.,1.,1.,          3765P   4732
-0.360010735,0.482080969,-0.022082193,-0.363769833,0.492409007,     3765P   4733
-0.022082193,-0.360010735,0.482080969,0.022082193,-0.363769833,     3765P   4734
0.492409007,0.022082193,0.,1.,0.,1.;                                3765P   4735
126,1,1,1,0,1,0,0.,0.,1.,1.,1.,1.,0.,0.,0.,1.,0.,0.,0.,1.,0.,       3767P   4736
0.,1.;                                                              3767P   4737
110,-0.360010735,0.482080969,-0.022082193,-0.363769833,             3769P   4738
0.492409007,-0.022082193;                                           3769P   4739
126,1,1,1,0,1,0,0.,0.,1.,1.,1.,1.,1.,0.,0.,1.,1.,0.,0.,1.,0.,       3771P   4740
0.,1.;                                                              3771P   4741
110,-0.363769833,0.492409007,-0.022082193,-0.363769833,             3773P   4742
0.492409007,0.022082193;                                            3773P   4743
126,1,1,1,0,1,0,0.,0.,1.,1.,1.,1.,1.,1.,0.,0.,1.,0.,0.,1.,0.,       3775P   4744
0.,1.;                                                              3775P   4745
110,-0.363769833,0.492409007,0.022082193,-0.360010735,              3777P   4746
0.482080969,0.022082193;                                            3777P   4747
126,1,1,1,0,1,0,0.,0.,1.,1.,1.,1.,0.,1.,0.,0.,0.,0.,0.,1.,0.,       3779P   4748
0.,1.;                                                              3779P   4749
110,-0.360010735,0.482080969,0.022082193,-0.360010735,              3781P   4750
0.482080969,-0.022082193;                                           3781P   4751
102,4,3767,3771,3775,3779;                                          3783P   4752
102,4,3769,3773,3777,3781;                                          3785P   4753
142,1,3765,3783,3785,1;                                             3787P   4754
144,3765,1,0,3787;                                                  3789P   4755
314,72.5490196078431,72.5490196078431,0.,;                          3791P   4756
128,1,1,1,1,0,0,1,0,0,0.,0.,1.,1.,0.,0.,1.,1.,1.,1.,1.,1.,          3793P   4757
-0.35998818,0.482080969,0.022082193,-0.363769833,0.482080969,       3793P   4758
0.022082193,-0.35998818,0.492470975,0.022082193,-0.363769833,       3793P   4759
0.492470975,0.022082193,0.,1.,0.,1.;                                3793P   4760
126,1,1,1,0,1,0,0.,0.,1.,1.,1.,1.,1.,0.994035785,0.,                3795P   4761
0.005964215,0.,0.,0.,1.,0.,0.,1.;                                   3795P   4762
110,-0.363769833,0.492409007,0.022082193,-0.360010735,              3797P   4763
0.482080969,0.022082193;                                            3797P   4764
126,1,1,1,0,1,0,0.,0.,1.,1.,1.,1.,0.005964215,0.,0.,1.,0.,0.,       3799P   4765
0.,1.,0.,0.,1.;                                                     3799P   4766
110,-0.360010735,0.482080969,0.022082193,-0.363769833,              3801P   4767
0.482080969,0.022082193;                                            3801P   4768
126,1,1,1,0,1,0,0.,0.,1.,1.,1.,1.,1.,0.,0.,1.,0.994035785,0.,       3803P   4769
0.,1.,0.,0.,1.;                                                     3803P   4770
110,-0.363769833,0.482080969,0.022082193,-0.363769833,              3805P   4771
0.492409007,0.022082193;                                            3805P   4772
102,3,3795,3799,3803;                                               3807P   4773
102,3,3797,3801,3805;                                               3809P   4774
142,1,3793,3807,3809,1;                                             3811P   4775
144,3793,1,0,3811;                                                  3813P   4776
314,72.5490196078431,72.5490196078431,0.,;                          3815P   4777
128,1,1,1,1,0,0,1,0,0,0.,0.,1.,1.,0.,0.,1.,1.,1.,1.,1.,1.,          3817P   4778
-0.35998818,0.482080969,-0.022082193,-0.363769833,0.482080969,      3817P   4779
-0.022082193,-0.35998818,0.492470975,-0.022082193,-0.363769833,     3817P   4780
0.492470975,-0.022082193,0.,1.,0.,1.;                               3817P   4781
126,1,1,1,0,1,0,0.,0.,1.,1.,1.,1.,0.005964215,0.,0.,1.,0.,0.,       3819P   4782
0.,1.,0.,0.,1.;                                                     3819P   4783
110,-0.360010735,0.482080969,-0.022082193,-0.363769833,             3821P   4784
0.482080969,-0.022082193;                                           3821P   4785
126,1,1,1,0,1,0,0.,0.,1.,1.,1.,1.,1.,0.,0.,1.,0.994035785,0.,       3823P   4786
0.,1.,0.,0.,1.;                                                     3823P   4787
110,-0.363769833,0.482080969,-0.022082193,-0.363769833,             3825P   4788
0.492409007,-0.022082193;                                           3825P   4789
126,1,1,1,0,1,0,0.,0.,1.,1.,1.,1.,1.,0.994035785,0.,                3827P   4790
0.005964215,0.,0.,0.,1.,0.,0.,1.;                                   3827P   4791
110,-0.363769833,0.492409007,-0.022082193,-0.360010735,             3829P   4792
0.482080969,-0.022082193;                                           3829P   4793
102,3,3819,3823,3827;                                               3831P   4794
102,3,3821,3825,3829;                                               3833P   4795
142,1,3817,3831,3833,1;                                             3835P   4796
144,3817,1,0,3835;                                                  3837P   4797
314,72.5490196078431,72.5490196078431,0.,;                          3839P   4798
110,-0.169453836,0.420080969,0.0695,-0.169453836,0.420080969,       3841P   4799
-39.30057874;                                                       3841P   4800
110,-0.224453836,0.420080969,0.0695,-0.224453836,0.420080969,       3843P   4801
-0.0695;                                                            3843P   4802
120,3841,3843,0.,6.28318530717959;                                  3845P   4803
126,1,1,1,0,1,0,0.,0.,1.,1.,1.,1.,1.,2.157900186,0.,1.,             3847P   4804
1.018599052,0.,0.,1.,0.,0.,1.;                                      3847P   4805
100,-0.0695,-0.169453836,0.420080969,-0.138986467,0.465871136,      3849P   4806
-0.198304592,0.466906538;                                           3849P   4807
126,1,1,1,0,1,0,0.,0.,1.,1.,1.,1.,1.,1.018599052,0.,0.,             3851P   4808
1.018599052,0.,0.,1.,0.,0.,1.;                                      3851P   4809
110,-0.198304592,0.466906538,-0.0695,-0.198304592,0.466906538,      3853P   4810
0.0695;                                                             3853P   4811
126,1,1,1,0,1,0,0.,0.,1.,1.,1.,1.,0.,1.018599052,0.,0.,             3855P   4812
2.157900186,0.,0.,1.,0.,0.,1.;                                      3855P   4813
124,-0.524559195970789,0.85137397771043,5.81365841256916E-015,      3857P   4814
-0.615988409739577,0.85137397771043,0.524559195970789,              3857P   4815
-3.86822958284257E-015,0.343992220183724,                           3857P   4816
-6.34291798918793E-015,2.92048208795239E-015,-1.,                   3857P   4817
0.138999999999996;                                                  3857P   4818
100,0.0695,-0.169453836,0.420080969,-0.114453836,0.420080969,       3859P   4819
-0.146451218,0.470039748;                                           3859P   4820
126,1,1,1,0,1,0,0.,0.,1.,1.,1.,1.,0.,2.157900186,0.,1.,             3861P   4821
2.157900186,0.,0.,1.,0.,0.,1.;                                      3861P   4822
110,-0.138986467,0.465871136,0.0695,-0.138986467,0.465871136,       3863P   4823
-0.0695;                                                            3863P   4824
102,4,3847,3851,3855,3861;                                          3865P   4825
102,4,3849,3853,3859,3863;                                          3867P   4826
142,1,3845,3865,3867,1;                                             3869P   4827
144,3845,1,0,3869;                                                  3871P   4828
314,72.5490196078431,72.5490196078431,0.,;                          3873P   4829
110,-0.108453836,0.458763437,0.0695,-0.108453836,0.458763437,       3875P   4830
39.43957874;                                                        3875P   4831
110,-0.092453836,0.458763437,-0.0695,-0.092453836,0.458763437,      3877P   4832
0.0695;                                                             3877P   4833
120,3875,3877,0.,6.28318530717959;                                  3879P   4834
126,1,1,1,0,1,0,0.,0.,1.,1.,1.,1.,1.,0.405943082,0.,0.,             3881P   4835
0.405943082,0.,0.,1.,0.,0.,1.;                                      3881P   4836
110,-0.09375415,0.465081603,0.0695,-0.09375415,0.465081603,         3883P   4837
-0.0695;                                                            3883P   4838
126,1,1,1,0,1,0,0.,0.,1.,1.,1.,1.,0.,0.405943082,0.,0.,             3885P   4839
1.047197551,0.,0.,1.,0.,0.,1.;                                      3885P   4840
100,-0.0695,-0.108453836,0.458763437,-0.09375415,0.465081603,       3887P   4841
-0.100453836,0.472619844;                                           3887P   4842
126,1,1,1,0,1,0,0.,0.,1.,1.,1.,1.,0.,1.047197551,0.,1.,             3889P   4843
1.047197551,0.,0.,1.,0.,0.,1.;                                      3889P   4844
110,-0.100453836,0.472619844,-0.0695,-0.100453836,0.472619844,      3891P   4845
0.0695;                                                             3891P   4846
126,1,1,1,0,1,0,0.,0.,1.,1.,1.,1.,1.,1.047197551,0.,1.,             3893P   4847
0.405943082,0.,0.,1.,0.,0.,1.;                                      3893P   4848
124,0.499999999999999,0.866025403784439,2.75747142522993E-015,      3895P   4849
-0.451527708881193,0.866025403784439,-0.499999999999999,            3895P   4850
-6.41546378546829E-015,0.782068932807395,                           3895P   4851
-4.17721890265966E-015,5.59577219719294E-015,-1.,                   3895P   4852
0.138999999999995;                                                  3895P   4853
100,0.0695,-0.108453836,0.458763437,-0.092453836,0.458763437,       3897P   4854
-0.095632301,0.468334656;                                           3897P   4855
102,4,3881,3885,3889,3893;                                          3899P   4856
102,4,3883,3887,3891,3897;                                          3901P   4857
142,1,3879,3899,3901,1;                                             3903P   4858
144,3879,1,0,3903;                                                  3905P   4859
314,72.5490196078431,72.5490196078431,0.,;                          3907P   4860
128,1,1,1,1,0,0,1,0,0,0.,0.,1.,1.,0.,0.,1.,1.,1.,1.,1.,1.,          3909P   4861
-0.363769833,0.464871607,-0.0695,-0.092134056,0.464871607,          3909P   4862
-0.0695,-0.363769833,0.500290965,-0.0695,-0.092134056,              3909P   4863
0.500290965,-0.0695,0.,1.,0.,1.;                                    3909P   4864
126,1,1,1,0,1,0,0.,0.,1.,1.,1.,1.,0.969371559,0.218757116,0.,       3911P   4865
0.862610953,0.691469174,0.,0.,1.,0.,0.,1.;                          3911P   4866
110,-0.100453836,0.472619844,-0.0695,-0.129453836,0.489363001,      3913P   4867
-0.0695;                                                            3913P   4868
126,8,2,1,0,1,0,0.,0.,0.,0.25,0.25,0.5,0.5,0.75,0.75,1.,1.,1.,      3915P   4869
1.,1.,1.,1.,1.,1.,1.,1.,1.,0.862610953,0.691469174,0.,              3915P   4870
0.823812695,0.863259175,0.,0.780108604,0.938801294,0.,              3915P   4871
0.736404512,1.014343413,0.,0.691748292,0.986803707,0.,              3915P   4872
0.647092072,0.959264001,0.,0.605523564,0.831133859,0.,              3915P   4873
0.563955057,0.703003717,0.,0.52923477,0.485874476,0.,0.,1.,0.,      3915P   4874
0.,-1.;                                                             3915P   4875
100,-0.0695,-0.169453836,0.420080969,-0.129453836,0.489363001,      3917P   4876
-0.220010735,0.482080969;                                           3917P   4877
126,1,1,1,0,1,0,0.,0.,1.,1.,1.,1.,0.52923477,0.485874476,0.,0.,     3919P   4878
0.485874476,0.,0.,1.,0.,0.,1.;                                      3919P   4879
110,-0.220010735,0.482080969,-0.0695,-0.363769833,0.482080969,      3921P   4880
-0.0695;                                                            3921P   4881
126,1,1,1,0,1,0,0.,0.,1.,1.,1.,1.,0.,0.485874476,0.,0.,             3923P   4882
0.138995671,0.,0.,1.,0.,0.,1.;                                      3923P   4883
110,-0.363769833,0.482080969,-0.0695,-0.363769833,0.469794744,      3925P   4884
-0.0695;                                                            3925P   4885
126,1,1,1,0,1,0,0.,0.,1.,1.,1.,1.,0.,0.138995671,0.,                3927P   4886
0.609143769,0.057452507,0.,0.,1.,0.,0.,1.;                          3927P   4887
110,-0.363769833,0.469794744,-0.0695,-0.198304592,0.466906538,      3929P   4888
-0.0695;                                                            3929P   4889
126,8,2,1,0,1,0,0.,0.,0.,0.25,0.25,0.5,0.5,0.75,0.75,1.,1.,1.,      3931P   4890
1.,1.,1.,1.,1.,1.,1.,1.,1.,0.609143769,0.057452507,0.,              3931P   4891
0.633860705,0.174245033,0.,0.661860982,0.233068363,0.,              3931P   4892
0.689861259,0.291891694,0.,0.718888657,0.288005935,0.,              3931P   4893
0.747916056,0.284120176,0.,0.775631592,0.217838436,0.,              3931P   4894
0.803347128,0.151556696,0.,0.827517526,0.028219857,0.,0.,1.,0.,     3931P   4895
0.,1.;                                                              3931P   4896
124,-0.524559195970789,0.85137397771043,5.81365841256916E-015,      3933P   4897
-0.615988409739576,0.85137397771043,0.524559195970789,              3933P   4898
-3.86822958284257E-015,0.343992220183724,                           3933P   4899
-6.34291798918793E-015,2.92048208795239E-015,-1.,                   3933P   4900
-0.139000000000004;                                                 3933P   4901
100,-0.0695,-0.169453836,0.420080969,-0.114453836,0.420080969,      3935P   4902
-0.146451218,0.470039748;                                           3935P   4903
126,1,1,1,0,1,0,0.,0.,1.,1.,1.,1.,0.827517526,0.028219857,0.,       3937P   4904
0.994035785,0.005928854,0.,0.,1.,0.,0.,1.;                          3937P   4905
110,-0.138986467,0.465871136,-0.0695,-0.09375415,0.465081603,       3939P   4906
-0.0695;                                                            3939P   4907
126,4,2,1,0,1,0,0.,0.,0.,0.5,0.5,1.,1.,1.,1.,1.,1.,1.,1.,           3941P   4908
0.994035785,0.005928854,0.,0.990274663,0.073037857,0.,              3941P   4909
0.983947381,0.127636143,0.,0.977620098,0.18223443,0.,               3941P   4910
0.969371559,0.218757116,0.,0.,1.,0.,0.,-1.;                         3941P   4911
100,-0.0695,-0.108453836,0.458763437,-0.09375415,0.465081603,       3943P   4912
-0.100453836,0.472619844;                                           3943P   4913
102,8,3911,3915,3919,3923,3927,3931,3937,3941;                      3945P   4914
102,8,3913,3917,3921,3925,3929,3935,3939,3943;                      3947P   4915
142,1,3909,3945,3947,1;                                             3949P   4916
144,3909,1,0,3949;                                                  3951P   4917
314,72.5490196078431,72.5490196078431,0.,;                          3953P   4918
128,1,1,1,1,0,0,1,0,0,0.,0.,1.,1.,0.,0.,1.,1.,1.,1.,1.,1.,          3955P   4919
-0.363769833,0.464871607,0.0695,-0.092134056,0.464871607,           3955P   4920
0.0695,-0.363769833,0.500290965,0.0695,-0.092134056,                3955P   4921
0.500290965,0.0695,0.,1.,0.,1.;                                     3955P   4922
126,1,1,1,0,1,0,0.,0.,1.,1.,1.,1.,0.827517526,0.028219857,0.,       3957P   4923
0.994035785,0.005928854,0.,0.,1.,0.,0.,1.;                          3957P   4924
110,-0.138986467,0.465871136,0.0695,-0.09375415,0.465081603,        3959P   4925
0.0695;                                                             3959P   4926
126,4,2,1,0,1,0,0.,0.,0.,0.5,0.5,1.,1.,1.,1.,1.,1.,1.,1.,           3961P   4927
0.994035785,0.005928854,0.,0.990274663,0.073037857,0.,              3961P   4928
0.983947381,0.127636143,0.,0.977620098,0.18223443,0.,               3961P   4929
0.969371559,0.218757116,0.,0.,1.,0.,0.,-1.;                         3961P   4930
100,0.0695,-0.108453836,0.458763437,-0.09375415,0.465081603,        3963P   4931
-0.100453836,0.472619844;                                           3963P   4932
126,1,1,1,0,1,0,0.,0.,1.,1.,1.,1.,0.969371559,0.218757116,0.,       3965P   4933
0.862610953,0.691469174,0.,0.,1.,0.,0.,1.;                          3965P   4934
110,-0.100453836,0.472619844,0.0695,-0.129453836,0.489363001,       3967P   4935
0.0695;                                                             3967P   4936
126,8,2,1,0,1,0,0.,0.,0.,0.25,0.25,0.5,0.5,0.75,0.75,1.,1.,1.,      3969P   4937
1.,1.,1.,1.,1.,1.,1.,1.,1.,0.862610953,0.691469174,0.,              3969P   4938
0.823812695,0.863259175,0.,0.780108604,0.938801294,0.,              3969P   4939
0.736404512,1.014343413,0.,0.691748292,0.986803707,0.,              3969P   4940
0.647092072,0.959264001,0.,0.605523564,0.831133859,0.,              3969P   4941
0.563955057,0.703003717,0.,0.52923477,0.485874476,0.,0.,1.,0.,      3969P   4942
0.,-1.;                                                             3969P   4943
100,0.0695,-0.169453836,0.420080969,-0.129453836,0.489363001,       3971P   4944
-0.220010735,0.482080969;                                           3971P   4945
126,1,1,1,0,1,0,0.,0.,1.,1.,1.,1.,0.52923477,0.485874476,0.,0.,     3973P   4946
0.485874476,0.,0.,1.,0.,0.,1.;                                      3973P   4947
110,-0.220010735,0.482080969,0.0695,-0.363769833,0.482080969,       3975P   4948
0.0695;                                                             3975P   4949
126,1,1,1,0,1,0,0.,0.,1.,1.,1.,1.,0.,0.485874476,0.,0.,             3977P   4950
0.138995671,0.,0.,1.,0.,0.,1.;                                      3977P   4951
110,-0.363769833,0.482080969,0.0695,-0.363769833,0.469794744,       3979P   4952
0.0695;                                                             3979P   4953
126,1,1,1,0,1,0,0.,0.,1.,1.,1.,1.,0.,0.138995671,0.,                3981P   4954
0.609143769,0.057452507,0.,0.,1.,0.,0.,1.;                          3981P   4955
110,-0.363769833,0.469794744,0.0695,-0.198304592,0.466906538,       3983P   4956
0.0695;                                                             3983P   4957
126,8,2,1,0,1,0,0.,0.,0.,0.25,0.25,0.5,0.5,0.75,0.75,1.,1.,1.,      3985P   4958
1.,1.,1.,1.,1.,1.,1.,1.,1.,0.609143769,0.057452507,0.,              3985P   4959
0.633860705,0.174245033,0.,0.661860982,0.233068363,0.,              3985P   4960
0.689861259,0.291891694,0.,0.718888657,0.288005935,0.,              3985P   4961
0.747916056,0.284120176,0.,0.775631592,0.217838436,0.,              3985P   4962
0.803347128,0.151556696,0.,0.827517526,0.028219857,0.,0.,1.,0.,     3985P   4963
0.,1.;                                                              3985P   4964
124,-0.524559195970789,0.85137397771043,5.81365841256916E-015,      3987P   4965
-0.615988409739577,0.85137397771043,0.524559195970789,              3987P   4966
-3.86822958284257E-015,0.343992220183724,                           3987P   4967
-6.34291798918793E-015,2.92048208795239E-015,-1.,                   3987P   4968
0.138999999999996;                                                  3987P   4969
100,0.0695,-0.169453836,0.420080969,-0.114453836,0.420080969,       3989P   4970
-0.146451218,0.470039748;                                           3989P   4971
102,8,3957,3961,3965,3969,3973,3977,3981,3985;                      3991P   4972
102,8,3959,3963,3967,3971,3975,3979,3983,3989;                      3993P   4973
142,1,3955,3991,3993,1;                                             3995P   4974
144,3955,1,0,3995;                                                  3997P   4975
314,72.5490196078431,72.5490196078431,0.,;                          3999P   4976
128,1,1,1,1,0,0,1,0,0,0.,0.,1.,1.,0.,0.,1.,1.,1.,1.,1.,1.,          4001P   4977
-0.363769833,0.482080969,-0.0695,-0.220010735,0.482080969,          4001P   4978
-0.0695,-0.363769833,0.482080969,0.0695,-0.220010735,               4001P   4979
0.482080969,0.0695,0.,1.,0.,1.;                                     4001P   4980
126,1,1,1,0,1,0,0.,0.,1.,1.,1.,1.,0.,0.658864701,0.,                4003P   4981
0.026148594,0.658864701,0.,0.,1.,0.,0.,1.;                          4003P   4982
110,-0.363769833,0.482080969,0.022082193,-0.360010735,              4005P   4983
0.482080969,0.022082193;                                            4005P   4984
126,1,1,1,0,1,0,0.,0.,1.,1.,1.,1.,0.026148594,0.658864701,0.,       4007P   4985
0.026148594,0.341135299,0.,0.,1.,0.,0.,1.;                          4007P   4986
110,-0.360010735,0.482080969,0.022082193,-0.360010735,              4009P   4987
0.482080969,-0.022082193;                                           4009P   4988
126,1,1,1,0,1,0,0.,0.,1.,1.,1.,1.,0.026148594,0.341135299,0.,       4011P   4989
0.,0.341135299,0.,0.,1.,0.,0.,1.;                                   4011P   4990
110,-0.360010735,0.482080969,-0.022082193,-0.363769833,             4013P   4991
0.482080969,-0.022082193;                                           4013P   4992
126,1,1,1,0,1,0,0.,0.,1.,1.,1.,1.,0.,0.341135299,0.,0.,0.,0.,       4015P   4993
0.,1.,0.,0.,1.;                                                     4015P   4994
110,-0.363769833,0.482080969,-0.022082193,-0.363769833,             4017P   4995
0.482080969,-0.0695;                                                4017P   4996
126,1,1,1,0,1,0,0.,0.,1.,1.,1.,1.,0.,0.,0.,1.,0.,0.,0.,1.,0.,       4019P   4997
0.,1.;                                                              4019P   4998
110,-0.363769833,0.482080969,-0.0695,-0.220010735,0.482080969,      4021P   4999
-0.0695;                                                            4021P   5000
126,1,1,1,0,1,0,0.,0.,1.,1.,1.,1.,1.,0.,0.,1.,1.,0.,0.,1.,0.,       4023P   5001
0.,1.;                                                              4023P   5002
110,-0.220010735,0.482080969,-0.0695,-0.220010735,0.482080969,      4025P   5003
0.0695;                                                             4025P   5004
126,1,1,1,0,1,0,0.,0.,1.,1.,1.,1.,1.,1.,0.,0.,1.,0.,0.,1.,0.,       4027P   5005
0.,1.;                                                              4027P   5006
110,-0.220010735,0.482080969,0.0695,-0.363769833,0.482080969,       4029P   5007
0.0695;                                                             4029P   5008
126,1,1,1,0,1,0,0.,0.,1.,1.,1.,1.,0.,1.,0.,0.,0.658864701,0.,       4031P   5009
0.,1.,0.,0.,1.;                                                     4031P   5010
110,-0.363769833,0.482080969,0.0695,-0.363769833,0.482080969,       4033P   5011
0.022082193;                                                        4033P   5012
102,8,4003,4007,4011,4015,4019,4023,4027,4031;                      4035P   5013
102,8,4005,4009,4013,4017,4021,4025,4029,4033;                      4037P   5014
142,1,4001,4035,4037,1;                                             4039P   5015
144,4001,1,0,4039;                                                  4041P   5016
S      1G      5D   4042P   5016                                        T      1
