ISO-10303-21;
HEADER;
/* Generated by software containing ST-Developer
 * from STEP Tools, Inc. (www.steptools.com) 
 */
/* OPTION: using custom renumber hook */

FILE_DESCRIPTION(
/* description */ ('STEP AP214'),
/* implementation_level */ '2;1');

FILE_NAME(
/* name */ '236-102',
/* time_stamp */ '2026-09-26T14:58:27+02:00',
/* author */ ('License CC BY-ND 4.0'),
/* organization */ ('CADENAS'),
/* preprocessor_version */ 'ST-DEVELOPER v20',
/* originating_system */ 'PARTsolutions',
/* authorisation */ '  ');

FILE_SCHEMA (('AUTOMOTIVE_DESIGN {1 0 10303 214 3 1 1}'));
ENDSEC;

DATA;
#10=PROPERTY_DEFINITION_REPRESENTATION(#14,#12);
#11=PROPERTY_DEFINITION_REPRESENTATION(#15,#13);
#12=REPRESENTATION('',(#16),#2786);
#13=REPRESENTATION('',(#17),#2786);
#14=PROPERTY_DEFINITION('pmi validation property','',#2791);
#15=PROPERTY_DEFINITION('pmi validation property','',#2791);
#16=VALUE_REPRESENTATION_ITEM('number of annotations',COUNT_MEASURE(0.));
#17=VALUE_REPRESENTATION_ITEM('number of views',COUNT_MEASURE(0.));
#18=SHAPE_REPRESENTATION_RELATIONSHIP('','',#1928,#19);
#19=ADVANCED_BREP_SHAPE_REPRESENTATION('',(#1926),#2786);
#20=CIRCLE('',#1947,0.500000000000007);
#21=CIRCLE('',#1948,0.500000000000005);
#22=CIRCLE('',#1952,0.500000000000003);
#23=CIRCLE('',#1953,0.500000000000004);
#24=CIRCLE('',#1956,0.500000000000004);
#25=CIRCLE('',#1957,0.500000000000004);
#26=CIRCLE('',#1959,0.499999999999999);
#27=CIRCLE('',#1971,0.8);
#28=CIRCLE('',#1972,0.6);
#29=CIRCLE('',#1973,0.6);
#30=CIRCLE('',#1974,0.8);
#31=CIRCLE('',#1977,0.6);
#32=CIRCLE('',#1980,0.6);
#33=CIRCLE('',#1983,0.8);
#34=CIRCLE('',#1986,0.8);
#35=CIRCLE('',#2003,1.);
#36=CIRCLE('',#2004,1.);
#37=CIRCLE('',#2009,0.999999999999999);
#38=CIRCLE('',#2010,0.999999999999999);
#39=CIRCLE('',#2014,1.);
#40=CIRCLE('',#2015,1.);
#41=CIRCLE('',#2020,0.999999999999999);
#42=CIRCLE('',#2021,0.999999999999999);
#43=CIRCLE('',#2029,0.499999999999999);
#44=CYLINDRICAL_SURFACE('',#1946,0.500000000000007);
#45=CYLINDRICAL_SURFACE('',#1951,0.500000000000003);
#46=CYLINDRICAL_SURFACE('',#1955,0.500000000000004);
#47=CYLINDRICAL_SURFACE('',#1978,0.6);
#48=CYLINDRICAL_SURFACE('',#1981,0.6);
#49=CYLINDRICAL_SURFACE('',#1984,0.8);
#50=CYLINDRICAL_SURFACE('',#1987,0.8);
#51=CYLINDRICAL_SURFACE('',#2002,1.);
#52=CYLINDRICAL_SURFACE('',#2008,0.999999999999999);
#53=CYLINDRICAL_SURFACE('',#2013,1.);
#54=CYLINDRICAL_SURFACE('',#2019,0.999999999999999);
#55=CYLINDRICAL_SURFACE('',#2028,0.499999999999999);
#56=ORIENTED_EDGE('',*,*,#428,.F.);
#57=ORIENTED_EDGE('',*,*,#429,.T.);
#58=ORIENTED_EDGE('',*,*,#430,.T.);
#59=ORIENTED_EDGE('',*,*,#431,.F.);
#60=ORIENTED_EDGE('',*,*,#432,.T.);
#61=ORIENTED_EDGE('',*,*,#433,.F.);
#62=ORIENTED_EDGE('',*,*,#434,.F.);
#63=ORIENTED_EDGE('',*,*,#435,.T.);
#64=ORIENTED_EDGE('',*,*,#436,.F.);
#65=ORIENTED_EDGE('',*,*,#437,.T.);
#66=ORIENTED_EDGE('',*,*,#438,.T.);
#67=ORIENTED_EDGE('',*,*,#439,.F.);
#68=ORIENTED_EDGE('',*,*,#440,.T.);
#69=ORIENTED_EDGE('',*,*,#441,.F.);
#70=ORIENTED_EDGE('',*,*,#442,.F.);
#71=ORIENTED_EDGE('',*,*,#443,.T.);
#72=ORIENTED_EDGE('',*,*,#444,.T.);
#73=ORIENTED_EDGE('',*,*,#445,.T.);
#74=ORIENTED_EDGE('',*,*,#446,.T.);
#75=ORIENTED_EDGE('',*,*,#447,.F.);
#76=ORIENTED_EDGE('',*,*,#448,.F.);
#77=ORIENTED_EDGE('',*,*,#449,.T.);
#78=ORIENTED_EDGE('',*,*,#450,.T.);
#79=ORIENTED_EDGE('',*,*,#447,.T.);
#80=ORIENTED_EDGE('',*,*,#451,.F.);
#81=ORIENTED_EDGE('',*,*,#452,.T.);
#82=ORIENTED_EDGE('',*,*,#453,.T.);
#83=ORIENTED_EDGE('',*,*,#454,.T.);
#84=ORIENTED_EDGE('',*,*,#455,.T.);
#85=ORIENTED_EDGE('',*,*,#456,.F.);
#86=ORIENTED_EDGE('',*,*,#457,.F.);
#87=ORIENTED_EDGE('',*,*,#458,.T.);
#88=ORIENTED_EDGE('',*,*,#459,.T.);
#89=ORIENTED_EDGE('',*,*,#460,.F.);
#90=ORIENTED_EDGE('',*,*,#461,.F.);
#91=ORIENTED_EDGE('',*,*,#462,.F.);
#92=ORIENTED_EDGE('',*,*,#463,.T.);
#93=ORIENTED_EDGE('',*,*,#464,.F.);
#94=ORIENTED_EDGE('',*,*,#465,.F.);
#95=ORIENTED_EDGE('',*,*,#466,.F.);
#96=ORIENTED_EDGE('',*,*,#467,.T.);
#97=ORIENTED_EDGE('',*,*,#468,.F.);
#98=ORIENTED_EDGE('',*,*,#469,.T.);
#99=ORIENTED_EDGE('',*,*,#441,.T.);
#100=ORIENTED_EDGE('',*,*,#470,.T.);
#101=ORIENTED_EDGE('',*,*,#471,.T.);
#102=ORIENTED_EDGE('',*,*,#472,.T.);
#103=ORIENTED_EDGE('',*,*,#454,.F.);
#104=ORIENTED_EDGE('',*,*,#473,.F.);
#105=ORIENTED_EDGE('',*,*,#474,.T.);
#106=ORIENTED_EDGE('',*,*,#475,.F.);
#107=ORIENTED_EDGE('',*,*,#476,.T.);
#108=ORIENTED_EDGE('',*,*,#463,.F.);
#109=ORIENTED_EDGE('',*,*,#477,.F.);
#110=ORIENTED_EDGE('',*,*,#461,.T.);
#111=ORIENTED_EDGE('',*,*,#478,.T.);
#112=ORIENTED_EDGE('',*,*,#479,.F.);
#113=ORIENTED_EDGE('',*,*,#480,.F.);
#114=ORIENTED_EDGE('',*,*,#481,.T.);
#115=ORIENTED_EDGE('',*,*,#480,.T.);
#116=ORIENTED_EDGE('',*,*,#482,.F.);
#117=ORIENTED_EDGE('',*,*,#474,.F.);
#118=ORIENTED_EDGE('',*,*,#483,.F.);
#119=ORIENTED_EDGE('',*,*,#484,.T.);
#120=ORIENTED_EDGE('',*,*,#485,.F.);
#121=ORIENTED_EDGE('',*,*,#486,.T.);
#122=ORIENTED_EDGE('',*,*,#467,.F.);
#123=ORIENTED_EDGE('',*,*,#487,.F.);
#124=ORIENTED_EDGE('',*,*,#465,.T.);
#125=ORIENTED_EDGE('',*,*,#488,.T.);
#126=ORIENTED_EDGE('',*,*,#489,.F.);
#127=ORIENTED_EDGE('',*,*,#490,.F.);
#128=ORIENTED_EDGE('',*,*,#491,.F.);
#129=ORIENTED_EDGE('',*,*,#490,.T.);
#130=ORIENTED_EDGE('',*,*,#492,.F.);
#131=ORIENTED_EDGE('',*,*,#484,.F.);
#132=ORIENTED_EDGE('',*,*,#468,.T.);
#133=ORIENTED_EDGE('',*,*,#486,.F.);
#134=ORIENTED_EDGE('',*,*,#493,.F.);
#135=ORIENTED_EDGE('',*,*,#494,.F.);
#136=ORIENTED_EDGE('',*,*,#495,.F.);
#137=ORIENTED_EDGE('',*,*,#488,.F.);
#138=ORIENTED_EDGE('',*,*,#464,.T.);
#139=ORIENTED_EDGE('',*,*,#476,.F.);
#140=ORIENTED_EDGE('',*,*,#496,.T.);
#141=ORIENTED_EDGE('',*,*,#497,.F.);
#142=ORIENTED_EDGE('',*,*,#498,.F.);
#143=ORIENTED_EDGE('',*,*,#433,.T.);
#144=ORIENTED_EDGE('',*,*,#499,.T.);
#145=ORIENTED_EDGE('',*,*,#500,.T.);
#146=ORIENTED_EDGE('',*,*,#501,.T.);
#147=ORIENTED_EDGE('',*,*,#502,.T.);
#148=ORIENTED_EDGE('',*,*,#503,.T.);
#149=ORIENTED_EDGE('',*,*,#504,.T.);
#150=ORIENTED_EDGE('',*,*,#505,.T.);
#151=ORIENTED_EDGE('',*,*,#506,.T.);
#152=ORIENTED_EDGE('',*,*,#507,.T.);
#153=ORIENTED_EDGE('',*,*,#508,.F.);
#154=ORIENTED_EDGE('',*,*,#509,.F.);
#155=ORIENTED_EDGE('',*,*,#497,.T.);
#156=ORIENTED_EDGE('',*,*,#510,.T.);
#157=ORIENTED_EDGE('',*,*,#511,.F.);
#158=ORIENTED_EDGE('',*,*,#512,.F.);
#159=ORIENTED_EDGE('',*,*,#508,.T.);
#160=ORIENTED_EDGE('',*,*,#513,.T.);
#161=ORIENTED_EDGE('',*,*,#458,.F.);
#162=ORIENTED_EDGE('',*,*,#514,.F.);
#163=ORIENTED_EDGE('',*,*,#511,.T.);
#164=ORIENTED_EDGE('',*,*,#515,.F.);
#165=ORIENTED_EDGE('',*,*,#478,.F.);
#166=ORIENTED_EDGE('',*,*,#460,.T.);
#167=ORIENTED_EDGE('',*,*,#516,.T.);
#168=ORIENTED_EDGE('',*,*,#517,.T.);
#169=ORIENTED_EDGE('',*,*,#471,.F.);
#170=ORIENTED_EDGE('',*,*,#518,.F.);
#171=ORIENTED_EDGE('',*,*,#445,.F.);
#172=ORIENTED_EDGE('',*,*,#519,.F.);
#173=ORIENTED_EDGE('',*,*,#443,.F.);
#174=ORIENTED_EDGE('',*,*,#520,.F.);
#175=ORIENTED_EDGE('',*,*,#493,.T.);
#176=ORIENTED_EDGE('',*,*,#521,.T.);
#177=ORIENTED_EDGE('',*,*,#495,.T.);
#178=ORIENTED_EDGE('',*,*,#522,.T.);
#179=ORIENTED_EDGE('',*,*,#515,.T.);
#180=ORIENTED_EDGE('',*,*,#523,.T.);
#181=ORIENTED_EDGE('',*,*,#524,.F.);
#182=ORIENTED_EDGE('',*,*,#525,.F.);
#183=ORIENTED_EDGE('',*,*,#456,.T.);
#184=ORIENTED_EDGE('',*,*,#526,.T.);
#185=ORIENTED_EDGE('',*,*,#527,.F.);
#186=ORIENTED_EDGE('',*,*,#528,.F.);
#187=ORIENTED_EDGE('',*,*,#524,.T.);
#188=ORIENTED_EDGE('',*,*,#529,.T.);
#189=ORIENTED_EDGE('',*,*,#435,.F.);
#190=ORIENTED_EDGE('',*,*,#530,.F.);
#191=ORIENTED_EDGE('',*,*,#527,.T.);
#192=ORIENTED_EDGE('',*,*,#531,.T.);
#193=ORIENTED_EDGE('',*,*,#532,.T.);
#194=ORIENTED_EDGE('',*,*,#533,.T.);
#195=ORIENTED_EDGE('',*,*,#534,.T.);
#196=ORIENTED_EDGE('',*,*,#535,.T.);
#197=ORIENTED_EDGE('',*,*,#517,.F.);
#198=ORIENTED_EDGE('',*,*,#516,.F.);
#199=ORIENTED_EDGE('',*,*,#459,.F.);
#200=ORIENTED_EDGE('',*,*,#513,.F.);
#201=ORIENTED_EDGE('',*,*,#510,.F.);
#202=ORIENTED_EDGE('',*,*,#507,.F.);
#203=ORIENTED_EDGE('',*,*,#496,.F.);
#204=ORIENTED_EDGE('',*,*,#432,.F.);
#205=ORIENTED_EDGE('',*,*,#529,.F.);
#206=ORIENTED_EDGE('',*,*,#526,.F.);
#207=ORIENTED_EDGE('',*,*,#523,.F.);
#208=ORIENTED_EDGE('',*,*,#455,.F.);
#209=ORIENTED_EDGE('',*,*,#472,.F.);
#210=ORIENTED_EDGE('',*,*,#504,.F.);
#211=ORIENTED_EDGE('',*,*,#536,.F.);
#212=ORIENTED_EDGE('',*,*,#537,.T.);
#213=ORIENTED_EDGE('',*,*,#538,.T.);
#214=ORIENTED_EDGE('',*,*,#505,.F.);
#215=ORIENTED_EDGE('',*,*,#538,.F.);
#216=ORIENTED_EDGE('',*,*,#539,.T.);
#217=ORIENTED_EDGE('',*,*,#540,.T.);
#218=ORIENTED_EDGE('',*,*,#506,.F.);
#219=ORIENTED_EDGE('',*,*,#540,.F.);
#220=ORIENTED_EDGE('',*,*,#541,.T.);
#221=ORIENTED_EDGE('',*,*,#542,.T.);
#222=ORIENTED_EDGE('',*,*,#503,.F.);
#223=ORIENTED_EDGE('',*,*,#542,.F.);
#224=ORIENTED_EDGE('',*,*,#543,.T.);
#225=ORIENTED_EDGE('',*,*,#536,.T.);
#226=ORIENTED_EDGE('',*,*,#537,.F.);
#227=ORIENTED_EDGE('',*,*,#543,.F.);
#228=ORIENTED_EDGE('',*,*,#541,.F.);
#229=ORIENTED_EDGE('',*,*,#539,.F.);
#230=ORIENTED_EDGE('',*,*,#500,.F.);
#231=ORIENTED_EDGE('',*,*,#544,.F.);
#232=ORIENTED_EDGE('',*,*,#545,.T.);
#233=ORIENTED_EDGE('',*,*,#546,.T.);
#234=ORIENTED_EDGE('',*,*,#501,.F.);
#235=ORIENTED_EDGE('',*,*,#546,.F.);
#236=ORIENTED_EDGE('',*,*,#547,.T.);
#237=ORIENTED_EDGE('',*,*,#548,.T.);
#238=ORIENTED_EDGE('',*,*,#502,.F.);
#239=ORIENTED_EDGE('',*,*,#548,.F.);
#240=ORIENTED_EDGE('',*,*,#549,.T.);
#241=ORIENTED_EDGE('',*,*,#550,.T.);
#242=ORIENTED_EDGE('',*,*,#499,.F.);
#243=ORIENTED_EDGE('',*,*,#550,.F.);
#244=ORIENTED_EDGE('',*,*,#551,.T.);
#245=ORIENTED_EDGE('',*,*,#544,.T.);
#246=ORIENTED_EDGE('',*,*,#545,.F.);
#247=ORIENTED_EDGE('',*,*,#551,.F.);
#248=ORIENTED_EDGE('',*,*,#549,.F.);
#249=ORIENTED_EDGE('',*,*,#547,.F.);
#250=ORIENTED_EDGE('',*,*,#552,.F.);
#251=ORIENTED_EDGE('',*,*,#553,.F.);
#252=ORIENTED_EDGE('',*,*,#554,.F.);
#253=ORIENTED_EDGE('',*,*,#555,.F.);
#254=ORIENTED_EDGE('',*,*,#434,.T.);
#255=ORIENTED_EDGE('',*,*,#498,.T.);
#256=ORIENTED_EDGE('',*,*,#509,.T.);
#257=ORIENTED_EDGE('',*,*,#512,.T.);
#258=ORIENTED_EDGE('',*,*,#514,.T.);
#259=ORIENTED_EDGE('',*,*,#457,.T.);
#260=ORIENTED_EDGE('',*,*,#525,.T.);
#261=ORIENTED_EDGE('',*,*,#528,.T.);
#262=ORIENTED_EDGE('',*,*,#530,.T.);
#263=ORIENTED_EDGE('',*,*,#469,.F.);
#264=ORIENTED_EDGE('',*,*,#494,.T.);
#265=ORIENTED_EDGE('',*,*,#520,.T.);
#266=ORIENTED_EDGE('',*,*,#442,.T.);
#267=ORIENTED_EDGE('',*,*,#556,.T.);
#268=ORIENTED_EDGE('',*,*,#554,.T.);
#269=ORIENTED_EDGE('',*,*,#556,.F.);
#270=ORIENTED_EDGE('',*,*,#557,.T.);
#271=ORIENTED_EDGE('',*,*,#553,.T.);
#272=ORIENTED_EDGE('',*,*,#557,.F.);
#273=ORIENTED_EDGE('',*,*,#558,.T.);
#274=ORIENTED_EDGE('',*,*,#552,.T.);
#275=ORIENTED_EDGE('',*,*,#558,.F.);
#276=ORIENTED_EDGE('',*,*,#559,.T.);
#277=ORIENTED_EDGE('',*,*,#555,.T.);
#278=ORIENTED_EDGE('',*,*,#559,.F.);
#279=ORIENTED_EDGE('',*,*,#491,.T.);
#280=ORIENTED_EDGE('',*,*,#483,.T.);
#281=ORIENTED_EDGE('',*,*,#466,.T.);
#282=ORIENTED_EDGE('',*,*,#487,.T.);
#283=ORIENTED_EDGE('',*,*,#521,.F.);
#284=ORIENTED_EDGE('',*,*,#485,.T.);
#285=ORIENTED_EDGE('',*,*,#492,.T.);
#286=ORIENTED_EDGE('',*,*,#489,.T.);
#287=ORIENTED_EDGE('',*,*,#481,.F.);
#288=ORIENTED_EDGE('',*,*,#473,.T.);
#289=ORIENTED_EDGE('',*,*,#462,.T.);
#290=ORIENTED_EDGE('',*,*,#477,.T.);
#291=ORIENTED_EDGE('',*,*,#522,.F.);
#292=ORIENTED_EDGE('',*,*,#475,.T.);
#293=ORIENTED_EDGE('',*,*,#482,.T.);
#294=ORIENTED_EDGE('',*,*,#479,.T.);
#295=ORIENTED_EDGE('',*,*,#518,.T.);
#296=ORIENTED_EDGE('',*,*,#560,.T.);
#297=ORIENTED_EDGE('',*,*,#561,.T.);
#298=ORIENTED_EDGE('',*,*,#562,.T.);
#299=ORIENTED_EDGE('',*,*,#561,.F.);
#300=ORIENTED_EDGE('',*,*,#563,.F.);
#301=ORIENTED_EDGE('',*,*,#564,.T.);
#302=ORIENTED_EDGE('',*,*,#565,.T.);
#303=ORIENTED_EDGE('',*,*,#562,.F.);
#304=ORIENTED_EDGE('',*,*,#565,.F.);
#305=ORIENTED_EDGE('',*,*,#566,.T.);
#306=ORIENTED_EDGE('',*,*,#451,.T.);
#307=ORIENTED_EDGE('',*,*,#446,.F.);
#308=ORIENTED_EDGE('',*,*,#470,.F.);
#309=ORIENTED_EDGE('',*,*,#453,.F.);
#310=ORIENTED_EDGE('',*,*,#567,.T.);
#311=ORIENTED_EDGE('',*,*,#563,.T.);
#312=ORIENTED_EDGE('',*,*,#560,.F.);
#313=ORIENTED_EDGE('',*,*,#564,.F.);
#314=ORIENTED_EDGE('',*,*,#567,.F.);
#315=ORIENTED_EDGE('',*,*,#452,.F.);
#316=ORIENTED_EDGE('',*,*,#566,.F.);
#317=ORIENTED_EDGE('',*,*,#519,.T.);
#318=ORIENTED_EDGE('',*,*,#568,.T.);
#319=ORIENTED_EDGE('',*,*,#569,.T.);
#320=ORIENTED_EDGE('',*,*,#570,.T.);
#321=ORIENTED_EDGE('',*,*,#569,.F.);
#322=ORIENTED_EDGE('',*,*,#571,.F.);
#323=ORIENTED_EDGE('',*,*,#572,.T.);
#324=ORIENTED_EDGE('',*,*,#573,.T.);
#325=ORIENTED_EDGE('',*,*,#570,.F.);
#326=ORIENTED_EDGE('',*,*,#573,.F.);
#327=ORIENTED_EDGE('',*,*,#574,.T.);
#328=ORIENTED_EDGE('',*,*,#448,.T.);
#329=ORIENTED_EDGE('',*,*,#440,.F.);
#330=ORIENTED_EDGE('',*,*,#444,.F.);
#331=ORIENTED_EDGE('',*,*,#450,.F.);
#332=ORIENTED_EDGE('',*,*,#575,.T.);
#333=ORIENTED_EDGE('',*,*,#571,.T.);
#334=ORIENTED_EDGE('',*,*,#568,.F.);
#335=ORIENTED_EDGE('',*,*,#572,.F.);
#336=ORIENTED_EDGE('',*,*,#575,.F.);
#337=ORIENTED_EDGE('',*,*,#449,.F.);
#338=ORIENTED_EDGE('',*,*,#574,.F.);
#339=ORIENTED_EDGE('',*,*,#576,.F.);
#340=ORIENTED_EDGE('',*,*,#429,.F.);
#341=ORIENTED_EDGE('',*,*,#577,.T.);
#342=ORIENTED_EDGE('',*,*,#578,.T.);
#343=ORIENTED_EDGE('',*,*,#579,.T.);
#344=ORIENTED_EDGE('',*,*,#578,.F.);
#345=ORIENTED_EDGE('',*,*,#580,.F.);
#346=ORIENTED_EDGE('',*,*,#581,.T.);
#347=ORIENTED_EDGE('',*,*,#582,.T.);
#348=ORIENTED_EDGE('',*,*,#581,.F.);
#349=ORIENTED_EDGE('',*,*,#583,.F.);
#350=ORIENTED_EDGE('',*,*,#584,.T.);
#351=ORIENTED_EDGE('',*,*,#585,.T.);
#352=ORIENTED_EDGE('',*,*,#584,.F.);
#353=ORIENTED_EDGE('',*,*,#586,.F.);
#354=ORIENTED_EDGE('',*,*,#587,.T.);
#355=ORIENTED_EDGE('',*,*,#588,.F.);
#356=ORIENTED_EDGE('',*,*,#587,.F.);
#357=ORIENTED_EDGE('',*,*,#589,.T.);
#358=ORIENTED_EDGE('',*,*,#431,.T.);
#359=ORIENTED_EDGE('',*,*,#577,.F.);
#360=ORIENTED_EDGE('',*,*,#428,.T.);
#361=ORIENTED_EDGE('',*,*,#589,.F.);
#362=ORIENTED_EDGE('',*,*,#586,.T.);
#363=ORIENTED_EDGE('',*,*,#583,.T.);
#364=ORIENTED_EDGE('',*,*,#580,.T.);
#365=ORIENTED_EDGE('',*,*,#576,.T.);
#366=ORIENTED_EDGE('',*,*,#579,.F.);
#367=ORIENTED_EDGE('',*,*,#582,.F.);
#368=ORIENTED_EDGE('',*,*,#585,.F.);
#369=ORIENTED_EDGE('',*,*,#588,.T.);
#370=ORIENTED_EDGE('',*,*,#430,.F.);
#371=ORIENTED_EDGE('',*,*,#590,.F.);
#372=ORIENTED_EDGE('',*,*,#437,.F.);
#373=ORIENTED_EDGE('',*,*,#591,.T.);
#374=ORIENTED_EDGE('',*,*,#592,.T.);
#375=ORIENTED_EDGE('',*,*,#593,.T.);
#376=ORIENTED_EDGE('',*,*,#592,.F.);
#377=ORIENTED_EDGE('',*,*,#594,.F.);
#378=ORIENTED_EDGE('',*,*,#595,.T.);
#379=ORIENTED_EDGE('',*,*,#596,.T.);
#380=ORIENTED_EDGE('',*,*,#595,.F.);
#381=ORIENTED_EDGE('',*,*,#597,.F.);
#382=ORIENTED_EDGE('',*,*,#598,.T.);
#383=ORIENTED_EDGE('',*,*,#599,.T.);
#384=ORIENTED_EDGE('',*,*,#598,.F.);
#385=ORIENTED_EDGE('',*,*,#600,.F.);
#386=ORIENTED_EDGE('',*,*,#601,.T.);
#387=ORIENTED_EDGE('',*,*,#602,.F.);
#388=ORIENTED_EDGE('',*,*,#601,.F.);
#389=ORIENTED_EDGE('',*,*,#603,.T.);
#390=ORIENTED_EDGE('',*,*,#439,.T.);
#391=ORIENTED_EDGE('',*,*,#591,.F.);
#392=ORIENTED_EDGE('',*,*,#436,.T.);
#393=ORIENTED_EDGE('',*,*,#603,.F.);
#394=ORIENTED_EDGE('',*,*,#600,.T.);
#395=ORIENTED_EDGE('',*,*,#597,.T.);
#396=ORIENTED_EDGE('',*,*,#594,.T.);
#397=ORIENTED_EDGE('',*,*,#590,.T.);
#398=ORIENTED_EDGE('',*,*,#593,.F.);
#399=ORIENTED_EDGE('',*,*,#596,.F.);
#400=ORIENTED_EDGE('',*,*,#599,.F.);
#401=ORIENTED_EDGE('',*,*,#602,.T.);
#402=ORIENTED_EDGE('',*,*,#438,.F.);
#403=ORIENTED_EDGE('',*,*,#532,.F.);
#404=ORIENTED_EDGE('',*,*,#604,.F.);
#405=ORIENTED_EDGE('',*,*,#605,.T.);
#406=ORIENTED_EDGE('',*,*,#606,.T.);
#407=ORIENTED_EDGE('',*,*,#533,.F.);
#408=ORIENTED_EDGE('',*,*,#606,.F.);
#409=ORIENTED_EDGE('',*,*,#607,.T.);
#410=ORIENTED_EDGE('',*,*,#608,.T.);
#411=ORIENTED_EDGE('',*,*,#534,.F.);
#412=ORIENTED_EDGE('',*,*,#608,.F.);
#413=ORIENTED_EDGE('',*,*,#609,.T.);
#414=ORIENTED_EDGE('',*,*,#610,.T.);
#415=ORIENTED_EDGE('',*,*,#535,.F.);
#416=ORIENTED_EDGE('',*,*,#610,.F.);
#417=ORIENTED_EDGE('',*,*,#611,.T.);
#418=ORIENTED_EDGE('',*,*,#612,.T.);
#419=ORIENTED_EDGE('',*,*,#531,.F.);
#420=ORIENTED_EDGE('',*,*,#612,.F.);
#421=ORIENTED_EDGE('',*,*,#613,.T.);
#422=ORIENTED_EDGE('',*,*,#604,.T.);
#423=ORIENTED_EDGE('',*,*,#605,.F.);
#424=ORIENTED_EDGE('',*,*,#613,.F.);
#425=ORIENTED_EDGE('',*,*,#611,.F.);
#426=ORIENTED_EDGE('',*,*,#609,.F.);
#427=ORIENTED_EDGE('',*,*,#607,.F.);
#428=EDGE_CURVE('',#614,#615,#738,.T.);
#429=EDGE_CURVE('',#614,#616,#739,.T.);
#430=EDGE_CURVE('',#616,#617,#740,.T.);
#431=EDGE_CURVE('',#615,#617,#741,.T.);
#432=EDGE_CURVE('',#618,#619,#742,.T.);
#433=EDGE_CURVE('',#620,#619,#743,.T.);
#434=EDGE_CURVE('',#621,#620,#744,.T.);
#435=EDGE_CURVE('',#621,#618,#745,.T.);
#436=EDGE_CURVE('',#622,#623,#746,.T.);
#437=EDGE_CURVE('',#622,#624,#747,.T.);
#438=EDGE_CURVE('',#624,#625,#748,.T.);
#439=EDGE_CURVE('',#623,#625,#749,.T.);
#440=EDGE_CURVE('',#626,#627,#750,.T.);
#441=EDGE_CURVE('',#628,#627,#751,.T.);
#442=EDGE_CURVE('',#629,#628,#752,.T.);
#443=EDGE_CURVE('',#629,#626,#753,.T.);
#444=EDGE_CURVE('',#630,#631,#754,.T.);
#445=EDGE_CURVE('',#631,#632,#755,.T.);
#446=EDGE_CURVE('',#632,#633,#756,.T.);
#447=EDGE_CURVE('',#630,#633,#757,.T.);
#448=EDGE_CURVE('',#634,#627,#758,.T.);
#449=EDGE_CURVE('',#634,#635,#759,.T.);
#450=EDGE_CURVE('',#635,#630,#760,.T.);
#451=EDGE_CURVE('',#636,#633,#761,.T.);
#452=EDGE_CURVE('',#636,#637,#762,.T.);
#453=EDGE_CURVE('',#637,#638,#763,.T.);
#454=EDGE_CURVE('',#638,#639,#764,.T.);
#455=EDGE_CURVE('',#639,#640,#765,.T.);
#456=EDGE_CURVE('',#641,#640,#766,.T.);
#457=EDGE_CURVE('',#642,#641,#767,.T.);
#458=EDGE_CURVE('',#642,#643,#768,.T.);
#459=EDGE_CURVE('',#643,#644,#769,.T.);
#460=EDGE_CURVE('',#645,#644,#770,.T.);
#461=EDGE_CURVE('',#646,#645,#771,.T.);
#462=EDGE_CURVE('',#647,#646,#772,.T.);
#463=EDGE_CURVE('',#647,#648,#773,.T.);
#464=EDGE_CURVE('',#649,#648,#774,.T.);
#465=EDGE_CURVE('',#650,#649,#775,.T.);
#466=EDGE_CURVE('',#651,#650,#776,.T.);
#467=EDGE_CURVE('',#651,#652,#777,.T.);
#468=EDGE_CURVE('',#653,#652,#778,.T.);
#469=EDGE_CURVE('',#653,#628,#779,.T.);
#470=EDGE_CURVE('',#638,#654,#780,.T.);
#471=EDGE_CURVE('',#654,#655,#781,.T.);
#472=EDGE_CURVE('',#655,#639,#782,.T.);
#473=EDGE_CURVE('',#656,#647,#783,.T.);
#474=EDGE_CURVE('',#656,#657,#784,.T.);
#475=EDGE_CURVE('',#658,#657,#785,.T.);
#476=EDGE_CURVE('',#658,#648,#786,.T.);
#477=EDGE_CURVE('',#646,#659,#787,.T.);
#478=EDGE_CURVE('',#645,#660,#788,.T.);
#479=EDGE_CURVE('',#661,#660,#789,.T.);
#480=EDGE_CURVE('',#659,#661,#790,.T.);
#481=EDGE_CURVE('',#656,#659,#791,.T.);
#482=EDGE_CURVE('',#657,#661,#792,.T.);
#483=EDGE_CURVE('',#662,#651,#793,.T.);
#484=EDGE_CURVE('',#662,#663,#794,.T.);
#485=EDGE_CURVE('',#664,#663,#795,.T.);
#486=EDGE_CURVE('',#664,#652,#796,.T.);
#487=EDGE_CURVE('',#650,#665,#797,.T.);
#488=EDGE_CURVE('',#649,#666,#798,.T.);
#489=EDGE_CURVE('',#667,#666,#799,.T.);
#490=EDGE_CURVE('',#665,#667,#800,.T.);
#491=EDGE_CURVE('',#665,#662,#801,.T.);
#492=EDGE_CURVE('',#663,#667,#802,.T.);
#493=EDGE_CURVE('',#668,#664,#803,.T.);
#494=EDGE_CURVE('',#653,#668,#804,.T.);
#495=EDGE_CURVE('',#666,#658,#805,.T.);
#496=EDGE_CURVE('',#619,#669,#806,.T.);
#497=EDGE_CURVE('',#670,#669,#807,.T.);
#498=EDGE_CURVE('',#620,#670,#808,.T.);
#499=EDGE_CURVE('',#671,#672,#809,.T.);
#500=EDGE_CURVE('',#672,#673,#810,.T.);
#501=EDGE_CURVE('',#673,#674,#811,.T.);
#502=EDGE_CURVE('',#674,#671,#812,.T.);
#503=EDGE_CURVE('',#675,#676,#813,.T.);
#504=EDGE_CURVE('',#676,#677,#814,.T.);
#505=EDGE_CURVE('',#677,#678,#815,.T.);
#506=EDGE_CURVE('',#678,#675,#816,.T.);
#507=EDGE_CURVE('',#669,#679,#817,.T.);
#508=EDGE_CURVE('',#680,#679,#818,.T.);
#509=EDGE_CURVE('',#670,#680,#819,.T.);
#510=EDGE_CURVE('',#679,#681,#820,.T.);
#511=EDGE_CURVE('',#682,#681,#821,.T.);
#512=EDGE_CURVE('',#680,#682,#822,.T.);
#513=EDGE_CURVE('',#681,#643,#20,.T.);
#514=EDGE_CURVE('',#682,#642,#21,.T.);
#515=EDGE_CURVE('',#660,#683,#823,.T.);
#516=EDGE_CURVE('',#644,#683,#824,.T.);
#517=EDGE_CURVE('',#683,#655,#825,.T.);
#518=EDGE_CURVE('',#632,#654,#826,.T.);
#519=EDGE_CURVE('',#626,#631,#827,.T.);
#520=EDGE_CURVE('',#668,#629,#828,.T.);
#521=EDGE_CURVE('',#664,#666,#829,.T.);
#522=EDGE_CURVE('',#658,#660,#830,.T.);
#523=EDGE_CURVE('',#640,#684,#22,.T.);
#524=EDGE_CURVE('',#685,#684,#831,.T.);
#525=EDGE_CURVE('',#641,#685,#23,.T.);
#526=EDGE_CURVE('',#684,#686,#832,.T.);
#527=EDGE_CURVE('',#687,#686,#833,.T.);
#528=EDGE_CURVE('',#685,#687,#834,.T.);
#529=EDGE_CURVE('',#686,#618,#24,.T.);
#530=EDGE_CURVE('',#687,#621,#25,.T.);
#531=EDGE_CURVE('',#688,#689,#26,.T.);
#532=EDGE_CURVE('',#689,#690,#835,.T.);
#533=EDGE_CURVE('',#690,#691,#836,.T.);
#534=EDGE_CURVE('',#691,#692,#837,.T.);
#535=EDGE_CURVE('',#692,#688,#838,.T.);
#536=EDGE_CURVE('',#693,#676,#839,.T.);
#537=EDGE_CURVE('',#693,#694,#840,.T.);
#538=EDGE_CURVE('',#694,#677,#841,.T.);
#539=EDGE_CURVE('',#694,#695,#842,.T.);
#540=EDGE_CURVE('',#695,#678,#843,.T.);
#541=EDGE_CURVE('',#695,#696,#844,.T.);
#542=EDGE_CURVE('',#696,#675,#845,.T.);
#543=EDGE_CURVE('',#696,#693,#846,.T.);
#544=EDGE_CURVE('',#697,#672,#847,.T.);
#545=EDGE_CURVE('',#697,#698,#848,.T.);
#546=EDGE_CURVE('',#698,#673,#849,.T.);
#547=EDGE_CURVE('',#698,#699,#850,.T.);
#548=EDGE_CURVE('',#699,#674,#851,.T.);
#549=EDGE_CURVE('',#699,#700,#852,.T.);
#550=EDGE_CURVE('',#700,#671,#853,.T.);
#551=EDGE_CURVE('',#700,#697,#854,.T.);
#552=EDGE_CURVE('',#701,#701,#27,.T.);
#553=EDGE_CURVE('',#702,#702,#28,.T.);
#554=EDGE_CURVE('',#703,#703,#29,.T.);
#555=EDGE_CURVE('',#704,#704,#30,.T.);
#556=EDGE_CURVE('',#705,#705,#31,.T.);
#557=EDGE_CURVE('',#706,#706,#32,.T.);
#558=EDGE_CURVE('',#707,#707,#33,.T.);
#559=EDGE_CURVE('',#708,#708,#34,.T.);
#560=EDGE_CURVE('',#654,#709,#855,.T.);
#561=EDGE_CURVE('',#709,#710,#856,.T.);
#562=EDGE_CURVE('',#710,#632,#857,.T.);
#563=EDGE_CURVE('',#711,#709,#858,.T.);
#564=EDGE_CURVE('',#711,#712,#859,.T.);
#565=EDGE_CURVE('',#712,#710,#860,.T.);
#566=EDGE_CURVE('',#712,#636,#861,.T.);
#567=EDGE_CURVE('',#637,#711,#862,.T.);
#568=EDGE_CURVE('',#631,#713,#863,.T.);
#569=EDGE_CURVE('',#713,#714,#864,.T.);
#570=EDGE_CURVE('',#714,#626,#865,.T.);
#571=EDGE_CURVE('',#715,#713,#866,.T.);
#572=EDGE_CURVE('',#715,#716,#867,.T.);
#573=EDGE_CURVE('',#716,#714,#868,.T.);
#574=EDGE_CURVE('',#716,#634,#869,.T.);
#575=EDGE_CURVE('',#635,#715,#870,.T.);
#576=EDGE_CURVE('',#616,#717,#35,.T.);
#577=EDGE_CURVE('',#614,#718,#36,.T.);
#578=EDGE_CURVE('',#718,#717,#871,.T.);
#579=EDGE_CURVE('',#719,#717,#872,.T.);
#580=EDGE_CURVE('',#720,#718,#873,.T.);
#581=EDGE_CURVE('',#720,#719,#874,.T.);
#582=EDGE_CURVE('',#721,#719,#875,.T.);
#583=EDGE_CURVE('',#722,#720,#876,.T.);
#584=EDGE_CURVE('',#722,#721,#877,.T.);
#585=EDGE_CURVE('',#723,#721,#878,.T.);
#586=EDGE_CURVE('',#724,#722,#879,.T.);
#587=EDGE_CURVE('',#724,#723,#880,.T.);
#588=EDGE_CURVE('',#723,#617,#37,.T.);
#589=EDGE_CURVE('',#724,#615,#38,.T.);
#590=EDGE_CURVE('',#624,#725,#39,.T.);
#591=EDGE_CURVE('',#622,#726,#40,.T.);
#592=EDGE_CURVE('',#726,#725,#881,.T.);
#593=EDGE_CURVE('',#727,#725,#882,.T.);
#594=EDGE_CURVE('',#728,#726,#883,.T.);
#595=EDGE_CURVE('',#728,#727,#884,.T.);
#596=EDGE_CURVE('',#729,#727,#885,.T.);
#597=EDGE_CURVE('',#730,#728,#886,.T.);
#598=EDGE_CURVE('',#730,#729,#887,.T.);
#599=EDGE_CURVE('',#731,#729,#888,.T.);
#600=EDGE_CURVE('',#732,#730,#889,.T.);
#601=EDGE_CURVE('',#732,#731,#890,.T.);
#602=EDGE_CURVE('',#731,#625,#41,.T.);
#603=EDGE_CURVE('',#732,#623,#42,.T.);
#604=EDGE_CURVE('',#733,#689,#891,.T.);
#605=EDGE_CURVE('',#733,#734,#892,.T.);
#606=EDGE_CURVE('',#734,#690,#893,.T.);
#607=EDGE_CURVE('',#734,#735,#894,.T.);
#608=EDGE_CURVE('',#735,#691,#895,.T.);
#609=EDGE_CURVE('',#735,#736,#896,.T.);
#610=EDGE_CURVE('',#736,#692,#897,.T.);
#611=EDGE_CURVE('',#736,#737,#898,.T.);
#612=EDGE_CURVE('',#737,#688,#899,.T.);
#613=EDGE_CURVE('',#737,#733,#43,.T.);
#614=VERTEX_POINT('',#2400);
#615=VERTEX_POINT('',#2401);
#616=VERTEX_POINT('',#2403);
#617=VERTEX_POINT('',#2405);
#618=VERTEX_POINT('',#2408);
#619=VERTEX_POINT('',#2409);
#620=VERTEX_POINT('',#2411);
#621=VERTEX_POINT('',#2413);
#622=VERTEX_POINT('',#2416);
#623=VERTEX_POINT('',#2417);
#624=VERTEX_POINT('',#2419);
#625=VERTEX_POINT('',#2421);
#626=VERTEX_POINT('',#2425);
#627=VERTEX_POINT('',#2426);
#628=VERTEX_POINT('',#2428);
#629=VERTEX_POINT('',#2430);
#630=VERTEX_POINT('',#2434);
#631=VERTEX_POINT('',#2435);
#632=VERTEX_POINT('',#2437);
#633=VERTEX_POINT('',#2439);
#634=VERTEX_POINT('',#2443);
#635=VERTEX_POINT('',#2445);
#636=VERTEX_POINT('',#2448);
#637=VERTEX_POINT('',#2450);
#638=VERTEX_POINT('',#2452);
#639=VERTEX_POINT('',#2454);
#640=VERTEX_POINT('',#2456);
#641=VERTEX_POINT('',#2458);
#642=VERTEX_POINT('',#2460);
#643=VERTEX_POINT('',#2462);
#644=VERTEX_POINT('',#2464);
#645=VERTEX_POINT('',#2466);
#646=VERTEX_POINT('',#2468);
#647=VERTEX_POINT('',#2470);
#648=VERTEX_POINT('',#2472);
#649=VERTEX_POINT('',#2474);
#650=VERTEX_POINT('',#2476);
#651=VERTEX_POINT('',#2478);
#652=VERTEX_POINT('',#2480);
#653=VERTEX_POINT('',#2482);
#654=VERTEX_POINT('',#2486);
#655=VERTEX_POINT('',#2488);
#656=VERTEX_POINT('',#2492);
#657=VERTEX_POINT('',#2494);
#658=VERTEX_POINT('',#2496);
#659=VERTEX_POINT('',#2500);
#660=VERTEX_POINT('',#2502);
#661=VERTEX_POINT('',#2504);
#662=VERTEX_POINT('',#2511);
#663=VERTEX_POINT('',#2513);
#664=VERTEX_POINT('',#2515);
#665=VERTEX_POINT('',#2519);
#666=VERTEX_POINT('',#2521);
#667=VERTEX_POINT('',#2523);
#668=VERTEX_POINT('',#2530);
#669=VERTEX_POINT('',#2536);
#670=VERTEX_POINT('',#2538);
#671=VERTEX_POINT('',#2542);
#672=VERTEX_POINT('',#2543);
#673=VERTEX_POINT('',#2545);
#674=VERTEX_POINT('',#2547);
#675=VERTEX_POINT('',#2550);
#676=VERTEX_POINT('',#2551);
#677=VERTEX_POINT('',#2553);
#678=VERTEX_POINT('',#2555);
#679=VERTEX_POINT('',#2558);
#680=VERTEX_POINT('',#2560);
#681=VERTEX_POINT('',#2564);
#682=VERTEX_POINT('',#2566);
#683=VERTEX_POINT('',#2573);
#684=VERTEX_POINT('',#2584);
#685=VERTEX_POINT('',#2586);
#686=VERTEX_POINT('',#2590);
#687=VERTEX_POINT('',#2592);
#688=VERTEX_POINT('',#2599);
#689=VERTEX_POINT('',#2600);
#690=VERTEX_POINT('',#2602);
#691=VERTEX_POINT('',#2604);
#692=VERTEX_POINT('',#2606);
#693=VERTEX_POINT('',#2610);
#694=VERTEX_POINT('',#2612);
#695=VERTEX_POINT('',#2616);
#696=VERTEX_POINT('',#2620);
#697=VERTEX_POINT('',#2627);
#698=VERTEX_POINT('',#2629);
#699=VERTEX_POINT('',#2633);
#700=VERTEX_POINT('',#2637);
#701=VERTEX_POINT('',#2644);
#702=VERTEX_POINT('',#2646);
#703=VERTEX_POINT('',#2648);
#704=VERTEX_POINT('',#2650);
#705=VERTEX_POINT('',#2654);
#706=VERTEX_POINT('',#2658);
#707=VERTEX_POINT('',#2662);
#708=VERTEX_POINT('',#2666);
#709=VERTEX_POINT('',#2674);
#710=VERTEX_POINT('',#2676);
#711=VERTEX_POINT('',#2680);
#712=VERTEX_POINT('',#2682);
#713=VERTEX_POINT('',#2691);
#714=VERTEX_POINT('',#2693);
#715=VERTEX_POINT('',#2697);
#716=VERTEX_POINT('',#2699);
#717=VERTEX_POINT('',#2708);
#718=VERTEX_POINT('',#2710);
#719=VERTEX_POINT('',#2714);
#720=VERTEX_POINT('',#2716);
#721=VERTEX_POINT('',#2720);
#722=VERTEX_POINT('',#2722);
#723=VERTEX_POINT('',#2726);
#724=VERTEX_POINT('',#2728);
#725=VERTEX_POINT('',#2737);
#726=VERTEX_POINT('',#2739);
#727=VERTEX_POINT('',#2743);
#728=VERTEX_POINT('',#2745);
#729=VERTEX_POINT('',#2749);
#730=VERTEX_POINT('',#2751);
#731=VERTEX_POINT('',#2755);
#732=VERTEX_POINT('',#2757);
#733=VERTEX_POINT('',#2766);
#734=VERTEX_POINT('',#2768);
#735=VERTEX_POINT('',#2772);
#736=VERTEX_POINT('',#2776);
#737=VERTEX_POINT('',#2780);
#738=LINE('',#2399,#900);
#739=LINE('',#2402,#901);
#740=LINE('',#2404,#902);
#741=LINE('',#2406,#903);
#742=LINE('',#2407,#904);
#743=LINE('',#2410,#905);
#744=LINE('',#2412,#906);
#745=LINE('',#2414,#907);
#746=LINE('',#2415,#908);
#747=LINE('',#2418,#909);
#748=LINE('',#2420,#910);
#749=LINE('',#2422,#911);
#750=LINE('',#2424,#912);
#751=LINE('',#2427,#913);
#752=LINE('',#2429,#914);
#753=LINE('',#2431,#915);
#754=LINE('',#2433,#916);
#755=LINE('',#2436,#917);
#756=LINE('',#2438,#918);
#757=LINE('',#2440,#919);
#758=LINE('',#2442,#920);
#759=LINE('',#2444,#921);
#760=LINE('',#2446,#922);
#761=LINE('',#2447,#923);
#762=LINE('',#2449,#924);
#763=LINE('',#2451,#925);
#764=LINE('',#2453,#926);
#765=LINE('',#2455,#927);
#766=LINE('',#2457,#928);
#767=LINE('',#2459,#929);
#768=LINE('',#2461,#930);
#769=LINE('',#2463,#931);
#770=LINE('',#2465,#932);
#771=LINE('',#2467,#933);
#772=LINE('',#2469,#934);
#773=LINE('',#2471,#935);
#774=LINE('',#2473,#936);
#775=LINE('',#2475,#937);
#776=LINE('',#2477,#938);
#777=LINE('',#2479,#939);
#778=LINE('',#2481,#940);
#779=LINE('',#2483,#941);
#780=LINE('',#2485,#942);
#781=LINE('',#2487,#943);
#782=LINE('',#2489,#944);
#783=LINE('',#2491,#945);
#784=LINE('',#2493,#946);
#785=LINE('',#2495,#947);
#786=LINE('',#2497,#948);
#787=LINE('',#2499,#949);
#788=LINE('',#2501,#950);
#789=LINE('',#2503,#951);
#790=LINE('',#2505,#952);
#791=LINE('',#2507,#953);
#792=LINE('',#2508,#954);
#793=LINE('',#2510,#955);
#794=LINE('',#2512,#956);
#795=LINE('',#2514,#957);
#796=LINE('',#2516,#958);
#797=LINE('',#2518,#959);
#798=LINE('',#2520,#960);
#799=LINE('',#2522,#961);
#800=LINE('',#2524,#962);
#801=LINE('',#2526,#963);
#802=LINE('',#2527,#964);
#803=LINE('',#2529,#965);
#804=LINE('',#2531,#966);
#805=LINE('',#2533,#967);
#806=LINE('',#2535,#968);
#807=LINE('',#2537,#969);
#808=LINE('',#2539,#970);
#809=LINE('',#2541,#971);
#810=LINE('',#2544,#972);
#811=LINE('',#2546,#973);
#812=LINE('',#2548,#974);
#813=LINE('',#2549,#975);
#814=LINE('',#2552,#976);
#815=LINE('',#2554,#977);
#816=LINE('',#2556,#978);
#817=LINE('',#2557,#979);
#818=LINE('',#2559,#980);
#819=LINE('',#2561,#981);
#820=LINE('',#2563,#982);
#821=LINE('',#2565,#983);
#822=LINE('',#2567,#984);
#823=LINE('',#2572,#985);
#824=LINE('',#2574,#986);
#825=LINE('',#2576,#987);
#826=LINE('',#2577,#988);
#827=LINE('',#2578,#989);
#828=LINE('',#2579,#990);
#829=LINE('',#2580,#991);
#830=LINE('',#2581,#992);
#831=LINE('',#2585,#993);
#832=LINE('',#2589,#994);
#833=LINE('',#2591,#995);
#834=LINE('',#2593,#996);
#835=LINE('',#2601,#997);
#836=LINE('',#2603,#998);
#837=LINE('',#2605,#999);
#838=LINE('',#2607,#1000);
#839=LINE('',#2609,#1001);
#840=LINE('',#2611,#1002);
#841=LINE('',#2613,#1003);
#842=LINE('',#2615,#1004);
#843=LINE('',#2617,#1005);
#844=LINE('',#2619,#1006);
#845=LINE('',#2621,#1007);
#846=LINE('',#2623,#1008);
#847=LINE('',#2626,#1009);
#848=LINE('',#2628,#1010);
#849=LINE('',#2630,#1011);
#850=LINE('',#2632,#1012);
#851=LINE('',#2634,#1013);
#852=LINE('',#2636,#1014);
#853=LINE('',#2638,#1015);
#854=LINE('',#2640,#1016);
#855=LINE('',#2673,#1017);
#856=LINE('',#2675,#1018);
#857=LINE('',#2677,#1019);
#858=LINE('',#2679,#1020);
#859=LINE('',#2681,#1021);
#860=LINE('',#2683,#1022);
#861=LINE('',#2685,#1023);
#862=LINE('',#2687,#1024);
#863=LINE('',#2690,#1025);
#864=LINE('',#2692,#1026);
#865=LINE('',#2694,#1027);
#866=LINE('',#2696,#1028);
#867=LINE('',#2698,#1029);
#868=LINE('',#2700,#1030);
#869=LINE('',#2702,#1031);
#870=LINE('',#2704,#1032);
#871=LINE('',#2711,#1033);
#872=LINE('',#2713,#1034);
#873=LINE('',#2715,#1035);
#874=LINE('',#2717,#1036);
#875=LINE('',#2719,#1037);
#876=LINE('',#2721,#1038);
#877=LINE('',#2723,#1039);
#878=LINE('',#2725,#1040);
#879=LINE('',#2727,#1041);
#880=LINE('',#2729,#1042);
#881=LINE('',#2740,#1043);
#882=LINE('',#2742,#1044);
#883=LINE('',#2744,#1045);
#884=LINE('',#2746,#1046);
#885=LINE('',#2748,#1047);
#886=LINE('',#2750,#1048);
#887=LINE('',#2752,#1049);
#888=LINE('',#2754,#1050);
#889=LINE('',#2756,#1051);
#890=LINE('',#2758,#1052);
#891=LINE('',#2765,#1053);
#892=LINE('',#2767,#1054);
#893=LINE('',#2769,#1055);
#894=LINE('',#2771,#1056);
#895=LINE('',#2773,#1057);
#896=LINE('',#2775,#1058);
#897=LINE('',#2777,#1059);
#898=LINE('',#2779,#1060);
#899=LINE('',#2781,#1061);
#900=VECTOR('',#2035,1000.);
#901=VECTOR('',#2036,1000.);
#902=VECTOR('',#2037,1000.);
#903=VECTOR('',#2038,1000.);
#904=VECTOR('',#2039,1000.);
#905=VECTOR('',#2040,1000.);
#906=VECTOR('',#2041,1000.);
#907=VECTOR('',#2042,1000.);
#908=VECTOR('',#2043,1000.);
#909=VECTOR('',#2044,1000.);
#910=VECTOR('',#2045,1000.);
#911=VECTOR('',#2046,1000.);
#912=VECTOR('',#2049,1000.);
#913=VECTOR('',#2050,1000.);
#914=VECTOR('',#2051,1000.);
#915=VECTOR('',#2052,1000.);
#916=VECTOR('',#2055,1000.);
#917=VECTOR('',#2056,1000.);
#918=VECTOR('',#2057,1000.);
#919=VECTOR('',#2058,1000.);
#920=VECTOR('',#2061,1000.);
#921=VECTOR('',#2062,1000.);
#922=VECTOR('',#2063,1000.);
#923=VECTOR('',#2064,1000.);
#924=VECTOR('',#2065,1000.);
#925=VECTOR('',#2066,1000.);
#926=VECTOR('',#2067,1000.);
#927=VECTOR('',#2068,1000.);
#928=VECTOR('',#2069,1000.);
#929=VECTOR('',#2070,1000.);
#930=VECTOR('',#2071,1000.);
#931=VECTOR('',#2072,1000.);
#932=VECTOR('',#2073,1000.);
#933=VECTOR('',#2074,1000.);
#934=VECTOR('',#2075,1000.);
#935=VECTOR('',#2076,1000.);
#936=VECTOR('',#2077,1000.);
#937=VECTOR('',#2078,1000.);
#938=VECTOR('',#2079,1000.);
#939=VECTOR('',#2080,1000.);
#940=VECTOR('',#2081,1000.);
#941=VECTOR('',#2082,1000.);
#942=VECTOR('',#2085,1000.);
#943=VECTOR('',#2086,1000.);
#944=VECTOR('',#2087,1000.);
#945=VECTOR('',#2090,1000.);
#946=VECTOR('',#2091,1000.);
#947=VECTOR('',#2092,1000.);
#948=VECTOR('',#2093,1000.);
#949=VECTOR('',#2096,1000.);
#950=VECTOR('',#2097,1000.);
#951=VECTOR('',#2098,1000.);
#952=VECTOR('',#2099,1000.);
#953=VECTOR('',#2102,1000.);
#954=VECTOR('',#2103,1000.);
#955=VECTOR('',#2106,1000.);
#956=VECTOR('',#2107,1000.);
#957=VECTOR('',#2108,1000.);
#958=VECTOR('',#2109,1000.);
#959=VECTOR('',#2112,1000.);
#960=VECTOR('',#2113,1000.);
#961=VECTOR('',#2114,1000.);
#962=VECTOR('',#2115,1000.);
#963=VECTOR('',#2118,1000.);
#964=VECTOR('',#2119,1000.);
#965=VECTOR('',#2122,1000.);
#966=VECTOR('',#2123,1000.);
#967=VECTOR('',#2126,1000.);
#968=VECTOR('',#2129,1000.);
#969=VECTOR('',#2130,1000.);
#970=VECTOR('',#2131,1000.);
#971=VECTOR('',#2134,1000.);
#972=VECTOR('',#2135,1000.);
#973=VECTOR('',#2136,1000.);
#974=VECTOR('',#2137,1000.);
#975=VECTOR('',#2138,1000.);
#976=VECTOR('',#2139,1000.);
#977=VECTOR('',#2140,1000.);
#978=VECTOR('',#2141,1000.);
#979=VECTOR('',#2142,1000.);
#980=VECTOR('',#2143,1000.);
#981=VECTOR('',#2144,1000.);
#982=VECTOR('',#2147,1000.);
#983=VECTOR('',#2148,1000.);
#984=VECTOR('',#2149,1000.);
#985=VECTOR('',#2158,1000.);
#986=VECTOR('',#2159,1000.);
#987=VECTOR('',#2162,1000.);
#988=VECTOR('',#2163,1000.);
#989=VECTOR('',#2164,1000.);
#990=VECTOR('',#2165,1000.);
#991=VECTOR('',#2166,1000.);
#992=VECTOR('',#2167,1000.);
#993=VECTOR('',#2172,1000.);
#994=VECTOR('',#2177,1000.);
#995=VECTOR('',#2178,1000.);
#996=VECTOR('',#2179,1000.);
#997=VECTOR('',#2190,1000.);
#998=VECTOR('',#2191,1000.);
#999=VECTOR('',#2192,1000.);
#1000=VECTOR('',#2193,1000.);
#1001=VECTOR('',#2196,1000.);
#1002=VECTOR('',#2197,1000.);
#1003=VECTOR('',#2198,1000.);
#1004=VECTOR('',#2201,1000.);
#1005=VECTOR('',#2202,1000.);
#1006=VECTOR('',#2205,1000.);
#1007=VECTOR('',#2206,1000.);
#1008=VECTOR('',#2209,1000.);
#1009=VECTOR('',#2214,1000.);
#1010=VECTOR('',#2215,1000.);
#1011=VECTOR('',#2216,1000.);
#1012=VECTOR('',#2219,1000.);
#1013=VECTOR('',#2220,1000.);
#1014=VECTOR('',#2223,1000.);
#1015=VECTOR('',#2224,1000.);
#1016=VECTOR('',#2227,1000.);
#1017=VECTOR('',#2276,1000.);
#1018=VECTOR('',#2277,1000.);
#1019=VECTOR('',#2278,1000.);
#1020=VECTOR('',#2281,1000.);
#1021=VECTOR('',#2282,1000.);
#1022=VECTOR('',#2283,1000.);
#1023=VECTOR('',#2286,1000.);
#1024=VECTOR('',#2289,1000.);
#1025=VECTOR('',#2294,1000.);
#1026=VECTOR('',#2295,1000.);
#1027=VECTOR('',#2296,1000.);
#1028=VECTOR('',#2299,1000.);
#1029=VECTOR('',#2300,1000.);
#1030=VECTOR('',#2301,1000.);
#1031=VECTOR('',#2304,1000.);
#1032=VECTOR('',#2307,1000.);
#1033=VECTOR('',#2316,1000.);
#1034=VECTOR('',#2319,1000.);
#1035=VECTOR('',#2320,1000.);
#1036=VECTOR('',#2321,1000.);
#1037=VECTOR('',#2324,1000.);
#1038=VECTOR('',#2325,1000.);
#1039=VECTOR('',#2326,1000.);
#1040=VECTOR('',#2329,1000.);
#1041=VECTOR('',#2330,1000.);
#1042=VECTOR('',#2331,1000.);
#1043=VECTOR('',#2348,1000.);
#1044=VECTOR('',#2351,1000.);
#1045=VECTOR('',#2352,1000.);
#1046=VECTOR('',#2353,1000.);
#1047=VECTOR('',#2356,1000.);
#1048=VECTOR('',#2357,1000.);
#1049=VECTOR('',#2358,1000.);
#1050=VECTOR('',#2361,1000.);
#1051=VECTOR('',#2362,1000.);
#1052=VECTOR('',#2363,1000.);
#1053=VECTOR('',#2376,1000.);
#1054=VECTOR('',#2377,1000.);
#1055=VECTOR('',#2378,1000.);
#1056=VECTOR('',#2381,1000.);
#1057=VECTOR('',#2382,1000.);
#1058=VECTOR('',#2385,1000.);
#1059=VECTOR('',#2386,1000.);
#1060=VECTOR('',#2389,1000.);
#1061=VECTOR('',#2390,1000.);
#1062=EDGE_LOOP('',(#56,#57,#58,#59));
#1063=EDGE_LOOP('',(#60,#61,#62,#63));
#1064=EDGE_LOOP('',(#64,#65,#66,#67));
#1065=EDGE_LOOP('',(#68,#69,#70,#71));
#1066=EDGE_LOOP('',(#72,#73,#74,#75));
#1067=EDGE_LOOP('',(#76,#77,#78,#79,#80,#81,#82,#83,#84,#85,#86,#87,#88,
#89,#90,#91,#92,#93,#94,#95,#96,#97,#98,#99));
#1068=EDGE_LOOP('',(#100,#101,#102,#103));
#1069=EDGE_LOOP('',(#104,#105,#106,#107,#108));
#1070=EDGE_LOOP('',(#109,#110,#111,#112,#113));
#1071=EDGE_LOOP('',(#114,#115,#116,#117));
#1072=EDGE_LOOP('',(#118,#119,#120,#121,#122));
#1073=EDGE_LOOP('',(#123,#124,#125,#126,#127));
#1074=EDGE_LOOP('',(#128,#129,#130,#131));
#1075=EDGE_LOOP('',(#132,#133,#134,#135));
#1076=EDGE_LOOP('',(#136,#137,#138,#139));
#1077=EDGE_LOOP('',(#140,#141,#142,#143));
#1078=EDGE_LOOP('',(#144,#145,#146,#147));
#1079=EDGE_LOOP('',(#148,#149,#150,#151));
#1080=EDGE_LOOP('',(#152,#153,#154,#155));
#1081=EDGE_LOOP('',(#156,#157,#158,#159));
#1082=EDGE_LOOP('',(#160,#161,#162,#163));
#1083=EDGE_LOOP('',(#164,#165,#166,#167));
#1084=EDGE_LOOP('',(#168,#169,#170,#171,#172,#173,#174,#175,#176,#177,#178,
#179));
#1085=EDGE_LOOP('',(#180,#181,#182,#183));
#1086=EDGE_LOOP('',(#184,#185,#186,#187));
#1087=EDGE_LOOP('',(#188,#189,#190,#191));
#1088=EDGE_LOOP('',(#192,#193,#194,#195,#196));
#1089=EDGE_LOOP('',(#197,#198,#199,#200,#201,#202,#203,#204,#205,#206,#207,
#208,#209));
#1090=EDGE_LOOP('',(#210,#211,#212,#213));
#1091=EDGE_LOOP('',(#214,#215,#216,#217));
#1092=EDGE_LOOP('',(#218,#219,#220,#221));
#1093=EDGE_LOOP('',(#222,#223,#224,#225));
#1094=EDGE_LOOP('',(#226,#227,#228,#229));
#1095=EDGE_LOOP('',(#230,#231,#232,#233));
#1096=EDGE_LOOP('',(#234,#235,#236,#237));
#1097=EDGE_LOOP('',(#238,#239,#240,#241));
#1098=EDGE_LOOP('',(#242,#243,#244,#245));
#1099=EDGE_LOOP('',(#246,#247,#248,#249));
#1100=EDGE_LOOP('',(#250));
#1101=EDGE_LOOP('',(#251));
#1102=EDGE_LOOP('',(#252));
#1103=EDGE_LOOP('',(#253));
#1104=EDGE_LOOP('',(#254,#255,#256,#257,#258,#259,#260,#261,#262));
#1105=EDGE_LOOP('',(#263,#264,#265,#266));
#1106=EDGE_LOOP('',(#267));
#1107=EDGE_LOOP('',(#268));
#1108=EDGE_LOOP('',(#269));
#1109=EDGE_LOOP('',(#270));
#1110=EDGE_LOOP('',(#271));
#1111=EDGE_LOOP('',(#272));
#1112=EDGE_LOOP('',(#273));
#1113=EDGE_LOOP('',(#274));
#1114=EDGE_LOOP('',(#275));
#1115=EDGE_LOOP('',(#276));
#1116=EDGE_LOOP('',(#277));
#1117=EDGE_LOOP('',(#278));
#1118=EDGE_LOOP('',(#279,#280,#281,#282));
#1119=EDGE_LOOP('',(#283,#284,#285,#286));
#1120=EDGE_LOOP('',(#287,#288,#289,#290));
#1121=EDGE_LOOP('',(#291,#292,#293,#294));
#1122=EDGE_LOOP('',(#295,#296,#297,#298));
#1123=EDGE_LOOP('',(#299,#300,#301,#302));
#1124=EDGE_LOOP('',(#303,#304,#305,#306,#307));
#1125=EDGE_LOOP('',(#308,#309,#310,#311,#312));
#1126=EDGE_LOOP('',(#313,#314,#315,#316));
#1127=EDGE_LOOP('',(#317,#318,#319,#320));
#1128=EDGE_LOOP('',(#321,#322,#323,#324));
#1129=EDGE_LOOP('',(#325,#326,#327,#328,#329));
#1130=EDGE_LOOP('',(#330,#331,#332,#333,#334));
#1131=EDGE_LOOP('',(#335,#336,#337,#338));
#1132=EDGE_LOOP('',(#339,#340,#341,#342));
#1133=EDGE_LOOP('',(#343,#344,#345,#346));
#1134=EDGE_LOOP('',(#347,#348,#349,#350));
#1135=EDGE_LOOP('',(#351,#352,#353,#354));
#1136=EDGE_LOOP('',(#355,#356,#357,#358));
#1137=EDGE_LOOP('',(#359,#360,#361,#362,#363,#364));
#1138=EDGE_LOOP('',(#365,#366,#367,#368,#369,#370));
#1139=EDGE_LOOP('',(#371,#372,#373,#374));
#1140=EDGE_LOOP('',(#375,#376,#377,#378));
#1141=EDGE_LOOP('',(#379,#380,#381,#382));
#1142=EDGE_LOOP('',(#383,#384,#385,#386));
#1143=EDGE_LOOP('',(#387,#388,#389,#390));
#1144=EDGE_LOOP('',(#391,#392,#393,#394,#395,#396));
#1145=EDGE_LOOP('',(#397,#398,#399,#400,#401,#402));
#1146=EDGE_LOOP('',(#403,#404,#405,#406));
#1147=EDGE_LOOP('',(#407,#408,#409,#410));
#1148=EDGE_LOOP('',(#411,#412,#413,#414));
#1149=EDGE_LOOP('',(#415,#416,#417,#418));
#1150=EDGE_LOOP('',(#419,#420,#421,#422));
#1151=EDGE_LOOP('',(#423,#424,#425,#426,#427));
#1152=FACE_BOUND('',#1062,.T.);
#1153=FACE_BOUND('',#1063,.T.);
#1154=FACE_BOUND('',#1064,.T.);
#1155=FACE_BOUND('',#1065,.T.);
#1156=FACE_BOUND('',#1066,.T.);
#1157=FACE_BOUND('',#1067,.T.);
#1158=FACE_BOUND('',#1068,.T.);
#1159=FACE_BOUND('',#1069,.T.);
#1160=FACE_BOUND('',#1070,.T.);
#1161=FACE_BOUND('',#1071,.T.);
#1162=FACE_BOUND('',#1072,.T.);
#1163=FACE_BOUND('',#1073,.T.);
#1164=FACE_BOUND('',#1074,.T.);
#1165=FACE_BOUND('',#1075,.T.);
#1166=FACE_BOUND('',#1076,.T.);
#1167=FACE_BOUND('',#1077,.T.);
#1168=FACE_BOUND('',#1078,.T.);
#1169=FACE_BOUND('',#1079,.T.);
#1170=FACE_BOUND('',#1080,.T.);
#1171=FACE_BOUND('',#1081,.T.);
#1172=FACE_BOUND('',#1082,.T.);
#1173=FACE_BOUND('',#1083,.T.);
#1174=FACE_BOUND('',#1084,.T.);
#1175=FACE_BOUND('',#1085,.T.);
#1176=FACE_BOUND('',#1086,.T.);
#1177=FACE_BOUND('',#1087,.T.);
#1178=FACE_BOUND('',#1088,.T.);
#1179=FACE_BOUND('',#1089,.T.);
#1180=FACE_BOUND('',#1090,.T.);
#1181=FACE_BOUND('',#1091,.T.);
#1182=FACE_BOUND('',#1092,.T.);
#1183=FACE_BOUND('',#1093,.T.);
#1184=FACE_BOUND('',#1094,.T.);
#1185=FACE_BOUND('',#1095,.T.);
#1186=FACE_BOUND('',#1096,.T.);
#1187=FACE_BOUND('',#1097,.T.);
#1188=FACE_BOUND('',#1098,.T.);
#1189=FACE_BOUND('',#1099,.T.);
#1190=FACE_BOUND('',#1100,.T.);
#1191=FACE_BOUND('',#1101,.T.);
#1192=FACE_BOUND('',#1102,.T.);
#1193=FACE_BOUND('',#1103,.T.);
#1194=FACE_BOUND('',#1104,.T.);
#1195=FACE_BOUND('',#1105,.T.);
#1196=FACE_BOUND('',#1106,.T.);
#1197=FACE_BOUND('',#1107,.T.);
#1198=FACE_BOUND('',#1108,.T.);
#1199=FACE_BOUND('',#1109,.T.);
#1200=FACE_BOUND('',#1110,.T.);
#1201=FACE_BOUND('',#1111,.T.);
#1202=FACE_BOUND('',#1112,.T.);
#1203=FACE_BOUND('',#1113,.T.);
#1204=FACE_BOUND('',#1114,.T.);
#1205=FACE_BOUND('',#1115,.T.);
#1206=FACE_BOUND('',#1116,.T.);
#1207=FACE_BOUND('',#1117,.T.);
#1208=FACE_BOUND('',#1118,.T.);
#1209=FACE_BOUND('',#1119,.T.);
#1210=FACE_BOUND('',#1120,.T.);
#1211=FACE_BOUND('',#1121,.T.);
#1212=FACE_BOUND('',#1122,.T.);
#1213=FACE_BOUND('',#1123,.T.);
#1214=FACE_BOUND('',#1124,.T.);
#1215=FACE_BOUND('',#1125,.T.);
#1216=FACE_BOUND('',#1126,.T.);
#1217=FACE_BOUND('',#1127,.T.);
#1218=FACE_BOUND('',#1128,.T.);
#1219=FACE_BOUND('',#1129,.T.);
#1220=FACE_BOUND('',#1130,.T.);
#1221=FACE_BOUND('',#1131,.T.);
#1222=FACE_BOUND('',#1132,.T.);
#1223=FACE_BOUND('',#1133,.T.);
#1224=FACE_BOUND('',#1134,.T.);
#1225=FACE_BOUND('',#1135,.T.);
#1226=FACE_BOUND('',#1136,.T.);
#1227=FACE_BOUND('',#1137,.T.);
#1228=FACE_BOUND('',#1138,.T.);
#1229=FACE_BOUND('',#1139,.T.);
#1230=FACE_BOUND('',#1140,.T.);
#1231=FACE_BOUND('',#1141,.T.);
#1232=FACE_BOUND('',#1142,.T.);
#1233=FACE_BOUND('',#1143,.T.);
#1234=FACE_BOUND('',#1144,.T.);
#1235=FACE_BOUND('',#1145,.T.);
#1236=FACE_BOUND('',#1146,.T.);
#1237=FACE_BOUND('',#1147,.T.);
#1238=FACE_BOUND('',#1148,.T.);
#1239=FACE_BOUND('',#1149,.T.);
#1240=FACE_BOUND('',#1150,.T.);
#1241=FACE_BOUND('',#1151,.T.);
#1242=PLANE('',#1930);
#1243=PLANE('',#1931);
#1244=PLANE('',#1932);
#1245=PLANE('',#1933);
#1246=PLANE('',#1934);
#1247=PLANE('',#1935);
#1248=PLANE('',#1936);
#1249=PLANE('',#1937);
#1250=PLANE('',#1938);
#1251=PLANE('',#1939);
#1252=PLANE('',#1940);
#1253=PLANE('',#1941);
#1254=PLANE('',#1942);
#1255=PLANE('',#1943);
#1256=PLANE('',#1944);
#1257=PLANE('',#1945);
#1258=PLANE('',#1949);
#1259=PLANE('',#1950);
#1260=PLANE('',#1954);
#1261=PLANE('',#1958);
#1262=PLANE('',#1960);
#1263=PLANE('',#1961);
#1264=PLANE('',#1962);
#1265=PLANE('',#1963);
#1266=PLANE('',#1964);
#1267=PLANE('',#1965);
#1268=PLANE('',#1966);
#1269=PLANE('',#1967);
#1270=PLANE('',#1968);
#1271=PLANE('',#1969);
#1272=PLANE('',#1970);
#1273=PLANE('',#1975);
#1274=PLANE('',#1976);
#1275=PLANE('',#1979);
#1276=PLANE('',#1982);
#1277=PLANE('',#1985);
#1278=PLANE('',#1988);
#1279=PLANE('',#1989);
#1280=PLANE('',#1990);
#1281=PLANE('',#1991);
#1282=PLANE('',#1992);
#1283=PLANE('',#1993);
#1284=PLANE('',#1994);
#1285=PLANE('',#1995);
#1286=PLANE('',#1996);
#1287=PLANE('',#1997);
#1288=PLANE('',#1998);
#1289=PLANE('',#1999);
#1290=PLANE('',#2000);
#1291=PLANE('',#2001);
#1292=PLANE('',#2005);
#1293=PLANE('',#2006);
#1294=PLANE('',#2007);
#1295=PLANE('',#2011);
#1296=PLANE('',#2012);
#1297=PLANE('',#2016);
#1298=PLANE('',#2017);
#1299=PLANE('',#2018);
#1300=PLANE('',#2022);
#1301=PLANE('',#2023);
#1302=PLANE('',#2024);
#1303=PLANE('',#2025);
#1304=PLANE('',#2026);
#1305=PLANE('',#2027);
#1306=PLANE('',#2030);
#1307=STYLED_ITEM('',(#1384),#1848);
#1308=STYLED_ITEM('',(#1385),#1849);
#1309=STYLED_ITEM('',(#1386),#1850);
#1310=STYLED_ITEM('',(#1387),#1851);
#1311=STYLED_ITEM('',(#1388),#1852);
#1312=STYLED_ITEM('',(#1389),#1853);
#1313=STYLED_ITEM('',(#1390),#1854);
#1314=STYLED_ITEM('',(#1391),#1855);
#1315=STYLED_ITEM('',(#1392),#1856);
#1316=STYLED_ITEM('',(#1393),#1857);
#1317=STYLED_ITEM('',(#1394),#1858);
#1318=STYLED_ITEM('',(#1395),#1859);
#1319=STYLED_ITEM('',(#1396),#1860);
#1320=STYLED_ITEM('',(#1397),#1861);
#1321=STYLED_ITEM('',(#1398),#1862);
#1322=STYLED_ITEM('',(#1399),#1863);
#1323=STYLED_ITEM('',(#1400),#1864);
#1324=STYLED_ITEM('',(#1401),#1865);
#1325=STYLED_ITEM('',(#1402),#1866);
#1326=STYLED_ITEM('',(#1403),#1867);
#1327=STYLED_ITEM('',(#1404),#1868);
#1328=STYLED_ITEM('',(#1405),#1869);
#1329=STYLED_ITEM('',(#1406),#1870);
#1330=STYLED_ITEM('',(#1407),#1871);
#1331=STYLED_ITEM('',(#1408),#1872);
#1332=STYLED_ITEM('',(#1409),#1873);
#1333=STYLED_ITEM('',(#1410),#1874);
#1334=STYLED_ITEM('',(#1411),#1875);
#1335=STYLED_ITEM('',(#1412),#1876);
#1336=STYLED_ITEM('',(#1413),#1877);
#1337=STYLED_ITEM('',(#1414),#1878);
#1338=STYLED_ITEM('',(#1415),#1879);
#1339=STYLED_ITEM('',(#1416),#1880);
#1340=STYLED_ITEM('',(#1417),#1881);
#1341=STYLED_ITEM('',(#1418),#1882);
#1342=STYLED_ITEM('',(#1419),#1883);
#1343=STYLED_ITEM('',(#1420),#1884);
#1344=STYLED_ITEM('',(#1421),#1885);
#1345=STYLED_ITEM('',(#1422),#1886);
#1346=STYLED_ITEM('',(#1423),#1887);
#1347=STYLED_ITEM('',(#1424),#1888);
#1348=STYLED_ITEM('',(#1425),#1889);
#1349=STYLED_ITEM('',(#1426),#1890);
#1350=STYLED_ITEM('',(#1427),#1891);
#1351=STYLED_ITEM('',(#1428),#1892);
#1352=STYLED_ITEM('',(#1429),#1893);
#1353=STYLED_ITEM('',(#1430),#1894);
#1354=STYLED_ITEM('',(#1431),#1895);
#1355=STYLED_ITEM('',(#1432),#1896);
#1356=STYLED_ITEM('',(#1433),#1897);
#1357=STYLED_ITEM('',(#1434),#1898);
#1358=STYLED_ITEM('',(#1435),#1899);
#1359=STYLED_ITEM('',(#1436),#1900);
#1360=STYLED_ITEM('',(#1437),#1901);
#1361=STYLED_ITEM('',(#1438),#1902);
#1362=STYLED_ITEM('',(#1439),#1903);
#1363=STYLED_ITEM('',(#1440),#1904);
#1364=STYLED_ITEM('',(#1441),#1905);
#1365=STYLED_ITEM('',(#1442),#1906);
#1366=STYLED_ITEM('',(#1443),#1907);
#1367=STYLED_ITEM('',(#1444),#1908);
#1368=STYLED_ITEM('',(#1445),#1909);
#1369=STYLED_ITEM('',(#1446),#1910);
#1370=STYLED_ITEM('',(#1447),#1911);
#1371=STYLED_ITEM('',(#1448),#1912);
#1372=STYLED_ITEM('',(#1449),#1913);
#1373=STYLED_ITEM('',(#1450),#1914);
#1374=STYLED_ITEM('',(#1451),#1915);
#1375=STYLED_ITEM('',(#1452),#1916);
#1376=STYLED_ITEM('',(#1453),#1917);
#1377=STYLED_ITEM('',(#1454),#1918);
#1378=STYLED_ITEM('',(#1455),#1919);
#1379=STYLED_ITEM('',(#1456),#1920);
#1380=STYLED_ITEM('',(#1457),#1921);
#1381=STYLED_ITEM('',(#1458),#1922);
#1382=STYLED_ITEM('',(#1459),#1923);
#1383=STYLED_ITEM('',(#1460),#1924);
#1384=PRESENTATION_STYLE_ASSIGNMENT((#1461));
#1385=PRESENTATION_STYLE_ASSIGNMENT((#1462));
#1386=PRESENTATION_STYLE_ASSIGNMENT((#1463));
#1387=PRESENTATION_STYLE_ASSIGNMENT((#1464));
#1388=PRESENTATION_STYLE_ASSIGNMENT((#1465));
#1389=PRESENTATION_STYLE_ASSIGNMENT((#1466));
#1390=PRESENTATION_STYLE_ASSIGNMENT((#1467));
#1391=PRESENTATION_STYLE_ASSIGNMENT((#1468));
#1392=PRESENTATION_STYLE_ASSIGNMENT((#1469));
#1393=PRESENTATION_STYLE_ASSIGNMENT((#1470));
#1394=PRESENTATION_STYLE_ASSIGNMENT((#1471));
#1395=PRESENTATION_STYLE_ASSIGNMENT((#1472));
#1396=PRESENTATION_STYLE_ASSIGNMENT((#1473));
#1397=PRESENTATION_STYLE_ASSIGNMENT((#1474));
#1398=PRESENTATION_STYLE_ASSIGNMENT((#1475));
#1399=PRESENTATION_STYLE_ASSIGNMENT((#1476));
#1400=PRESENTATION_STYLE_ASSIGNMENT((#1477));
#1401=PRESENTATION_STYLE_ASSIGNMENT((#1478));
#1402=PRESENTATION_STYLE_ASSIGNMENT((#1479));
#1403=PRESENTATION_STYLE_ASSIGNMENT((#1480));
#1404=PRESENTATION_STYLE_ASSIGNMENT((#1481));
#1405=PRESENTATION_STYLE_ASSIGNMENT((#1482));
#1406=PRESENTATION_STYLE_ASSIGNMENT((#1483));
#1407=PRESENTATION_STYLE_ASSIGNMENT((#1484));
#1408=PRESENTATION_STYLE_ASSIGNMENT((#1485));
#1409=PRESENTATION_STYLE_ASSIGNMENT((#1486));
#1410=PRESENTATION_STYLE_ASSIGNMENT((#1487));
#1411=PRESENTATION_STYLE_ASSIGNMENT((#1488));
#1412=PRESENTATION_STYLE_ASSIGNMENT((#1489));
#1413=PRESENTATION_STYLE_ASSIGNMENT((#1490));
#1414=PRESENTATION_STYLE_ASSIGNMENT((#1491));
#1415=PRESENTATION_STYLE_ASSIGNMENT((#1492));
#1416=PRESENTATION_STYLE_ASSIGNMENT((#1493));
#1417=PRESENTATION_STYLE_ASSIGNMENT((#1494));
#1418=PRESENTATION_STYLE_ASSIGNMENT((#1495));
#1419=PRESENTATION_STYLE_ASSIGNMENT((#1496));
#1420=PRESENTATION_STYLE_ASSIGNMENT((#1497));
#1421=PRESENTATION_STYLE_ASSIGNMENT((#1498));
#1422=PRESENTATION_STYLE_ASSIGNMENT((#1499));
#1423=PRESENTATION_STYLE_ASSIGNMENT((#1500));
#1424=PRESENTATION_STYLE_ASSIGNMENT((#1501));
#1425=PRESENTATION_STYLE_ASSIGNMENT((#1502));
#1426=PRESENTATION_STYLE_ASSIGNMENT((#1503));
#1427=PRESENTATION_STYLE_ASSIGNMENT((#1504));
#1428=PRESENTATION_STYLE_ASSIGNMENT((#1505));
#1429=PRESENTATION_STYLE_ASSIGNMENT((#1506));
#1430=PRESENTATION_STYLE_ASSIGNMENT((#1507));
#1431=PRESENTATION_STYLE_ASSIGNMENT((#1508));
#1432=PRESENTATION_STYLE_ASSIGNMENT((#1509));
#1433=PRESENTATION_STYLE_ASSIGNMENT((#1510));
#1434=PRESENTATION_STYLE_ASSIGNMENT((#1511));
#1435=PRESENTATION_STYLE_ASSIGNMENT((#1512));
#1436=PRESENTATION_STYLE_ASSIGNMENT((#1513));
#1437=PRESENTATION_STYLE_ASSIGNMENT((#1514));
#1438=PRESENTATION_STYLE_ASSIGNMENT((#1515));
#1439=PRESENTATION_STYLE_ASSIGNMENT((#1516));
#1440=PRESENTATION_STYLE_ASSIGNMENT((#1517));
#1441=PRESENTATION_STYLE_ASSIGNMENT((#1518));
#1442=PRESENTATION_STYLE_ASSIGNMENT((#1519));
#1443=PRESENTATION_STYLE_ASSIGNMENT((#1520));
#1444=PRESENTATION_STYLE_ASSIGNMENT((#1521));
#1445=PRESENTATION_STYLE_ASSIGNMENT((#1522));
#1446=PRESENTATION_STYLE_ASSIGNMENT((#1523));
#1447=PRESENTATION_STYLE_ASSIGNMENT((#1524));
#1448=PRESENTATION_STYLE_ASSIGNMENT((#1525));
#1449=PRESENTATION_STYLE_ASSIGNMENT((#1526));
#1450=PRESENTATION_STYLE_ASSIGNMENT((#1527));
#1451=PRESENTATION_STYLE_ASSIGNMENT((#1528));
#1452=PRESENTATION_STYLE_ASSIGNMENT((#1529));
#1453=PRESENTATION_STYLE_ASSIGNMENT((#1530));
#1454=PRESENTATION_STYLE_ASSIGNMENT((#1531));
#1455=PRESENTATION_STYLE_ASSIGNMENT((#1532));
#1456=PRESENTATION_STYLE_ASSIGNMENT((#1533));
#1457=PRESENTATION_STYLE_ASSIGNMENT((#1534));
#1458=PRESENTATION_STYLE_ASSIGNMENT((#1535));
#1459=PRESENTATION_STYLE_ASSIGNMENT((#1536));
#1460=PRESENTATION_STYLE_ASSIGNMENT((#1537));
#1461=SURFACE_STYLE_USAGE(.BOTH.,#1538);
#1462=SURFACE_STYLE_USAGE(.BOTH.,#1539);
#1463=SURFACE_STYLE_USAGE(.BOTH.,#1540);
#1464=SURFACE_STYLE_USAGE(.BOTH.,#1541);
#1465=SURFACE_STYLE_USAGE(.BOTH.,#1542);
#1466=SURFACE_STYLE_USAGE(.BOTH.,#1543);
#1467=SURFACE_STYLE_USAGE(.BOTH.,#1544);
#1468=SURFACE_STYLE_USAGE(.BOTH.,#1545);
#1469=SURFACE_STYLE_USAGE(.BOTH.,#1546);
#1470=SURFACE_STYLE_USAGE(.BOTH.,#1547);
#1471=SURFACE_STYLE_USAGE(.BOTH.,#1548);
#1472=SURFACE_STYLE_USAGE(.BOTH.,#1549);
#1473=SURFACE_STYLE_USAGE(.BOTH.,#1550);
#1474=SURFACE_STYLE_USAGE(.BOTH.,#1551);
#1475=SURFACE_STYLE_USAGE(.BOTH.,#1552);
#1476=SURFACE_STYLE_USAGE(.BOTH.,#1553);
#1477=SURFACE_STYLE_USAGE(.BOTH.,#1554);
#1478=SURFACE_STYLE_USAGE(.BOTH.,#1555);
#1479=SURFACE_STYLE_USAGE(.BOTH.,#1556);
#1480=SURFACE_STYLE_USAGE(.BOTH.,#1557);
#1481=SURFACE_STYLE_USAGE(.BOTH.,#1558);
#1482=SURFACE_STYLE_USAGE(.BOTH.,#1559);
#1483=SURFACE_STYLE_USAGE(.BOTH.,#1560);
#1484=SURFACE_STYLE_USAGE(.BOTH.,#1561);
#1485=SURFACE_STYLE_USAGE(.BOTH.,#1562);
#1486=SURFACE_STYLE_USAGE(.BOTH.,#1563);
#1487=SURFACE_STYLE_USAGE(.BOTH.,#1564);
#1488=SURFACE_STYLE_USAGE(.BOTH.,#1565);
#1489=SURFACE_STYLE_USAGE(.BOTH.,#1566);
#1490=SURFACE_STYLE_USAGE(.BOTH.,#1567);
#1491=SURFACE_STYLE_USAGE(.BOTH.,#1568);
#1492=SURFACE_STYLE_USAGE(.BOTH.,#1569);
#1493=SURFACE_STYLE_USAGE(.BOTH.,#1570);
#1494=SURFACE_STYLE_USAGE(.BOTH.,#1571);
#1495=SURFACE_STYLE_USAGE(.BOTH.,#1572);
#1496=SURFACE_STYLE_USAGE(.BOTH.,#1573);
#1497=SURFACE_STYLE_USAGE(.BOTH.,#1574);
#1498=SURFACE_STYLE_USAGE(.BOTH.,#1575);
#1499=SURFACE_STYLE_USAGE(.BOTH.,#1576);
#1500=SURFACE_STYLE_USAGE(.BOTH.,#1577);
#1501=SURFACE_STYLE_USAGE(.BOTH.,#1578);
#1502=SURFACE_STYLE_USAGE(.BOTH.,#1579);
#1503=SURFACE_STYLE_USAGE(.BOTH.,#1580);
#1504=SURFACE_STYLE_USAGE(.BOTH.,#1581);
#1505=SURFACE_STYLE_USAGE(.BOTH.,#1582);
#1506=SURFACE_STYLE_USAGE(.BOTH.,#1583);
#1507=SURFACE_STYLE_USAGE(.BOTH.,#1584);
#1508=SURFACE_STYLE_USAGE(.BOTH.,#1585);
#1509=SURFACE_STYLE_USAGE(.BOTH.,#1586);
#1510=SURFACE_STYLE_USAGE(.BOTH.,#1587);
#1511=SURFACE_STYLE_USAGE(.BOTH.,#1588);
#1512=SURFACE_STYLE_USAGE(.BOTH.,#1589);
#1513=SURFACE_STYLE_USAGE(.BOTH.,#1590);
#1514=SURFACE_STYLE_USAGE(.BOTH.,#1591);
#1515=SURFACE_STYLE_USAGE(.BOTH.,#1592);
#1516=SURFACE_STYLE_USAGE(.BOTH.,#1593);
#1517=SURFACE_STYLE_USAGE(.BOTH.,#1594);
#1518=SURFACE_STYLE_USAGE(.BOTH.,#1595);
#1519=SURFACE_STYLE_USAGE(.BOTH.,#1596);
#1520=SURFACE_STYLE_USAGE(.BOTH.,#1597);
#1521=SURFACE_STYLE_USAGE(.BOTH.,#1598);
#1522=SURFACE_STYLE_USAGE(.BOTH.,#1599);
#1523=SURFACE_STYLE_USAGE(.BOTH.,#1600);
#1524=SURFACE_STYLE_USAGE(.BOTH.,#1601);
#1525=SURFACE_STYLE_USAGE(.BOTH.,#1602);
#1526=SURFACE_STYLE_USAGE(.BOTH.,#1603);
#1527=SURFACE_STYLE_USAGE(.BOTH.,#1604);
#1528=SURFACE_STYLE_USAGE(.BOTH.,#1605);
#1529=SURFACE_STYLE_USAGE(.BOTH.,#1606);
#1530=SURFACE_STYLE_USAGE(.BOTH.,#1607);
#1531=SURFACE_STYLE_USAGE(.BOTH.,#1608);
#1532=SURFACE_STYLE_USAGE(.BOTH.,#1609);
#1533=SURFACE_STYLE_USAGE(.BOTH.,#1610);
#1534=SURFACE_STYLE_USAGE(.BOTH.,#1611);
#1535=SURFACE_STYLE_USAGE(.BOTH.,#1612);
#1536=SURFACE_STYLE_USAGE(.BOTH.,#1613);
#1537=SURFACE_STYLE_USAGE(.BOTH.,#1614);
#1538=SURFACE_SIDE_STYLE('',(#1615));
#1539=SURFACE_SIDE_STYLE('',(#1616));
#1540=SURFACE_SIDE_STYLE('',(#1617));
#1541=SURFACE_SIDE_STYLE('',(#1618));
#1542=SURFACE_SIDE_STYLE('',(#1619));
#1543=SURFACE_SIDE_STYLE('',(#1620));
#1544=SURFACE_SIDE_STYLE('',(#1621));
#1545=SURFACE_SIDE_STYLE('',(#1622));
#1546=SURFACE_SIDE_STYLE('',(#1623));
#1547=SURFACE_SIDE_STYLE('',(#1624));
#1548=SURFACE_SIDE_STYLE('',(#1625));
#1549=SURFACE_SIDE_STYLE('',(#1626));
#1550=SURFACE_SIDE_STYLE('',(#1627));
#1551=SURFACE_SIDE_STYLE('',(#1628));
#1552=SURFACE_SIDE_STYLE('',(#1629));
#1553=SURFACE_SIDE_STYLE('',(#1630));
#1554=SURFACE_SIDE_STYLE('',(#1631));
#1555=SURFACE_SIDE_STYLE('',(#1632));
#1556=SURFACE_SIDE_STYLE('',(#1633));
#1557=SURFACE_SIDE_STYLE('',(#1634));
#1558=SURFACE_SIDE_STYLE('',(#1635));
#1559=SURFACE_SIDE_STYLE('',(#1636));
#1560=SURFACE_SIDE_STYLE('',(#1637));
#1561=SURFACE_SIDE_STYLE('',(#1638));
#1562=SURFACE_SIDE_STYLE('',(#1639));
#1563=SURFACE_SIDE_STYLE('',(#1640));
#1564=SURFACE_SIDE_STYLE('',(#1641));
#1565=SURFACE_SIDE_STYLE('',(#1642));
#1566=SURFACE_SIDE_STYLE('',(#1643));
#1567=SURFACE_SIDE_STYLE('',(#1644));
#1568=SURFACE_SIDE_STYLE('',(#1645));
#1569=SURFACE_SIDE_STYLE('',(#1646));
#1570=SURFACE_SIDE_STYLE('',(#1647));
#1571=SURFACE_SIDE_STYLE('',(#1648));
#1572=SURFACE_SIDE_STYLE('',(#1649));
#1573=SURFACE_SIDE_STYLE('',(#1650));
#1574=SURFACE_SIDE_STYLE('',(#1651));
#1575=SURFACE_SIDE_STYLE('',(#1652));
#1576=SURFACE_SIDE_STYLE('',(#1653));
#1577=SURFACE_SIDE_STYLE('',(#1654));
#1578=SURFACE_SIDE_STYLE('',(#1655));
#1579=SURFACE_SIDE_STYLE('',(#1656));
#1580=SURFACE_SIDE_STYLE('',(#1657));
#1581=SURFACE_SIDE_STYLE('',(#1658));
#1582=SURFACE_SIDE_STYLE('',(#1659));
#1583=SURFACE_SIDE_STYLE('',(#1660));
#1584=SURFACE_SIDE_STYLE('',(#1661));
#1585=SURFACE_SIDE_STYLE('',(#1662));
#1586=SURFACE_SIDE_STYLE('',(#1663));
#1587=SURFACE_SIDE_STYLE('',(#1664));
#1588=SURFACE_SIDE_STYLE('',(#1665));
#1589=SURFACE_SIDE_STYLE('',(#1666));
#1590=SURFACE_SIDE_STYLE('',(#1667));
#1591=SURFACE_SIDE_STYLE('',(#1668));
#1592=SURFACE_SIDE_STYLE('',(#1669));
#1593=SURFACE_SIDE_STYLE('',(#1670));
#1594=SURFACE_SIDE_STYLE('',(#1671));
#1595=SURFACE_SIDE_STYLE('',(#1672));
#1596=SURFACE_SIDE_STYLE('',(#1673));
#1597=SURFACE_SIDE_STYLE('',(#1674));
#1598=SURFACE_SIDE_STYLE('',(#1675));
#1599=SURFACE_SIDE_STYLE('',(#1676));
#1600=SURFACE_SIDE_STYLE('',(#1677));
#1601=SURFACE_SIDE_STYLE('',(#1678));
#1602=SURFACE_SIDE_STYLE('',(#1679));
#1603=SURFACE_SIDE_STYLE('',(#1680));
#1604=SURFACE_SIDE_STYLE('',(#1681));
#1605=SURFACE_SIDE_STYLE('',(#1682));
#1606=SURFACE_SIDE_STYLE('',(#1683));
#1607=SURFACE_SIDE_STYLE('',(#1684));
#1608=SURFACE_SIDE_STYLE('',(#1685));
#1609=SURFACE_SIDE_STYLE('',(#1686));
#1610=SURFACE_SIDE_STYLE('',(#1687));
#1611=SURFACE_SIDE_STYLE('',(#1688));
#1612=SURFACE_SIDE_STYLE('',(#1689));
#1613=SURFACE_SIDE_STYLE('',(#1690));
#1614=SURFACE_SIDE_STYLE('',(#1691));
#1615=SURFACE_STYLE_FILL_AREA(#1692);
#1616=SURFACE_STYLE_FILL_AREA(#1693);
#1617=SURFACE_STYLE_FILL_AREA(#1694);
#1618=SURFACE_STYLE_FILL_AREA(#1695);
#1619=SURFACE_STYLE_FILL_AREA(#1696);
#1620=SURFACE_STYLE_FILL_AREA(#1697);
#1621=SURFACE_STYLE_FILL_AREA(#1698);
#1622=SURFACE_STYLE_FILL_AREA(#1699);
#1623=SURFACE_STYLE_FILL_AREA(#1700);
#1624=SURFACE_STYLE_FILL_AREA(#1701);
#1625=SURFACE_STYLE_FILL_AREA(#1702);
#1626=SURFACE_STYLE_FILL_AREA(#1703);
#1627=SURFACE_STYLE_FILL_AREA(#1704);
#1628=SURFACE_STYLE_FILL_AREA(#1705);
#1629=SURFACE_STYLE_FILL_AREA(#1706);
#1630=SURFACE_STYLE_FILL_AREA(#1707);
#1631=SURFACE_STYLE_FILL_AREA(#1708);
#1632=SURFACE_STYLE_FILL_AREA(#1709);
#1633=SURFACE_STYLE_FILL_AREA(#1710);
#1634=SURFACE_STYLE_FILL_AREA(#1711);
#1635=SURFACE_STYLE_FILL_AREA(#1712);
#1636=SURFACE_STYLE_FILL_AREA(#1713);
#1637=SURFACE_STYLE_FILL_AREA(#1714);
#1638=SURFACE_STYLE_FILL_AREA(#1715);
#1639=SURFACE_STYLE_FILL_AREA(#1716);
#1640=SURFACE_STYLE_FILL_AREA(#1717);
#1641=SURFACE_STYLE_FILL_AREA(#1718);
#1642=SURFACE_STYLE_FILL_AREA(#1719);
#1643=SURFACE_STYLE_FILL_AREA(#1720);
#1644=SURFACE_STYLE_FILL_AREA(#1721);
#1645=SURFACE_STYLE_FILL_AREA(#1722);
#1646=SURFACE_STYLE_FILL_AREA(#1723);
#1647=SURFACE_STYLE_FILL_AREA(#1724);
#1648=SURFACE_STYLE_FILL_AREA(#1725);
#1649=SURFACE_STYLE_FILL_AREA(#1726);
#1650=SURFACE_STYLE_FILL_AREA(#1727);
#1651=SURFACE_STYLE_FILL_AREA(#1728);
#1652=SURFACE_STYLE_FILL_AREA(#1729);
#1653=SURFACE_STYLE_FILL_AREA(#1730);
#1654=SURFACE_STYLE_FILL_AREA(#1731);
#1655=SURFACE_STYLE_FILL_AREA(#1732);
#1656=SURFACE_STYLE_FILL_AREA(#1733);
#1657=SURFACE_STYLE_FILL_AREA(#1734);
#1658=SURFACE_STYLE_FILL_AREA(#1735);
#1659=SURFACE_STYLE_FILL_AREA(#1736);
#1660=SURFACE_STYLE_FILL_AREA(#1737);
#1661=SURFACE_STYLE_FILL_AREA(#1738);
#1662=SURFACE_STYLE_FILL_AREA(#1739);
#1663=SURFACE_STYLE_FILL_AREA(#1740);
#1664=SURFACE_STYLE_FILL_AREA(#1741);
#1665=SURFACE_STYLE_FILL_AREA(#1742);
#1666=SURFACE_STYLE_FILL_AREA(#1743);
#1667=SURFACE_STYLE_FILL_AREA(#1744);
#1668=SURFACE_STYLE_FILL_AREA(#1745);
#1669=SURFACE_STYLE_FILL_AREA(#1746);
#1670=SURFACE_STYLE_FILL_AREA(#1747);
#1671=SURFACE_STYLE_FILL_AREA(#1748);
#1672=SURFACE_STYLE_FILL_AREA(#1749);
#1673=SURFACE_STYLE_FILL_AREA(#1750);
#1674=SURFACE_STYLE_FILL_AREA(#1751);
#1675=SURFACE_STYLE_FILL_AREA(#1752);
#1676=SURFACE_STYLE_FILL_AREA(#1753);
#1677=SURFACE_STYLE_FILL_AREA(#1754);
#1678=SURFACE_STYLE_FILL_AREA(#1755);
#1679=SURFACE_STYLE_FILL_AREA(#1756);
#1680=SURFACE_STYLE_FILL_AREA(#1757);
#1681=SURFACE_STYLE_FILL_AREA(#1758);
#1682=SURFACE_STYLE_FILL_AREA(#1759);
#1683=SURFACE_STYLE_FILL_AREA(#1760);
#1684=SURFACE_STYLE_FILL_AREA(#1761);
#1685=SURFACE_STYLE_FILL_AREA(#1762);
#1686=SURFACE_STYLE_FILL_AREA(#1763);
#1687=SURFACE_STYLE_FILL_AREA(#1764);
#1688=SURFACE_STYLE_FILL_AREA(#1765);
#1689=SURFACE_STYLE_FILL_AREA(#1766);
#1690=SURFACE_STYLE_FILL_AREA(#1767);
#1691=SURFACE_STYLE_FILL_AREA(#1768);
#1692=FILL_AREA_STYLE('',(#1769));
#1693=FILL_AREA_STYLE('',(#1770));
#1694=FILL_AREA_STYLE('',(#1771));
#1695=FILL_AREA_STYLE('',(#1772));
#1696=FILL_AREA_STYLE('',(#1773));
#1697=FILL_AREA_STYLE('',(#1774));
#1698=FILL_AREA_STYLE('',(#1775));
#1699=FILL_AREA_STYLE('',(#1776));
#1700=FILL_AREA_STYLE('',(#1777));
#1701=FILL_AREA_STYLE('',(#1778));
#1702=FILL_AREA_STYLE('',(#1779));
#1703=FILL_AREA_STYLE('',(#1780));
#1704=FILL_AREA_STYLE('',(#1781));
#1705=FILL_AREA_STYLE('',(#1782));
#1706=FILL_AREA_STYLE('',(#1783));
#1707=FILL_AREA_STYLE('',(#1784));
#1708=FILL_AREA_STYLE('',(#1785));
#1709=FILL_AREA_STYLE('',(#1786));
#1710=FILL_AREA_STYLE('',(#1787));
#1711=FILL_AREA_STYLE('',(#1788));
#1712=FILL_AREA_STYLE('',(#1789));
#1713=FILL_AREA_STYLE('',(#1790));
#1714=FILL_AREA_STYLE('',(#1791));
#1715=FILL_AREA_STYLE('',(#1792));
#1716=FILL_AREA_STYLE('',(#1793));
#1717=FILL_AREA_STYLE('',(#1794));
#1718=FILL_AREA_STYLE('',(#1795));
#1719=FILL_AREA_STYLE('',(#1796));
#1720=FILL_AREA_STYLE('',(#1797));
#1721=FILL_AREA_STYLE('',(#1798));
#1722=FILL_AREA_STYLE('',(#1799));
#1723=FILL_AREA_STYLE('',(#1800));
#1724=FILL_AREA_STYLE('',(#1801));
#1725=FILL_AREA_STYLE('',(#1802));
#1726=FILL_AREA_STYLE('',(#1803));
#1727=FILL_AREA_STYLE('',(#1804));
#1728=FILL_AREA_STYLE('',(#1805));
#1729=FILL_AREA_STYLE('',(#1806));
#1730=FILL_AREA_STYLE('',(#1807));
#1731=FILL_AREA_STYLE('',(#1808));
#1732=FILL_AREA_STYLE('',(#1809));
#1733=FILL_AREA_STYLE('',(#1810));
#1734=FILL_AREA_STYLE('',(#1811));
#1735=FILL_AREA_STYLE('',(#1812));
#1736=FILL_AREA_STYLE('',(#1813));
#1737=FILL_AREA_STYLE('',(#1814));
#1738=FILL_AREA_STYLE('',(#1815));
#1739=FILL_AREA_STYLE('',(#1816));
#1740=FILL_AREA_STYLE('',(#1817));
#1741=FILL_AREA_STYLE('',(#1818));
#1742=FILL_AREA_STYLE('',(#1819));
#1743=FILL_AREA_STYLE('',(#1820));
#1744=FILL_AREA_STYLE('',(#1821));
#1745=FILL_AREA_STYLE('',(#1822));
#1746=FILL_AREA_STYLE('',(#1823));
#1747=FILL_AREA_STYLE('',(#1824));
#1748=FILL_AREA_STYLE('',(#1825));
#1749=FILL_AREA_STYLE('',(#1826));
#1750=FILL_AREA_STYLE('',(#1827));
#1751=FILL_AREA_STYLE('',(#1828));
#1752=FILL_AREA_STYLE('',(#1829));
#1753=FILL_AREA_STYLE('',(#1830));
#1754=FILL_AREA_STYLE('',(#1831));
#1755=FILL_AREA_STYLE('',(#1832));
#1756=FILL_AREA_STYLE('',(#1833));
#1757=FILL_AREA_STYLE('',(#1834));
#1758=FILL_AREA_STYLE('',(#1835));
#1759=FILL_AREA_STYLE('',(#1836));
#1760=FILL_AREA_STYLE('',(#1837));
#1761=FILL_AREA_STYLE('',(#1838));
#1762=FILL_AREA_STYLE('',(#1839));
#1763=FILL_AREA_STYLE('',(#1840));
#1764=FILL_AREA_STYLE('',(#1841));
#1765=FILL_AREA_STYLE('',(#1842));
#1766=FILL_AREA_STYLE('',(#1843));
#1767=FILL_AREA_STYLE('',(#1844));
#1768=FILL_AREA_STYLE('',(#1845));
#1769=FILL_AREA_STYLE_COLOUR('',#1846);
#1770=FILL_AREA_STYLE_COLOUR('',#1846);
#1771=FILL_AREA_STYLE_COLOUR('',#1846);
#1772=FILL_AREA_STYLE_COLOUR('',#1846);
#1773=FILL_AREA_STYLE_COLOUR('',#1846);
#1774=FILL_AREA_STYLE_COLOUR('',#1846);
#1775=FILL_AREA_STYLE_COLOUR('',#1846);
#1776=FILL_AREA_STYLE_COLOUR('',#1846);
#1777=FILL_AREA_STYLE_COLOUR('',#1846);
#1778=FILL_AREA_STYLE_COLOUR('',#1846);
#1779=FILL_AREA_STYLE_COLOUR('',#1846);
#1780=FILL_AREA_STYLE_COLOUR('',#1846);
#1781=FILL_AREA_STYLE_COLOUR('',#1846);
#1782=FILL_AREA_STYLE_COLOUR('',#1846);
#1783=FILL_AREA_STYLE_COLOUR('',#1846);
#1784=FILL_AREA_STYLE_COLOUR('',#1846);
#1785=FILL_AREA_STYLE_COLOUR('',#1846);
#1786=FILL_AREA_STYLE_COLOUR('',#1846);
#1787=FILL_AREA_STYLE_COLOUR('',#1846);
#1788=FILL_AREA_STYLE_COLOUR('',#1846);
#1789=FILL_AREA_STYLE_COLOUR('',#1846);
#1790=FILL_AREA_STYLE_COLOUR('',#1846);
#1791=FILL_AREA_STYLE_COLOUR('',#1846);
#1792=FILL_AREA_STYLE_COLOUR('',#1847);
#1793=FILL_AREA_STYLE_COLOUR('',#1847);
#1794=FILL_AREA_STYLE_COLOUR('',#1847);
#1795=FILL_AREA_STYLE_COLOUR('',#1847);
#1796=FILL_AREA_STYLE_COLOUR('',#1847);
#1797=FILL_AREA_STYLE_COLOUR('',#1847);
#1798=FILL_AREA_STYLE_COLOUR('',#1847);
#1799=FILL_AREA_STYLE_COLOUR('',#1847);
#1800=FILL_AREA_STYLE_COLOUR('',#1847);
#1801=FILL_AREA_STYLE_COLOUR('',#1847);
#1802=FILL_AREA_STYLE_COLOUR('',#1846);
#1803=FILL_AREA_STYLE_COLOUR('',#1846);
#1804=FILL_AREA_STYLE_COLOUR('',#1846);
#1805=FILL_AREA_STYLE_COLOUR('',#1846);
#1806=FILL_AREA_STYLE_COLOUR('',#1846);
#1807=FILL_AREA_STYLE_COLOUR('',#1846);
#1808=FILL_AREA_STYLE_COLOUR('',#1846);
#1809=FILL_AREA_STYLE_COLOUR('',#1846);
#1810=FILL_AREA_STYLE_COLOUR('',#1846);
#1811=FILL_AREA_STYLE_COLOUR('',#1846);
#1812=FILL_AREA_STYLE_COLOUR('',#1846);
#1813=FILL_AREA_STYLE_COLOUR('',#1846);
#1814=FILL_AREA_STYLE_COLOUR('',#1846);
#1815=FILL_AREA_STYLE_COLOUR('',#1846);
#1816=FILL_AREA_STYLE_COLOUR('',#1846);
#1817=FILL_AREA_STYLE_COLOUR('',#1846);
#1818=FILL_AREA_STYLE_COLOUR('',#1846);
#1819=FILL_AREA_STYLE_COLOUR('',#1846);
#1820=FILL_AREA_STYLE_COLOUR('',#1846);
#1821=FILL_AREA_STYLE_COLOUR('',#1846);
#1822=FILL_AREA_STYLE_COLOUR('',#1846);
#1823=FILL_AREA_STYLE_COLOUR('',#1846);
#1824=FILL_AREA_STYLE_COLOUR('',#1846);
#1825=FILL_AREA_STYLE_COLOUR('',#1846);
#1826=FILL_AREA_STYLE_COLOUR('',#1846);
#1827=FILL_AREA_STYLE_COLOUR('',#1846);
#1828=FILL_AREA_STYLE_COLOUR('',#1846);
#1829=FILL_AREA_STYLE_COLOUR('',#1846);
#1830=FILL_AREA_STYLE_COLOUR('',#1846);
#1831=FILL_AREA_STYLE_COLOUR('',#1846);
#1832=FILL_AREA_STYLE_COLOUR('',#1846);
#1833=FILL_AREA_STYLE_COLOUR('',#1846);
#1834=FILL_AREA_STYLE_COLOUR('',#1846);
#1835=FILL_AREA_STYLE_COLOUR('',#1846);
#1836=FILL_AREA_STYLE_COLOUR('',#1846);
#1837=FILL_AREA_STYLE_COLOUR('',#1846);
#1838=FILL_AREA_STYLE_COLOUR('',#1846);
#1839=FILL_AREA_STYLE_COLOUR('',#1846);
#1840=FILL_AREA_STYLE_COLOUR('',#1846);
#1841=FILL_AREA_STYLE_COLOUR('',#1846);
#1842=FILL_AREA_STYLE_COLOUR('',#1846);
#1843=FILL_AREA_STYLE_COLOUR('',#1846);
#1844=FILL_AREA_STYLE_COLOUR('',#1846);
#1845=FILL_AREA_STYLE_COLOUR('',#1846);
#1846=COLOUR_RGB('',0.560000002384186,0.569999992847443,0.569999992847443);
#1847=COLOUR_RGB('',0.77999997138977,0.77999997138977,0.77999997138977);
#1848=ADVANCED_FACE('',(#1152,#1153,#1154),#1242,.F.);
#1849=ADVANCED_FACE('',(#1155),#1243,.F.);
#1850=ADVANCED_FACE('',(#1156),#1244,.F.);
#1851=ADVANCED_FACE('',(#1157),#1245,.F.);
#1852=ADVANCED_FACE('',(#1158),#1246,.F.);
#1853=ADVANCED_FACE('',(#1159),#1247,.F.);
#1854=ADVANCED_FACE('',(#1160),#1248,.F.);
#1855=ADVANCED_FACE('',(#1161),#1249,.F.);
#1856=ADVANCED_FACE('',(#1162),#1250,.F.);
#1857=ADVANCED_FACE('',(#1163),#1251,.F.);
#1858=ADVANCED_FACE('',(#1164),#1252,.F.);
#1859=ADVANCED_FACE('',(#1165),#1253,.F.);
#1860=ADVANCED_FACE('',(#1166),#1254,.F.);
#1861=ADVANCED_FACE('',(#1167),#1255,.F.);
#1862=ADVANCED_FACE('',(#1168,#1169,#1170),#1256,.F.);
#1863=ADVANCED_FACE('',(#1171),#1257,.F.);
#1864=ADVANCED_FACE('',(#1172),#44,.T.);
#1865=ADVANCED_FACE('',(#1173),#1258,.F.);
#1866=ADVANCED_FACE('',(#1174),#1259,.F.);
#1867=ADVANCED_FACE('',(#1175),#45,.T.);
#1868=ADVANCED_FACE('',(#1176),#1260,.F.);
#1869=ADVANCED_FACE('',(#1177),#46,.T.);
#1870=ADVANCED_FACE('',(#1178,#1179),#1261,.F.);
#1871=ADVANCED_FACE('',(#1180),#1262,.T.);
#1872=ADVANCED_FACE('',(#1181),#1263,.T.);
#1873=ADVANCED_FACE('',(#1182),#1264,.T.);
#1874=ADVANCED_FACE('',(#1183),#1265,.T.);
#1875=ADVANCED_FACE('',(#1184),#1266,.F.);
#1876=ADVANCED_FACE('',(#1185),#1267,.T.);
#1877=ADVANCED_FACE('',(#1186),#1268,.T.);
#1878=ADVANCED_FACE('',(#1187),#1269,.T.);
#1879=ADVANCED_FACE('',(#1188),#1270,.T.);
#1880=ADVANCED_FACE('',(#1189),#1271,.F.);
#1881=ADVANCED_FACE('',(#1190,#1191,#1192,#1193,#1194),#1272,.T.);
#1882=ADVANCED_FACE('',(#1195),#1273,.F.);
#1883=ADVANCED_FACE('',(#1196),#1274,.T.);
#1884=ADVANCED_FACE('',(#1197,#1198),#47,.T.);
#1885=ADVANCED_FACE('',(#1199),#1275,.T.);
#1886=ADVANCED_FACE('',(#1200,#1201),#48,.T.);
#1887=ADVANCED_FACE('',(#1202),#1276,.T.);
#1888=ADVANCED_FACE('',(#1203,#1204),#49,.T.);
#1889=ADVANCED_FACE('',(#1205),#1277,.T.);
#1890=ADVANCED_FACE('',(#1206,#1207),#50,.T.);
#1891=ADVANCED_FACE('',(#1208),#1278,.F.);
#1892=ADVANCED_FACE('',(#1209),#1279,.F.);
#1893=ADVANCED_FACE('',(#1210),#1280,.F.);
#1894=ADVANCED_FACE('',(#1211),#1281,.F.);
#1895=ADVANCED_FACE('',(#1212),#1282,.T.);
#1896=ADVANCED_FACE('',(#1213),#1283,.T.);
#1897=ADVANCED_FACE('',(#1214),#1284,.T.);
#1898=ADVANCED_FACE('',(#1215),#1285,.T.);
#1899=ADVANCED_FACE('',(#1216),#1286,.F.);
#1900=ADVANCED_FACE('',(#1217),#1287,.T.);
#1901=ADVANCED_FACE('',(#1218),#1288,.T.);
#1902=ADVANCED_FACE('',(#1219),#1289,.T.);
#1903=ADVANCED_FACE('',(#1220),#1290,.T.);
#1904=ADVANCED_FACE('',(#1221),#1291,.F.);
#1905=ADVANCED_FACE('',(#1222),#51,.T.);
#1906=ADVANCED_FACE('',(#1223),#1292,.F.);
#1907=ADVANCED_FACE('',(#1224),#1293,.F.);
#1908=ADVANCED_FACE('',(#1225),#1294,.F.);
#1909=ADVANCED_FACE('',(#1226),#52,.T.);
#1910=ADVANCED_FACE('',(#1227),#1295,.T.);
#1911=ADVANCED_FACE('',(#1228),#1296,.F.);
#1912=ADVANCED_FACE('',(#1229),#53,.T.);
#1913=ADVANCED_FACE('',(#1230),#1297,.F.);
#1914=ADVANCED_FACE('',(#1231),#1298,.F.);
#1915=ADVANCED_FACE('',(#1232),#1299,.F.);
#1916=ADVANCED_FACE('',(#1233),#54,.T.);
#1917=ADVANCED_FACE('',(#1234),#1300,.T.);
#1918=ADVANCED_FACE('',(#1235),#1301,.F.);
#1919=ADVANCED_FACE('',(#1236),#1302,.T.);
#1920=ADVANCED_FACE('',(#1237),#1303,.T.);
#1921=ADVANCED_FACE('',(#1238),#1304,.T.);
#1922=ADVANCED_FACE('',(#1239),#1305,.T.);
#1923=ADVANCED_FACE('',(#1240),#55,.T.);
#1924=ADVANCED_FACE('',(#1241),#1306,.F.);
#1925=CLOSED_SHELL('',(#1848,#1849,#1850,#1851,#1852,#1853,#1854,#1855,
#1856,#1857,#1858,#1859,#1860,#1861,#1862,#1863,#1864,#1865,#1866,#1867,
#1868,#1869,#1870,#1871,#1872,#1873,#1874,#1875,#1876,#1877,#1878,#1879,
#1880,#1881,#1882,#1883,#1884,#1885,#1886,#1887,#1888,#1889,#1890,#1891,
#1892,#1893,#1894,#1895,#1896,#1897,#1898,#1899,#1900,#1901,#1902,#1903,
#1904,#1905,#1906,#1907,#1908,#1909,#1910,#1911,#1912,#1913,#1914,#1915,
#1916,#1917,#1918,#1919,#1920,#1921,#1922,#1923,#1924));
#1926=MANIFOLD_SOLID_BREP('236-102',#1925);
#1927=SHAPE_DEFINITION_REPRESENTATION(#2791,#1928);
#1928=SHAPE_REPRESENTATION('236-102',(#1929),#2786);
#1929=AXIS2_PLACEMENT_3D('',#2397,#2031,#2032);
#1930=AXIS2_PLACEMENT_3D('',#2398,#2033,#2034);
#1931=AXIS2_PLACEMENT_3D('',#2423,#2047,#2048);
#1932=AXIS2_PLACEMENT_3D('',#2432,#2053,#2054);
#1933=AXIS2_PLACEMENT_3D('',#2441,#2059,#2060);
#1934=AXIS2_PLACEMENT_3D('',#2484,#2083,#2084);
#1935=AXIS2_PLACEMENT_3D('',#2490,#2088,#2089);
#1936=AXIS2_PLACEMENT_3D('',#2498,#2094,#2095);
#1937=AXIS2_PLACEMENT_3D('',#2506,#2100,#2101);
#1938=AXIS2_PLACEMENT_3D('',#2509,#2104,#2105);
#1939=AXIS2_PLACEMENT_3D('',#2517,#2110,#2111);
#1940=AXIS2_PLACEMENT_3D('',#2525,#2116,#2117);
#1941=AXIS2_PLACEMENT_3D('',#2528,#2120,#2121);
#1942=AXIS2_PLACEMENT_3D('',#2532,#2124,#2125);
#1943=AXIS2_PLACEMENT_3D('',#2534,#2127,#2128);
#1944=AXIS2_PLACEMENT_3D('',#2540,#2132,#2133);
#1945=AXIS2_PLACEMENT_3D('',#2562,#2145,#2146);
#1946=AXIS2_PLACEMENT_3D('',#2568,#2150,#2151);
#1947=AXIS2_PLACEMENT_3D('',#2569,#2152,#2153);
#1948=AXIS2_PLACEMENT_3D('',#2570,#2154,#2155);
#1949=AXIS2_PLACEMENT_3D('',#2571,#2156,#2157);
#1950=AXIS2_PLACEMENT_3D('',#2575,#2160,#2161);
#1951=AXIS2_PLACEMENT_3D('',#2582,#2168,#2169);
#1952=AXIS2_PLACEMENT_3D('',#2583,#2170,#2171);
#1953=AXIS2_PLACEMENT_3D('',#2587,#2173,#2174);
#1954=AXIS2_PLACEMENT_3D('',#2588,#2175,#2176);
#1955=AXIS2_PLACEMENT_3D('',#2594,#2180,#2181);
#1956=AXIS2_PLACEMENT_3D('',#2595,#2182,#2183);
#1957=AXIS2_PLACEMENT_3D('',#2596,#2184,#2185);
#1958=AXIS2_PLACEMENT_3D('',#2597,#2186,#2187);
#1959=AXIS2_PLACEMENT_3D('',#2598,#2188,#2189);
#1960=AXIS2_PLACEMENT_3D('',#2608,#2194,#2195);
#1961=AXIS2_PLACEMENT_3D('',#2614,#2199,#2200);
#1962=AXIS2_PLACEMENT_3D('',#2618,#2203,#2204);
#1963=AXIS2_PLACEMENT_3D('',#2622,#2207,#2208);
#1964=AXIS2_PLACEMENT_3D('',#2624,#2210,#2211);
#1965=AXIS2_PLACEMENT_3D('',#2625,#2212,#2213);
#1966=AXIS2_PLACEMENT_3D('',#2631,#2217,#2218);
#1967=AXIS2_PLACEMENT_3D('',#2635,#2221,#2222);
#1968=AXIS2_PLACEMENT_3D('',#2639,#2225,#2226);
#1969=AXIS2_PLACEMENT_3D('',#2641,#2228,#2229);
#1970=AXIS2_PLACEMENT_3D('',#2642,#2230,#2231);
#1971=AXIS2_PLACEMENT_3D('',#2643,#2232,#2233);
#1972=AXIS2_PLACEMENT_3D('',#2645,#2234,#2235);
#1973=AXIS2_PLACEMENT_3D('',#2647,#2236,#2237);
#1974=AXIS2_PLACEMENT_3D('',#2649,#2238,#2239);
#1975=AXIS2_PLACEMENT_3D('',#2651,#2240,#2241);
#1976=AXIS2_PLACEMENT_3D('',#2652,#2242,#2243);
#1977=AXIS2_PLACEMENT_3D('',#2653,#2244,#2245);
#1978=AXIS2_PLACEMENT_3D('',#2655,#2246,#2247);
#1979=AXIS2_PLACEMENT_3D('',#2656,#2248,#2249);
#1980=AXIS2_PLACEMENT_3D('',#2657,#2250,#2251);
#1981=AXIS2_PLACEMENT_3D('',#2659,#2252,#2253);
#1982=AXIS2_PLACEMENT_3D('',#2660,#2254,#2255);
#1983=AXIS2_PLACEMENT_3D('',#2661,#2256,#2257);
#1984=AXIS2_PLACEMENT_3D('',#2663,#2258,#2259);
#1985=AXIS2_PLACEMENT_3D('',#2664,#2260,#2261);
#1986=AXIS2_PLACEMENT_3D('',#2665,#2262,#2263);
#1987=AXIS2_PLACEMENT_3D('',#2667,#2264,#2265);
#1988=AXIS2_PLACEMENT_3D('',#2668,#2266,#2267);
#1989=AXIS2_PLACEMENT_3D('',#2669,#2268,#2269);
#1990=AXIS2_PLACEMENT_3D('',#2670,#2270,#2271);
#1991=AXIS2_PLACEMENT_3D('',#2671,#2272,#2273);
#1992=AXIS2_PLACEMENT_3D('',#2672,#2274,#2275);
#1993=AXIS2_PLACEMENT_3D('',#2678,#2279,#2280);
#1994=AXIS2_PLACEMENT_3D('',#2684,#2284,#2285);
#1995=AXIS2_PLACEMENT_3D('',#2686,#2287,#2288);
#1996=AXIS2_PLACEMENT_3D('',#2688,#2290,#2291);
#1997=AXIS2_PLACEMENT_3D('',#2689,#2292,#2293);
#1998=AXIS2_PLACEMENT_3D('',#2695,#2297,#2298);
#1999=AXIS2_PLACEMENT_3D('',#2701,#2302,#2303);
#2000=AXIS2_PLACEMENT_3D('',#2703,#2305,#2306);
#2001=AXIS2_PLACEMENT_3D('',#2705,#2308,#2309);
#2002=AXIS2_PLACEMENT_3D('',#2706,#2310,#2311);
#2003=AXIS2_PLACEMENT_3D('',#2707,#2312,#2313);
#2004=AXIS2_PLACEMENT_3D('',#2709,#2314,#2315);
#2005=AXIS2_PLACEMENT_3D('',#2712,#2317,#2318);
#2006=AXIS2_PLACEMENT_3D('',#2718,#2322,#2323);
#2007=AXIS2_PLACEMENT_3D('',#2724,#2327,#2328);
#2008=AXIS2_PLACEMENT_3D('',#2730,#2332,#2333);
#2009=AXIS2_PLACEMENT_3D('',#2731,#2334,#2335);
#2010=AXIS2_PLACEMENT_3D('',#2732,#2336,#2337);
#2011=AXIS2_PLACEMENT_3D('',#2733,#2338,#2339);
#2012=AXIS2_PLACEMENT_3D('',#2734,#2340,#2341);
#2013=AXIS2_PLACEMENT_3D('',#2735,#2342,#2343);
#2014=AXIS2_PLACEMENT_3D('',#2736,#2344,#2345);
#2015=AXIS2_PLACEMENT_3D('',#2738,#2346,#2347);
#2016=AXIS2_PLACEMENT_3D('',#2741,#2349,#2350);
#2017=AXIS2_PLACEMENT_3D('',#2747,#2354,#2355);
#2018=AXIS2_PLACEMENT_3D('',#2753,#2359,#2360);
#2019=AXIS2_PLACEMENT_3D('',#2759,#2364,#2365);
#2020=AXIS2_PLACEMENT_3D('',#2760,#2366,#2367);
#2021=AXIS2_PLACEMENT_3D('',#2761,#2368,#2369);
#2022=AXIS2_PLACEMENT_3D('',#2762,#2370,#2371);
#2023=AXIS2_PLACEMENT_3D('',#2763,#2372,#2373);
#2024=AXIS2_PLACEMENT_3D('',#2764,#2374,#2375);
#2025=AXIS2_PLACEMENT_3D('',#2770,#2379,#2380);
#2026=AXIS2_PLACEMENT_3D('',#2774,#2383,#2384);
#2027=AXIS2_PLACEMENT_3D('',#2778,#2387,#2388);
#2028=AXIS2_PLACEMENT_3D('',#2782,#2391,#2392);
#2029=AXIS2_PLACEMENT_3D('',#2783,#2393,#2394);
#2030=AXIS2_PLACEMENT_3D('',#2784,#2395,#2396);
#2031=DIRECTION('',(0.,0.,1.));
#2032=DIRECTION('',(1.,0.,0.));
#2033=DIRECTION('',(0.707106781186547,-0.707106781186548,0.));
#2034=DIRECTION('',(0.707106781186548,0.707106781186547,0.));
#2035=DIRECTION('',(0.,0.,-1.));
#2036=DIRECTION('',(-0.707106781186548,-0.707106781186548,0.));
#2037=DIRECTION('',(0.,0.,-1.));
#2038=DIRECTION('',(-0.707106781186548,-0.707106781186548,0.));
#2039=DIRECTION('',(-0.707106781186548,-0.707106781186547,0.));
#2040=DIRECTION('',(0.,0.,-1.));
#2041=DIRECTION('',(-0.707106781186548,-0.707106781186547,0.));
#2042=DIRECTION('',(0.,0.,-1.));
#2043=DIRECTION('',(0.,0.,-1.));
#2044=DIRECTION('',(-0.707106781186548,-0.707106781186548,0.));
#2045=DIRECTION('',(0.,0.,-1.));
#2046=DIRECTION('',(-0.707106781186548,-0.707106781186548,0.));
#2047=DIRECTION('',(-0.707106781186552,0.707106781186543,0.));
#2048=DIRECTION('',(-0.707106781186543,-0.707106781186552,0.));
#2049=DIRECTION('',(0.707106781186548,0.707106781186547,0.));
#2050=DIRECTION('',(0.,0.,-1.));
#2051=DIRECTION('',(0.707106781186543,0.707106781186552,0.));
#2052=DIRECTION('',(0.,0.,-1.));
#2053=DIRECTION('',(-0.707106781186552,0.707106781186543,0.));
#2054=DIRECTION('',(-0.707106781186543,-0.707106781186552,0.));
#2055=DIRECTION('',(-0.707106781186548,-0.707106781186547,0.));
#2056=DIRECTION('',(0.,0.,-1.));
#2057=DIRECTION('',(0.707106781186548,0.707106781186547,0.));
#2058=DIRECTION('',(0.,0.,-1.));
#2059=DIRECTION('',(-0.707106781186547,-0.707106781186548,0.));
#2060=DIRECTION('',(0.707106781186548,-0.707106781186547,0.));
#2061=DIRECTION('',(0.707106781186548,-0.707106781186548,0.));
#2062=DIRECTION('',(0.,0.,-1.));
#2063=DIRECTION('',(0.707106781186548,-0.707106781186548,0.));
#2064=DIRECTION('',(0.707106781186548,-0.707106781186548,0.));
#2065=DIRECTION('',(0.,0.,-1.));
#2066=DIRECTION('',(0.707106781186548,-0.707106781186548,0.));
#2067=DIRECTION('',(0.,0.,-1.));
#2068=DIRECTION('',(-0.707106781186548,0.707106781186547,0.));
#2069=DIRECTION('',(0.,0.,-1.));
#2070=DIRECTION('',(-0.707106781186547,0.707106781186548,0.));
#2071=DIRECTION('',(0.,0.,-1.));
#2072=DIRECTION('',(-0.707106781186547,0.707106781186547,0.));
#2073=DIRECTION('',(0.,0.,-1.));
#2074=DIRECTION('',(-0.707106781186548,0.707106781186548,0.));
#2075=DIRECTION('',(0.,0.,-1.));
#2076=DIRECTION('',(-0.707106781186548,0.707106781186548,0.));
#2077=DIRECTION('',(0.,0.,-1.));
#2078=DIRECTION('',(-0.707106781186548,0.707106781186548,0.));
#2079=DIRECTION('',(0.,0.,-1.));
#2080=DIRECTION('',(-0.707106781186548,0.707106781186548,0.));
#2081=DIRECTION('',(0.,0.,-1.));
#2082=DIRECTION('',(-0.707106781186547,0.707106781186548,0.));
#2083=DIRECTION('',(-0.707106781186552,0.707106781186543,0.));
#2084=DIRECTION('',(-0.707106781186543,-0.707106781186552,0.));
#2085=DIRECTION('',(-0.707106781186548,-0.707106781186547,0.));
#2086=DIRECTION('',(0.,0.,-1.));
#2087=DIRECTION('',(0.707106781186543,0.707106781186552,0.));
#2088=DIRECTION('',(-0.171498585142509,-0.171498585142509,0.970142500145332));
#2089=DIRECTION('',(0.984731927834662,0.,0.174077655955698));
#2090=DIRECTION('',(0.896729672019322,0.380639162720101,0.225809041280151));
#2091=DIRECTION('',(-0.707106781186548,0.707106781186548,0.));
#2092=DIRECTION('',(-0.567768900691316,-0.787550410636343,-0.239588868928217));
#2093=DIRECTION('',(0.685994340570035,0.685994340570035,0.242535625036333));
#2094=DIRECTION('',(-0.374765844497931,-0.374765844497931,-0.847998304005088));
#2095=DIRECTION('',(-0.914659120760047,0.,0.404226041727221));
#2096=DIRECTION('',(-0.796441666621306,-0.33806943006075,0.501387806122043));
#2097=DIRECTION('',(-0.599625351196689,-0.599625351196689,0.52999894000318));
#2098=DIRECTION('',(0.4977050720224,0.69036509990204,-0.525057796933274));
#2099=DIRECTION('',(-0.707106781186548,0.707106781186548,0.));
#2100=DIRECTION('',(-0.707106781186548,-0.707106781186548,0.));
#2101=DIRECTION('',(0.707106781186548,-0.707106781186548,0.));
#2102=DIRECTION('',(0.,0.,-1.));
#2103=DIRECTION('',(0.,0.,-1.));
#2104=DIRECTION('',(-0.171498585142509,-0.171498585142509,0.970142500145332));
#2105=DIRECTION('',(0.984731927834662,0.,0.174077655955698));
#2106=DIRECTION('',(0.896729672019322,0.380639162720101,0.225809041280151));
#2107=DIRECTION('',(-0.707106781186548,0.707106781186548,0.));
#2108=DIRECTION('',(-0.567768900691316,-0.787550410636343,-0.239588868928217));
#2109=DIRECTION('',(0.685994340570035,0.685994340570035,0.242535625036333));
#2110=DIRECTION('',(-0.374765844497931,-0.374765844497931,-0.847998304005088));
#2111=DIRECTION('',(-0.914659120760047,0.,0.404226041727221));
#2112=DIRECTION('',(-0.796441666621306,-0.33806943006075,0.501387806122043));
#2113=DIRECTION('',(-0.599625351196689,-0.599625351196689,0.52999894000318));
#2114=DIRECTION('',(0.4977050720224,0.69036509990204,-0.525057796933274));
#2115=DIRECTION('',(-0.707106781186548,0.707106781186548,0.));
#2116=DIRECTION('',(-0.707106781186548,-0.707106781186548,0.));
#2117=DIRECTION('',(0.707106781186548,-0.707106781186548,0.));
#2118=DIRECTION('',(0.,0.,1.));
#2119=DIRECTION('',(0.,0.,-1.));
#2120=DIRECTION('',(0.707106781186545,-0.70710678118655,0.));
#2121=DIRECTION('',(0.70710678118655,0.707106781186545,0.));
#2122=DIRECTION('',(0.,0.,-1.));
#2123=DIRECTION('',(-0.70710678118655,-0.707106781186545,0.));
#2124=DIRECTION('',(0.707106781186545,-0.70710678118655,0.));
#2125=DIRECTION('',(0.70710678118655,0.707106781186545,0.));
#2126=DIRECTION('',(0.,0.,-1.));
#2127=DIRECTION('',(1.,0.,0.));
#2128=DIRECTION('',(0.,0.,-1.));
#2129=DIRECTION('',(0.,-1.,0.));
#2130=DIRECTION('',(0.,0.,-1.));
#2131=DIRECTION('',(0.,-1.,0.));
#2132=DIRECTION('',(0.,1.,0.));
#2133=DIRECTION('',(0.,0.,1.));
#2134=DIRECTION('',(-1.,0.,0.));
#2135=DIRECTION('',(0.,0.,1.));
#2136=DIRECTION('',(1.,0.,0.));
#2137=DIRECTION('',(0.,0.,-1.));
#2138=DIRECTION('',(-1.,0.,0.));
#2139=DIRECTION('',(0.,0.,1.));
#2140=DIRECTION('',(1.,0.,0.));
#2141=DIRECTION('',(0.,0.,-1.));
#2142=DIRECTION('',(1.,0.,0.));
#2143=DIRECTION('',(0.,0.,-1.));
#2144=DIRECTION('',(1.,0.,0.));
#2145=DIRECTION('',(-0.951056516295153,0.309016994374948,0.));
#2146=DIRECTION('',(-0.309016994374948,-0.951056516295153,0.));
#2147=DIRECTION('',(0.309016994374948,0.951056516295153,0.));
#2148=DIRECTION('',(0.,0.,-1.));
#2149=DIRECTION('',(0.309016994374948,0.951056516295153,0.));
#2150=DIRECTION('',(0.,0.,-1.));
#2151=DIRECTION('',(-1.,0.,0.));
#2152=DIRECTION('',(0.,0.,1.));
#2153=DIRECTION('',(1.,0.,0.));
#2154=DIRECTION('',(0.,0.,1.));
#2155=DIRECTION('',(1.,0.,0.));
#2156=DIRECTION('',(0.707106781186545,-0.70710678118655,0.));
#2157=DIRECTION('',(0.70710678118655,0.707106781186545,0.));
#2158=DIRECTION('',(0.,0.,-1.));
#2159=DIRECTION('',(-0.70710678118655,-0.707106781186545,0.));
#2160=DIRECTION('',(-0.707106781186547,-0.707106781186548,0.));
#2161=DIRECTION('',(0.707106781186548,-0.707106781186547,0.));
#2162=DIRECTION('',(-0.707106781186548,0.707106781186547,0.));
#2163=DIRECTION('',(0.,0.,-1.));
#2164=DIRECTION('',(0.,0.,-1.));
#2165=DIRECTION('',(-0.707106781186548,0.707106781186547,0.));
#2166=DIRECTION('',(0.,0.,-1.));
#2167=DIRECTION('',(0.,0.,-1.));
#2168=DIRECTION('',(0.,0.,-1.));
#2169=DIRECTION('',(-1.,0.,0.));
#2170=DIRECTION('',(0.,0.,1.));
#2171=DIRECTION('',(1.,0.,0.));
#2172=DIRECTION('',(0.,0.,-1.));
#2173=DIRECTION('',(0.,0.,1.));
#2174=DIRECTION('',(1.,0.,0.));
#2175=DIRECTION('',(1.35224954634579E-15,-1.,0.));
#2176=DIRECTION('',(1.,1.35224954634579E-15,0.));
#2177=DIRECTION('',(-1.,-1.35224954634579E-15,0.));
#2178=DIRECTION('',(0.,0.,-1.));
#2179=DIRECTION('',(-1.,-1.35224954634579E-15,0.));
#2180=DIRECTION('',(0.,0.,-1.));
#2181=DIRECTION('',(-1.,0.,0.));
#2182=DIRECTION('',(0.,0.,1.));
#2183=DIRECTION('',(1.,0.,0.));
#2184=DIRECTION('',(0.,0.,1.));
#2185=DIRECTION('',(1.,0.,0.));
#2186=DIRECTION('',(0.,0.,1.));
#2187=DIRECTION('',(1.,0.,0.));
#2188=DIRECTION('',(0.,0.,1.));
#2189=DIRECTION('',(1.,0.,0.));
#2190=DIRECTION('',(-0.707106781186546,-0.707106781186549,0.));
#2191=DIRECTION('',(0.707106781186547,-0.707106781186548,0.));
#2192=DIRECTION('',(0.866025403784439,0.5,0.));
#2193=DIRECTION('',(-0.4226182617407,0.90630778703665,0.));
#2194=DIRECTION('',(-1.,0.,0.));
#2195=DIRECTION('',(0.,0.,1.));
#2196=DIRECTION('',(0.,1.,0.));
#2197=DIRECTION('',(0.,0.,1.));
#2198=DIRECTION('',(0.,1.,0.));
#2199=DIRECTION('',(0.,0.,1.));
#2200=DIRECTION('',(1.,0.,0.));
#2201=DIRECTION('',(1.,0.,0.));
#2202=DIRECTION('',(0.,1.,0.));
#2203=DIRECTION('',(1.,0.,0.));
#2204=DIRECTION('',(0.,0.,-1.));
#2205=DIRECTION('',(0.,0.,-1.));
#2206=DIRECTION('',(0.,1.,0.));
#2207=DIRECTION('',(0.,0.,-1.));
#2208=DIRECTION('',(-1.,0.,0.));
#2209=DIRECTION('',(-1.,0.,0.));
#2210=DIRECTION('',(0.,1.,0.));
#2211=DIRECTION('',(0.,0.,1.));
#2212=DIRECTION('',(-1.,0.,0.));
#2213=DIRECTION('',(0.,0.,1.));
#2214=DIRECTION('',(0.,1.,0.));
#2215=DIRECTION('',(0.,0.,1.));
#2216=DIRECTION('',(0.,1.,0.));
#2217=DIRECTION('',(0.,0.,1.));
#2218=DIRECTION('',(1.,0.,0.));
#2219=DIRECTION('',(1.,0.,0.));
#2220=DIRECTION('',(0.,1.,0.));
#2221=DIRECTION('',(1.,0.,0.));
#2222=DIRECTION('',(0.,0.,-1.));
#2223=DIRECTION('',(0.,0.,-1.));
#2224=DIRECTION('',(0.,1.,0.));
#2225=DIRECTION('',(0.,0.,-1.));
#2226=DIRECTION('',(-1.,0.,0.));
#2227=DIRECTION('',(-1.,0.,0.));
#2228=DIRECTION('',(0.,1.,0.));
#2229=DIRECTION('',(0.,0.,1.));
#2230=DIRECTION('',(0.,0.,1.));
#2231=DIRECTION('',(1.,0.,0.));
#2232=DIRECTION('',(0.,0.,1.));
#2233=DIRECTION('',(1.,0.,0.));
#2234=DIRECTION('',(0.,0.,1.));
#2235=DIRECTION('',(1.,0.,0.));
#2236=DIRECTION('',(0.,0.,1.));
#2237=DIRECTION('',(1.,0.,0.));
#2238=DIRECTION('',(0.,0.,1.));
#2239=DIRECTION('',(1.,0.,0.));
#2240=DIRECTION('',(0.,0.,1.));
#2241=DIRECTION('',(1.,0.,0.));
#2242=DIRECTION('',(0.,0.,1.));
#2243=DIRECTION('',(1.,0.,0.));
#2244=DIRECTION('',(0.,0.,1.));
#2245=DIRECTION('',(1.,0.,0.));
#2246=DIRECTION('',(0.,0.,-1.));
#2247=DIRECTION('',(-1.,0.,0.));
#2248=DIRECTION('',(0.,0.,1.));
#2249=DIRECTION('',(1.,0.,0.));
#2250=DIRECTION('',(0.,0.,1.));
#2251=DIRECTION('',(1.,0.,0.));
#2252=DIRECTION('',(0.,0.,-1.));
#2253=DIRECTION('',(-1.,0.,0.));
#2254=DIRECTION('',(0.,0.,1.));
#2255=DIRECTION('',(1.,0.,0.));
#2256=DIRECTION('',(0.,0.,1.));
#2257=DIRECTION('',(1.,0.,0.));
#2258=DIRECTION('',(0.,0.,-1.));
#2259=DIRECTION('',(-1.,0.,0.));
#2260=DIRECTION('',(0.,0.,1.));
#2261=DIRECTION('',(1.,0.,0.));
#2262=DIRECTION('',(0.,0.,1.));
#2263=DIRECTION('',(1.,0.,0.));
#2264=DIRECTION('',(0.,0.,-1.));
#2265=DIRECTION('',(-1.,0.,0.));
#2266=DIRECTION('',(0.390731128489274,-0.92050485345244,0.));
#2267=DIRECTION('',(0.92050485345244,0.390731128489274,0.));
#2268=DIRECTION('',(-0.811176378747386,0.584801575376022,0.));
#2269=DIRECTION('',(-0.584801575376022,-0.811176378747386,0.));
#2270=DIRECTION('',(0.390731128489274,-0.92050485345244,0.));
#2271=DIRECTION('',(0.92050485345244,0.390731128489274,0.));
#2272=DIRECTION('',(-0.811176378747386,0.584801575376022,0.));
#2273=DIRECTION('',(-0.584801575376022,-0.811176378747386,0.));
#2274=DIRECTION('',(-0.707106781186547,0.707106781186548,0.));
#2275=DIRECTION('',(-0.707106781186548,-0.707106781186547,0.));
#2276=DIRECTION('',(-0.707106781186548,-0.707106781186547,0.));
#2277=DIRECTION('',(0.,0.,1.));
#2278=DIRECTION('',(0.707106781186548,0.707106781186547,0.));
#2279=DIRECTION('',(0.707106781186548,0.707106781186548,0.));
#2280=DIRECTION('',(-0.707106781186548,0.707106781186548,0.));
#2281=DIRECTION('',(0.707106781186548,-0.707106781186548,0.));
#2282=DIRECTION('',(0.,0.,1.));
#2283=DIRECTION('',(0.707106781186548,-0.707106781186548,0.));
#2284=DIRECTION('',(0.,0.,-1.));
#2285=DIRECTION('',(-1.,0.,0.));
#2286=DIRECTION('',(0.707106781186548,0.707106781186547,0.));
#2287=DIRECTION('',(0.,0.,1.));
#2288=DIRECTION('',(1.,0.,0.));
#2289=DIRECTION('',(-0.707106781186548,-0.707106781186547,0.));
#2290=DIRECTION('',(-0.707106781186547,0.707106781186548,0.));
#2291=DIRECTION('',(-0.707106781186548,-0.707106781186547,0.));
#2292=DIRECTION('',(-0.707106781186547,0.707106781186548,0.));
#2293=DIRECTION('',(-0.707106781186548,-0.707106781186547,0.));
#2294=DIRECTION('',(-0.707106781186548,-0.707106781186547,0.));
#2295=DIRECTION('',(0.,0.,1.));
#2296=DIRECTION('',(0.707106781186548,0.707106781186547,0.));
#2297=DIRECTION('',(0.707106781186548,0.707106781186548,0.));
#2298=DIRECTION('',(-0.707106781186548,0.707106781186548,0.));
#2299=DIRECTION('',(0.707106781186548,-0.707106781186548,0.));
#2300=DIRECTION('',(0.,0.,1.));
#2301=DIRECTION('',(0.707106781186548,-0.707106781186548,0.));
#2302=DIRECTION('',(0.,0.,-1.));
#2303=DIRECTION('',(-1.,0.,0.));
#2304=DIRECTION('',(0.707106781186548,0.707106781186547,0.));
#2305=DIRECTION('',(0.,0.,1.));
#2306=DIRECTION('',(1.,0.,0.));
#2307=DIRECTION('',(-0.707106781186548,-0.707106781186547,0.));
#2308=DIRECTION('',(-0.707106781186547,0.707106781186548,0.));
#2309=DIRECTION('',(-0.707106781186548,-0.707106781186547,0.));
#2310=DIRECTION('',(-0.707106781186548,-0.707106781186548,0.));
#2311=DIRECTION('',(0.707106781186548,-0.707106781186548,0.));
#2312=DIRECTION('',(-0.707106781186548,-0.707106781186548,0.));
#2313=DIRECTION('',(0.,0.,-1.));
#2314=DIRECTION('',(-0.707106781186548,-0.707106781186548,0.));
#2315=DIRECTION('',(0.,0.,-1.));
#2316=DIRECTION('',(-0.707106781186548,-0.707106781186548,0.));
#2317=DIRECTION('',(0.,0.,1.));
#2318=DIRECTION('',(1.,0.,0.));
#2319=DIRECTION('',(-0.707106781186548,0.707106781186547,0.));
#2320=DIRECTION('',(-0.707106781186548,0.707106781186547,0.));
#2321=DIRECTION('',(-0.707106781186548,-0.707106781186548,0.));
#2322=DIRECTION('',(0.707106781186547,-0.707106781186547,0.));
#2323=DIRECTION('',(0.707106781186548,0.707106781186548,0.));
#2324=DIRECTION('',(0.,0.,1.));
#2325=DIRECTION('',(0.,0.,1.));
#2326=DIRECTION('',(-0.707106781186548,-0.707106781186548,0.));
#2327=DIRECTION('',(0.,0.,-1.));
#2328=DIRECTION('',(-1.,0.,0.));
#2329=DIRECTION('',(0.707106781186548,-0.707106781186547,0.));
#2330=DIRECTION('',(0.707106781186548,-0.707106781186547,0.));
#2331=DIRECTION('',(-0.707106781186548,-0.707106781186548,0.));
#2332=DIRECTION('',(-0.707106781186548,-0.707106781186548,0.));
#2333=DIRECTION('',(0.707106781186548,-0.707106781186548,0.));
#2334=DIRECTION('',(-0.707106781186548,-0.707106781186548,0.));
#2335=DIRECTION('',(0.,0.,-1.));
#2336=DIRECTION('',(-0.707106781186548,-0.707106781186548,0.));
#2337=DIRECTION('',(0.,0.,-1.));
#2338=DIRECTION('',(-0.707106781186548,-0.707106781186548,0.));
#2339=DIRECTION('',(0.707106781186548,-0.707106781186548,0.));
#2340=DIRECTION('',(-0.707106781186548,-0.707106781186548,0.));
#2341=DIRECTION('',(0.707106781186548,-0.707106781186548,0.));
#2342=DIRECTION('',(-0.707106781186548,-0.707106781186548,0.));
#2343=DIRECTION('',(0.707106781186548,-0.707106781186548,0.));
#2344=DIRECTION('',(-0.707106781186548,-0.707106781186548,0.));
#2345=DIRECTION('',(0.,0.,-1.));
#2346=DIRECTION('',(-0.707106781186548,-0.707106781186548,0.));
#2347=DIRECTION('',(0.,0.,-1.));
#2348=DIRECTION('',(-0.707106781186548,-0.707106781186548,0.));
#2349=DIRECTION('',(0.,0.,1.));
#2350=DIRECTION('',(1.,0.,0.));
#2351=DIRECTION('',(-0.707106781186548,0.707106781186547,0.));
#2352=DIRECTION('',(-0.707106781186548,0.707106781186547,0.));
#2353=DIRECTION('',(-0.707106781186548,-0.707106781186548,0.));
#2354=DIRECTION('',(0.707106781186547,-0.707106781186547,0.));
#2355=DIRECTION('',(0.707106781186548,0.707106781186548,0.));
#2356=DIRECTION('',(0.,0.,1.));
#2357=DIRECTION('',(0.,0.,1.));
#2358=DIRECTION('',(-0.707106781186548,-0.707106781186548,0.));
#2359=DIRECTION('',(0.,0.,-1.));
#2360=DIRECTION('',(-1.,0.,0.));
#2361=DIRECTION('',(0.707106781186548,-0.707106781186547,0.));
#2362=DIRECTION('',(0.707106781186548,-0.707106781186547,0.));
#2363=DIRECTION('',(-0.707106781186548,-0.707106781186548,0.));
#2364=DIRECTION('',(-0.707106781186548,-0.707106781186548,0.));
#2365=DIRECTION('',(0.707106781186548,-0.707106781186548,0.));
#2366=DIRECTION('',(-0.707106781186548,-0.707106781186548,0.));
#2367=DIRECTION('',(0.,0.,-1.));
#2368=DIRECTION('',(-0.707106781186548,-0.707106781186548,0.));
#2369=DIRECTION('',(0.,0.,-1.));
#2370=DIRECTION('',(-0.707106781186548,-0.707106781186548,0.));
#2371=DIRECTION('',(0.707106781186548,-0.707106781186548,0.));
#2372=DIRECTION('',(-0.707106781186548,-0.707106781186548,0.));
#2373=DIRECTION('',(0.707106781186548,-0.707106781186548,0.));
#2374=DIRECTION('',(-0.707106781186549,0.707106781186546,0.));
#2375=DIRECTION('',(-0.707106781186546,-0.707106781186549,0.));
#2376=DIRECTION('',(0.,0.,1.));
#2377=DIRECTION('',(-0.707106781186546,-0.707106781186549,0.));
#2378=DIRECTION('',(0.,0.,1.));
#2379=DIRECTION('',(-0.707106781186548,-0.707106781186547,0.));
#2380=DIRECTION('',(0.707106781186547,-0.707106781186548,0.));
#2381=DIRECTION('',(0.707106781186547,-0.707106781186548,0.));
#2382=DIRECTION('',(0.,0.,1.));
#2383=DIRECTION('',(0.5,-0.866025403784439,0.));
#2384=DIRECTION('',(0.866025403784439,0.5,0.));
#2385=DIRECTION('',(0.866025403784439,0.5,0.));
#2386=DIRECTION('',(0.,0.,1.));
#2387=DIRECTION('',(0.90630778703665,0.4226182617407,0.));
#2388=DIRECTION('',(-0.4226182617407,0.90630778703665,0.));
#2389=DIRECTION('',(-0.4226182617407,0.90630778703665,0.));
#2390=DIRECTION('',(0.,0.,1.));
#2391=DIRECTION('',(0.,0.,1.));
#2392=DIRECTION('',(1.,0.,0.));
#2393=DIRECTION('',(0.,0.,1.));
#2394=DIRECTION('',(1.,0.,0.));
#2395=DIRECTION('',(0.,0.,1.));
#2396=DIRECTION('',(1.,0.,0.));
#2397=CARTESIAN_POINT('',(0.,0.,0.));
#2398=CARTESIAN_POINT('',(-0.260338751407683,12.5602622485155,10.));
#2399=CARTESIAN_POINT('',(-1.4573950262554,11.3632059736678,4.315));
#2400=CARTESIAN_POINT('',(-1.4573950262554,11.3632059736678,4.315));
#2401=CARTESIAN_POINT('',(-1.4573950262554,11.3632059736678,1.085));
#2402=CARTESIAN_POINT('',(-1.4573950262554,11.3632059736678,4.315));
#2403=CARTESIAN_POINT('',(-4.35653282912024,8.46406817080297,4.315));
#2404=CARTESIAN_POINT('',(-4.35653282912024,8.46406817080297,4.315));
#2405=CARTESIAN_POINT('',(-4.35653282912024,8.46406817080297,1.085));
#2406=CARTESIAN_POINT('',(-1.4573950262554,11.3632059736678,1.085));
#2407=CARTESIAN_POINT('',(-0.260338751407683,12.5602622485155,0.));
#2408=CARTESIAN_POINT('',(-0.260338751407683,12.5602622485155,0.));
#2409=CARTESIAN_POINT('',(-5.,7.82060099992322,0.));
#2410=CARTESIAN_POINT('',(-5.,7.82060099992322,10.));
#2411=CARTESIAN_POINT('',(-5.,7.82060099992322,11.));
#2412=CARTESIAN_POINT('',(-0.260338751407683,12.5602622485155,11.));
#2413=CARTESIAN_POINT('',(-0.260338751407683,12.5602622485155,11.));
#2414=CARTESIAN_POINT('',(-0.260338751407683,12.5602622485155,10.));
#2415=CARTESIAN_POINT('',(-1.4573950262554,11.3632059736678,9.315));
#2416=CARTESIAN_POINT('',(-1.4573950262554,11.3632059736678,9.315));
#2417=CARTESIAN_POINT('',(-1.4573950262554,11.3632059736678,6.085));
#2418=CARTESIAN_POINT('',(-1.4573950262554,11.3632059736678,9.315));
#2419=CARTESIAN_POINT('',(-4.35653282912024,8.46406817080297,9.315));
#2420=CARTESIAN_POINT('',(-4.35653282912024,8.46406817080297,9.315));
#2421=CARTESIAN_POINT('',(-4.35653282912024,8.46406817080297,6.085));
#2422=CARTESIAN_POINT('',(-1.4573950262554,11.3632059736678,6.085));
#2423=CARTESIAN_POINT('',(3.24486506863515,10.8328758877779,10.));
#2424=CARTESIAN_POINT('',(2.29027091403331,9.87828173317607,9.3));
#2425=CARTESIAN_POINT('',(3.24486506863515,10.8328758877779,9.3));
#2426=CARTESIAN_POINT('',(3.35093108581313,10.9389419049559,9.3));
#2427=CARTESIAN_POINT('',(3.35093108581313,10.9389419049559,10.));
#2428=CARTESIAN_POINT('',(3.35093108581313,10.9389419049559,10.));
#2429=CARTESIAN_POINT('',(3.24486506863515,10.8328758877779,10.));
#2430=CARTESIAN_POINT('',(3.24486506863515,10.8328758877779,10.));
#2431=CARTESIAN_POINT('',(3.24486506863515,10.8328758877779,10.));
#2432=CARTESIAN_POINT('',(3.24486506863515,10.8328758877779,10.));
#2433=CARTESIAN_POINT('',(3.35093108581313,10.9389419049559,5.7));
#2434=CARTESIAN_POINT('',(3.35093108581313,10.9389419049559,5.7));
#2435=CARTESIAN_POINT('',(3.24486506863515,10.8328758877779,5.7));
#2436=CARTESIAN_POINT('',(3.24486506863515,10.8328758877779,10.));
#2437=CARTESIAN_POINT('',(3.24486506863515,10.8328758877779,4.3));
#2438=CARTESIAN_POINT('',(2.29027091403331,9.87828173317607,4.3));
#2439=CARTESIAN_POINT('',(3.35093108581313,10.9389419049559,4.3));
#2440=CARTESIAN_POINT('',(3.35093108581313,10.9389419049559,10.));
#2441=CARTESIAN_POINT('',(3.35093108581313,10.9389419049559,10.));
#2442=CARTESIAN_POINT('',(1.79529616720272,12.4945768235663,9.3));
#2443=CARTESIAN_POINT('',(1.79529616720272,12.4945768235663,9.3));
#2444=CARTESIAN_POINT('',(1.79529616720272,12.4945768235663,9.3));
#2445=CARTESIAN_POINT('',(1.79529616720272,12.4945768235663,5.7));
#2446=CARTESIAN_POINT('',(1.79529616720272,12.4945768235663,5.7));
#2447=CARTESIAN_POINT('',(1.79529616720272,12.4945768235663,4.3));
#2448=CARTESIAN_POINT('',(1.79529616720272,12.4945768235663,4.3));
#2449=CARTESIAN_POINT('',(1.79529616720272,12.4945768235663,4.3));
#2450=CARTESIAN_POINT('',(1.79529616720272,12.4945768235663,0.699999999999999));
#2451=CARTESIAN_POINT('',(1.79529616720272,12.4945768235663,0.7));
#2452=CARTESIAN_POINT('',(3.35093108581313,10.9389419049559,0.7));
#2453=CARTESIAN_POINT('',(3.35093108581313,10.9389419049559,10.));
#2454=CARTESIAN_POINT('',(3.35093108581313,10.9389419049559,0.));
#2455=CARTESIAN_POINT('',(3.35093108581313,10.9389419049559,0.));
#2456=CARTESIAN_POINT('',(1.72961074225348,12.5602622485155,0.));
#2457=CARTESIAN_POINT('',(1.72961074225348,12.5602622485155,10.));
#2458=CARTESIAN_POINT('',(1.72961074225348,12.5602622485155,11.));
#2459=CARTESIAN_POINT('',(8.93904196533313,5.35083102543588,11.));
#2460=CARTESIAN_POINT('',(8.93904196533313,5.35083102543589,11.));
#2461=CARTESIAN_POINT('',(8.93904196533313,5.35083102543589,10.));
#2462=CARTESIAN_POINT('',(8.93904196533313,5.35083102543589,0.));
#2463=CARTESIAN_POINT('',(8.93904196533313,5.35083102543589,0.));
#2464=CARTESIAN_POINT('',(5.54296210749142,8.74691088327759,0.));
#2465=CARTESIAN_POINT('',(5.54296210749142,8.74691088327759,10.));
#2466=CARTESIAN_POINT('',(5.54296210749143,8.74691088327759,0.4));
#2467=CARTESIAN_POINT('',(8.8663639790682,5.42350901170082,0.4));
#2468=CARTESIAN_POINT('',(8.73063656601214,5.55923642475688,0.400000000000001));
#2469=CARTESIAN_POINT('',(8.73063656601214,5.55923642475688,10.));
#2470=CARTESIAN_POINT('',(8.73063656601214,5.55923642475688,4.6));
#2471=CARTESIAN_POINT('',(8.8663639790682,5.42350901170082,4.6));
#2472=CARTESIAN_POINT('',(5.54296210749143,8.74691088327759,4.6));
#2473=CARTESIAN_POINT('',(5.54296210749142,8.74691088327759,10.));
#2474=CARTESIAN_POINT('',(5.54296210749143,8.74691088327759,5.4));
#2475=CARTESIAN_POINT('',(8.8663639790682,5.42350901170082,5.4));
#2476=CARTESIAN_POINT('',(8.73063656601214,5.55923642475688,5.4));
#2477=CARTESIAN_POINT('',(8.73063656601214,5.55923642475688,10.));
#2478=CARTESIAN_POINT('',(8.73063656601214,5.55923642475688,9.6));
#2479=CARTESIAN_POINT('',(8.8663639790682,5.42350901170082,9.6));
#2480=CARTESIAN_POINT('',(5.54296210749143,8.74691088327759,9.6));
#2481=CARTESIAN_POINT('',(5.54296210749142,8.74691088327759,10.));
#2482=CARTESIAN_POINT('',(5.54296210749142,8.74691088327759,10.));
#2483=CARTESIAN_POINT('',(8.93904196533313,5.35083102543588,10.));
#2484=CARTESIAN_POINT('',(3.24486506863515,10.8328758877779,10.));
#2485=CARTESIAN_POINT('',(3.35093108581313,10.9389419049559,0.7));
#2486=CARTESIAN_POINT('',(3.24486506863515,10.8328758877779,0.7));
#2487=CARTESIAN_POINT('',(3.24486506863515,10.8328758877779,10.));
#2488=CARTESIAN_POINT('',(3.24486506863515,10.8328758877779,0.));
#2489=CARTESIAN_POINT('',(3.24486506863515,10.8328758877779,0.));
#2490=CARTESIAN_POINT('',(7.4521504166951,4.00929544932773,4.1));
#2491=CARTESIAN_POINT('',(7.07228818007338,4.85530929842402,4.18240474156045));
#2492=CARTESIAN_POINT('',(6.74504363550856,4.71640223051427,4.1));
#2493=CARTESIAN_POINT('',(7.4521504166951,4.00929544932773,4.1));
#2494=CARTESIAN_POINT('',(4.34088057947429,7.12056528654854,4.1));
#2495=CARTESIAN_POINT('',(3.95264044212811,6.58203864442318,3.93616923141431));
#2496=CARTESIAN_POINT('',(5.43689609031344,8.64084486609961,4.5625));
#2497=CARTESIAN_POINT('',(4.12874854511833,7.3326973209045,4.1));
#2498=CARTESIAN_POINT('',(8.8663639790682,5.42350901170082,0.4));
#2499=CARTESIAN_POINT('',(8.78018613131358,5.58026896738147,0.368806820534415));
#2500=CARTESIAN_POINT('',(6.74504363550856,4.71640223051427,1.65));
#2501=CARTESIAN_POINT('',(5.54296210749143,8.74691088327759,0.4));
#2502=CARTESIAN_POINT('',(5.43689609031344,8.64084486609961,0.493750000000001));
#2503=CARTESIAN_POINT('',(5.20543901473513,8.31979150320066,0.737927423577271));
#2504=CARTESIAN_POINT('',(4.34088057947429,7.12056528654853,1.65));
#2505=CARTESIAN_POINT('',(7.4521504166951,4.00929544932773,1.65));
#2506=CARTESIAN_POINT('',(7.4521504166951,4.00929544932773,1.65));
#2507=CARTESIAN_POINT('',(6.74504363550856,4.71640223051427,10.));
#2508=CARTESIAN_POINT('',(4.34088057947429,7.12056528654853,10.));
#2509=CARTESIAN_POINT('',(7.4521504166951,4.00929544932773,9.1));
#2510=CARTESIAN_POINT('',(7.07228818007338,4.85530929842402,9.18240474156045));
#2511=CARTESIAN_POINT('',(6.74504363550856,4.71640223051427,9.1));
#2512=CARTESIAN_POINT('',(7.4521504166951,4.00929544932773,9.1));
#2513=CARTESIAN_POINT('',(4.34088057947429,7.12056528654854,9.1));
#2514=CARTESIAN_POINT('',(3.95264044212811,6.58203864442318,8.93616923141431));
#2515=CARTESIAN_POINT('',(5.43689609031344,8.64084486609961,9.5625));
#2516=CARTESIAN_POINT('',(4.12874854511833,7.3326973209045,9.1));
#2517=CARTESIAN_POINT('',(8.8663639790682,5.42350901170082,5.4));
#2518=CARTESIAN_POINT('',(8.78018613131358,5.58026896738147,5.36880682053441));
#2519=CARTESIAN_POINT('',(6.74504363550856,4.71640223051427,6.65));
#2520=CARTESIAN_POINT('',(5.54296210749143,8.74691088327759,5.4));
#2521=CARTESIAN_POINT('',(5.43689609031344,8.64084486609961,5.49375));
#2522=CARTESIAN_POINT('',(5.20543901473513,8.31979150320066,5.73792742357727));
#2523=CARTESIAN_POINT('',(4.34088057947429,7.12056528654853,6.65));
#2524=CARTESIAN_POINT('',(7.4521504166951,4.00929544932773,6.65));
#2525=CARTESIAN_POINT('',(7.4521504166951,4.00929544932773,6.65));
#2526=CARTESIAN_POINT('',(6.74504363550856,4.71640223051427,6.65));
#2527=CARTESIAN_POINT('',(4.34088057947429,7.12056528654854,6.65));
#2528=CARTESIAN_POINT('',(5.54296210749142,8.74691088327759,10.));
#2529=CARTESIAN_POINT('',(5.43689609031344,8.64084486609961,10.));
#2530=CARTESIAN_POINT('',(5.43689609031344,8.64084486609961,10.));
#2531=CARTESIAN_POINT('',(5.54296210749142,8.74691088327759,10.));
#2532=CARTESIAN_POINT('',(5.54296210749142,8.74691088327759,10.));
#2533=CARTESIAN_POINT('',(5.43689609031344,8.64084486609961,10.));
#2534=CARTESIAN_POINT('',(-5.,7.82060099992322,10.));
#2535=CARTESIAN_POINT('',(-5.,7.82060099992322,0.));
#2536=CARTESIAN_POINT('',(-5.,0.,0.));
#2537=CARTESIAN_POINT('',(-5.,0.,10.));
#2538=CARTESIAN_POINT('',(-5.,0.,11.));
#2539=CARTESIAN_POINT('',(-5.,7.82060099992322,11.));
#2540=CARTESIAN_POINT('',(-5.,0.,10.));
#2541=CARTESIAN_POINT('',(0.35,0.,2.75));
#2542=CARTESIAN_POINT('',(0.35,0.,2.75));
#2543=CARTESIAN_POINT('',(-0.35,0.,2.75));
#2544=CARTESIAN_POINT('',(-0.35,0.,2.75));
#2545=CARTESIAN_POINT('',(-0.35,0.,3.45));
#2546=CARTESIAN_POINT('',(-0.35,0.,3.45));
#2547=CARTESIAN_POINT('',(0.35,0.,3.45));
#2548=CARTESIAN_POINT('',(0.35,0.,3.45));
#2549=CARTESIAN_POINT('',(0.35,0.,7.75));
#2550=CARTESIAN_POINT('',(0.35,0.,7.75));
#2551=CARTESIAN_POINT('',(-0.35,0.,7.75));
#2552=CARTESIAN_POINT('',(-0.35,0.,7.75));
#2553=CARTESIAN_POINT('',(-0.35,0.,8.45));
#2554=CARTESIAN_POINT('',(-0.35,0.,8.45));
#2555=CARTESIAN_POINT('',(0.35,0.,8.45));
#2556=CARTESIAN_POINT('',(0.35,0.,8.45));
#2557=CARTESIAN_POINT('',(-5.,0.,0.));
#2558=CARTESIAN_POINT('',(7.48750575575443,0.,0.));
#2559=CARTESIAN_POINT('',(7.48750575575443,0.,10.));
#2560=CARTESIAN_POINT('',(7.48750575575443,0.,11.));
#2561=CARTESIAN_POINT('',(-5.,0.,11.));
#2562=CARTESIAN_POINT('',(7.48750575575443,0.,10.));
#2563=CARTESIAN_POINT('',(7.48750575575443,0.,0.));
#2564=CARTESIAN_POINT('',(9.06101683288744,4.84276913765514,0.));
#2565=CARTESIAN_POINT('',(9.06101683288744,4.84276913765514,10.));
#2566=CARTESIAN_POINT('',(9.06101683288744,4.84276913765514,11.));
#2567=CARTESIAN_POINT('',(7.48750575575443,0.,11.));
#2568=CARTESIAN_POINT('',(8.58548857473985,4.99727763484261,10.));
#2569=CARTESIAN_POINT('',(8.58548857473985,4.99727763484261,0.));
#2570=CARTESIAN_POINT('',(8.58548857473986,4.99727763484261,11.));
#2571=CARTESIAN_POINT('',(5.54296210749142,8.74691088327759,10.));
#2572=CARTESIAN_POINT('',(5.43689609031344,8.64084486609961,10.));
#2573=CARTESIAN_POINT('',(5.43689609031344,8.64084486609961,0.));
#2574=CARTESIAN_POINT('',(5.54296210749142,8.74691088327759,0.));
#2575=CARTESIAN_POINT('',(5.43689609031344,8.64084486609961,10.));
#2576=CARTESIAN_POINT('',(5.43689609031344,8.64084486609961,0.));
#2577=CARTESIAN_POINT('',(3.24486506863515,10.8328758877779,10.));
#2578=CARTESIAN_POINT('',(3.24486506863515,10.8328758877779,10.));
#2579=CARTESIAN_POINT('',(5.43689609031344,8.64084486609961,10.));
#2580=CARTESIAN_POINT('',(5.43689609031344,8.64084486609961,10.));
#2581=CARTESIAN_POINT('',(5.43689609031344,8.64084486609961,10.));
#2582=CARTESIAN_POINT('',(1.37605735166021,12.2067088579223,10.));
#2583=CARTESIAN_POINT('',(1.37605735166021,12.2067088579223,0.));
#2584=CARTESIAN_POINT('',(1.37605735166021,12.7067088579223,0.));
#2585=CARTESIAN_POINT('',(1.37605735166021,12.7067088579223,10.));
#2586=CARTESIAN_POINT('',(1.37605735166021,12.7067088579223,11.));
#2587=CARTESIAN_POINT('',(1.37605735166021,12.2067088579223,11.));
#2588=CARTESIAN_POINT('',(1.37605735166021,12.7067088579223,10.));
#2589=CARTESIAN_POINT('',(1.37605735166021,12.7067088579223,0.));
#2590=CARTESIAN_POINT('',(0.0932146391855895,12.7067088579223,0.));
#2591=CARTESIAN_POINT('',(0.0932146391855895,12.7067088579223,10.));
#2592=CARTESIAN_POINT('',(0.0932146391855895,12.7067088579223,11.));
#2593=CARTESIAN_POINT('',(1.37605735166021,12.7067088579223,11.));
#2594=CARTESIAN_POINT('',(0.0932146391855921,12.2067088579223,10.));
#2595=CARTESIAN_POINT('',(0.0932146391855921,12.2067088579223,0.));
#2596=CARTESIAN_POINT('',(0.0932146391855921,12.2067088579223,11.));
#2597=CARTESIAN_POINT('',(8.58548857473985,4.99727763484261,0.));
#2598=CARTESIAN_POINT('',(3.2238338848148,4.02361960456671,0.));
#2599=CARTESIAN_POINT('',(3.67698777833312,4.23492873543706,0.));
#2600=CARTESIAN_POINT('',(2.87028049422152,4.37717299515998,0.));
#2601=CARTESIAN_POINT('',(2.87028049422152,4.37717299515998,0.));
#2602=CARTESIAN_POINT('',(1.08818938601618,2.59508188695463,0.));
#2603=CARTESIAN_POINT('',(1.08818938601618,2.59508188695463,0.));
#2604=CARTESIAN_POINT('',(2.36098159215196,1.32228968081885,0.));
#2605=CARTESIAN_POINT('',(2.36098159215196,1.32228968081885,0.));
#2606=CARTESIAN_POINT('',(4.46793395174688,2.5387391928007,0.));
#2607=CARTESIAN_POINT('',(4.46793395174688,2.5387391928007,0.));
#2608=CARTESIAN_POINT('',(-0.35,-4.,7.75));
#2609=CARTESIAN_POINT('',(-0.35,-4.,7.75));
#2610=CARTESIAN_POINT('',(-0.35,-4.,7.75));
#2611=CARTESIAN_POINT('',(-0.35,-4.,7.75));
#2612=CARTESIAN_POINT('',(-0.35,-4.,8.45));
#2613=CARTESIAN_POINT('',(-0.35,-4.,8.45));
#2614=CARTESIAN_POINT('',(-0.35,-4.,8.45));
#2615=CARTESIAN_POINT('',(-0.35,-4.,8.45));
#2616=CARTESIAN_POINT('',(0.35,-4.,8.45));
#2617=CARTESIAN_POINT('',(0.35,-4.,8.45));
#2618=CARTESIAN_POINT('',(0.35,-4.,8.45));
#2619=CARTESIAN_POINT('',(0.35,-4.,8.45));
#2620=CARTESIAN_POINT('',(0.35,-4.,7.75));
#2621=CARTESIAN_POINT('',(0.35,-4.,7.75));
#2622=CARTESIAN_POINT('',(0.35,-4.,7.75));
#2623=CARTESIAN_POINT('',(0.35,-4.,7.75));
#2624=CARTESIAN_POINT('',(0.,-4.,0.));
#2625=CARTESIAN_POINT('',(-0.35,-4.,2.75));
#2626=CARTESIAN_POINT('',(-0.35,-4.,2.75));
#2627=CARTESIAN_POINT('',(-0.35,-4.,2.75));
#2628=CARTESIAN_POINT('',(-0.35,-4.,2.75));
#2629=CARTESIAN_POINT('',(-0.35,-4.,3.45));
#2630=CARTESIAN_POINT('',(-0.35,-4.,3.45));
#2631=CARTESIAN_POINT('',(-0.35,-4.,3.45));
#2632=CARTESIAN_POINT('',(-0.35,-4.,3.45));
#2633=CARTESIAN_POINT('',(0.35,-4.,3.45));
#2634=CARTESIAN_POINT('',(0.35,-4.,3.45));
#2635=CARTESIAN_POINT('',(0.35,-4.,3.45));
#2636=CARTESIAN_POINT('',(0.35,-4.,3.45));
#2637=CARTESIAN_POINT('',(0.35,-4.,2.75));
#2638=CARTESIAN_POINT('',(0.35,-4.,2.75));
#2639=CARTESIAN_POINT('',(0.35,-4.,2.75));
#2640=CARTESIAN_POINT('',(0.35,-4.,2.75));
#2641=CARTESIAN_POINT('',(0.,-4.,-5.));
#2642=CARTESIAN_POINT('',(8.58548857473986,4.99727763484261,11.));
#2643=CARTESIAN_POINT('',(3.20950972957582,8.81762156139625,11.));
#2644=CARTESIAN_POINT('',(4.00950972957582,8.81762156139625,11.));
#2645=CARTESIAN_POINT('',(-4.00297943852697,7.12056528654853,11.));
#2646=CARTESIAN_POINT('',(-3.40297943852697,7.12056528654853,11.));
#2647=CARTESIAN_POINT('',(7.24001838233914,3.09005663378521,11.));
#2648=CARTESIAN_POINT('',(7.84001838233914,3.09005663378521,11.));
#2649=CARTESIAN_POINT('',(-1.88165909496733,3.01934595566656,11.));
#2650=CARTESIAN_POINT('',(-1.08165909496733,3.01934595566656,11.));
#2651=CARTESIAN_POINT('',(8.58548857473986,4.99727763484261,10.));
#2652=CARTESIAN_POINT('',(7.24001838233914,3.09005663378521,11.6));
#2653=CARTESIAN_POINT('',(7.24001838233914,3.09005663378521,11.6));
#2654=CARTESIAN_POINT('',(7.84001838233914,3.09005663378521,11.6));
#2655=CARTESIAN_POINT('',(7.24001838233914,3.09005663378521,11.6));
#2656=CARTESIAN_POINT('',(-4.00297943852697,7.12056528654853,11.6));
#2657=CARTESIAN_POINT('',(-4.00297943852697,7.12056528654853,11.6));
#2658=CARTESIAN_POINT('',(-3.40297943852697,7.12056528654853,11.6));
#2659=CARTESIAN_POINT('',(-4.00297943852697,7.12056528654853,11.6));
#2660=CARTESIAN_POINT('',(3.20950972957582,8.81762156139625,11.6));
#2661=CARTESIAN_POINT('',(3.20950972957582,8.81762156139625,11.6));
#2662=CARTESIAN_POINT('',(4.00950972957582,8.81762156139625,11.6));
#2663=CARTESIAN_POINT('',(3.20950972957582,8.81762156139625,11.6));
#2664=CARTESIAN_POINT('',(-1.88165909496733,3.01934595566656,11.6));
#2665=CARTESIAN_POINT('',(-1.88165909496733,3.01934595566656,11.6));
#2666=CARTESIAN_POINT('',(-1.08165909496733,3.01934595566656,11.6));
#2667=CARTESIAN_POINT('',(-1.88165909496733,3.01934595566656,11.6));
#2668=CARTESIAN_POINT('',(8.73063656601214,5.55923642475688,10.));
#2669=CARTESIAN_POINT('',(4.34088057947429,7.12056528654853,10.));
#2670=CARTESIAN_POINT('',(8.73063656601214,5.55923642475688,10.));
#2671=CARTESIAN_POINT('',(4.34088057947429,7.12056528654853,10.));
#2672=CARTESIAN_POINT('',(-3.79400540957138,3.79400540957138,0.));
#2673=CARTESIAN_POINT('',(3.35093108581313,10.9389419049559,0.7));
#2674=CARTESIAN_POINT('',(2.29027091403331,9.87828173317607,0.7));
#2675=CARTESIAN_POINT('',(2.29027091403331,9.87828173317607,0.7));
#2676=CARTESIAN_POINT('',(2.29027091403331,9.87828173317607,4.3));
#2677=CARTESIAN_POINT('',(2.29027091403331,9.87828173317607,4.3));
#2678=CARTESIAN_POINT('',(0.734635995422903,11.4339166517865,0.7));
#2679=CARTESIAN_POINT('',(0.734635995422903,11.4339166517865,0.7));
#2680=CARTESIAN_POINT('',(0.734635995422903,11.4339166517865,0.7));
#2681=CARTESIAN_POINT('',(0.734635995422903,11.4339166517865,0.7));
#2682=CARTESIAN_POINT('',(0.734635995422903,11.4339166517865,4.3));
#2683=CARTESIAN_POINT('',(0.734635995422903,11.4339166517865,4.3));
#2684=CARTESIAN_POINT('',(0.734635995422903,11.4339166517865,4.3));
#2685=CARTESIAN_POINT('',(0.734635995422903,11.4339166517865,4.3));
#2686=CARTESIAN_POINT('',(1.79529616720272,12.4945768235663,0.7));
#2687=CARTESIAN_POINT('',(1.79529616720272,12.4945768235663,0.7));
#2688=CARTESIAN_POINT('',(-5.34964032818179,5.34964032818179,0.));
#2689=CARTESIAN_POINT('',(-3.79400540957138,3.79400540957138,5.));
#2690=CARTESIAN_POINT('',(3.35093108581313,10.9389419049559,5.7));
#2691=CARTESIAN_POINT('',(2.29027091403331,9.87828173317607,5.7));
#2692=CARTESIAN_POINT('',(2.29027091403331,9.87828173317607,5.7));
#2693=CARTESIAN_POINT('',(2.29027091403331,9.87828173317607,9.3));
#2694=CARTESIAN_POINT('',(2.29027091403331,9.87828173317607,9.3));
#2695=CARTESIAN_POINT('',(0.734635995422903,11.4339166517865,5.7));
#2696=CARTESIAN_POINT('',(0.734635995422903,11.4339166517865,5.7));
#2697=CARTESIAN_POINT('',(0.734635995422903,11.4339166517865,5.7));
#2698=CARTESIAN_POINT('',(0.734635995422903,11.4339166517865,5.7));
#2699=CARTESIAN_POINT('',(0.734635995422903,11.4339166517865,9.3));
#2700=CARTESIAN_POINT('',(0.734635995422903,11.4339166517865,9.3));
#2701=CARTESIAN_POINT('',(0.734635995422903,11.4339166517865,9.3));
#2702=CARTESIAN_POINT('',(0.734635995422903,11.4339166517865,9.3));
#2703=CARTESIAN_POINT('',(1.79529616720272,12.4945768235663,5.7));
#2704=CARTESIAN_POINT('',(1.79529616720272,12.4945768235663,5.7));
#2705=CARTESIAN_POINT('',(-5.34964032818179,5.34964032818179,5.));
#2706=CARTESIAN_POINT('',(-0.75028824506885,10.6560991924813,4.315));
#2707=CARTESIAN_POINT('',(-3.64942604793369,7.75696138961643,4.315));
#2708=CARTESIAN_POINT('',(-3.64942604793369,7.75696138961643,3.315));
#2709=CARTESIAN_POINT('',(-0.75028824506885,10.6560991924813,4.315));
#2710=CARTESIAN_POINT('',(-0.750288245068849,10.6560991924813,3.315));
#2711=CARTESIAN_POINT('',(-0.750288245068849,10.6560991924813,3.315));
#2712=CARTESIAN_POINT('',(-0.396734854475575,10.302545801888,3.315));
#2713=CARTESIAN_POINT('',(-3.29587265734042,7.40340799902315,3.315));
#2714=CARTESIAN_POINT('',(-3.29587265734042,7.40340799902315,3.315));
#2715=CARTESIAN_POINT('',(-0.396734854475575,10.302545801888,3.315));
#2716=CARTESIAN_POINT('',(-0.396734854475575,10.302545801888,3.315));
#2717=CARTESIAN_POINT('',(-0.396734854475575,10.302545801888,3.315));
#2718=CARTESIAN_POINT('',(-0.396734854475575,10.302545801888,2.085));
#2719=CARTESIAN_POINT('',(-3.29587265734042,7.40340799902315,2.085));
#2720=CARTESIAN_POINT('',(-3.29587265734042,7.40340799902315,2.085));
#2721=CARTESIAN_POINT('',(-0.396734854475575,10.302545801888,2.085));
#2722=CARTESIAN_POINT('',(-0.396734854475575,10.302545801888,2.085));
#2723=CARTESIAN_POINT('',(-0.396734854475575,10.302545801888,2.085));
#2724=CARTESIAN_POINT('',(-0.750288245068849,10.6560991924813,2.085));
#2725=CARTESIAN_POINT('',(-3.64942604793369,7.75696138961643,2.085));
#2726=CARTESIAN_POINT('',(-3.64942604793369,7.75696138961643,2.085));
#2727=CARTESIAN_POINT('',(-0.750288245068849,10.6560991924813,2.085));
#2728=CARTESIAN_POINT('',(-0.750288245068849,10.6560991924813,2.085));
#2729=CARTESIAN_POINT('',(-0.750288245068849,10.6560991924813,2.085));
#2730=CARTESIAN_POINT('',(-0.75028824506885,10.6560991924813,1.085));
#2731=CARTESIAN_POINT('',(-3.64942604793369,7.75696138961643,1.085));
#2732=CARTESIAN_POINT('',(-0.75028824506885,10.6560991924813,1.085));
#2733=CARTESIAN_POINT('',(-0.75028824506885,10.6560991924813,4.315));
#2734=CARTESIAN_POINT('',(-3.64942604793369,7.75696138961643,4.315));
#2735=CARTESIAN_POINT('',(-0.75028824506885,10.6560991924813,9.315));
#2736=CARTESIAN_POINT('',(-3.64942604793369,7.75696138961643,9.315));
#2737=CARTESIAN_POINT('',(-3.64942604793369,7.75696138961643,8.315));
#2738=CARTESIAN_POINT('',(-0.75028824506885,10.6560991924813,9.315));
#2739=CARTESIAN_POINT('',(-0.750288245068849,10.6560991924813,8.315));
#2740=CARTESIAN_POINT('',(-0.750288245068849,10.6560991924813,8.315));
#2741=CARTESIAN_POINT('',(-0.396734854475575,10.302545801888,8.315));
#2742=CARTESIAN_POINT('',(-3.29587265734042,7.40340799902315,8.315));
#2743=CARTESIAN_POINT('',(-3.29587265734042,7.40340799902315,8.315));
#2744=CARTESIAN_POINT('',(-0.396734854475575,10.302545801888,8.315));
#2745=CARTESIAN_POINT('',(-0.396734854475575,10.302545801888,8.315));
#2746=CARTESIAN_POINT('',(-0.396734854475575,10.302545801888,8.315));
#2747=CARTESIAN_POINT('',(-0.396734854475575,10.302545801888,7.085));
#2748=CARTESIAN_POINT('',(-3.29587265734042,7.40340799902315,7.085));
#2749=CARTESIAN_POINT('',(-3.29587265734042,7.40340799902315,7.085));
#2750=CARTESIAN_POINT('',(-0.396734854475575,10.302545801888,7.085));
#2751=CARTESIAN_POINT('',(-0.396734854475575,10.302545801888,7.085));
#2752=CARTESIAN_POINT('',(-0.396734854475575,10.302545801888,7.085));
#2753=CARTESIAN_POINT('',(-0.750288245068849,10.6560991924813,7.085));
#2754=CARTESIAN_POINT('',(-3.64942604793369,7.75696138961643,7.085));
#2755=CARTESIAN_POINT('',(-3.64942604793369,7.75696138961643,7.085));
#2756=CARTESIAN_POINT('',(-0.750288245068849,10.6560991924813,7.085));
#2757=CARTESIAN_POINT('',(-0.750288245068849,10.6560991924813,7.085));
#2758=CARTESIAN_POINT('',(-0.750288245068849,10.6560991924813,7.085));
#2759=CARTESIAN_POINT('',(-0.75028824506885,10.6560991924813,6.085));
#2760=CARTESIAN_POINT('',(-3.64942604793369,7.75696138961643,6.085));
#2761=CARTESIAN_POINT('',(-0.75028824506885,10.6560991924813,6.085));
#2762=CARTESIAN_POINT('',(-0.75028824506885,10.6560991924813,9.315));
#2763=CARTESIAN_POINT('',(-3.64942604793369,7.75696138961643,9.315));
#2764=CARTESIAN_POINT('',(2.87028049422152,4.37717299515998,-0.7));
#2765=CARTESIAN_POINT('',(2.87028049422152,4.37717299515998,-0.7));
#2766=CARTESIAN_POINT('',(2.87028049422152,4.37717299515998,-0.7));
#2767=CARTESIAN_POINT('',(2.87028049422152,4.37717299515998,-0.7));
#2768=CARTESIAN_POINT('',(1.08818938601618,2.59508188695463,-0.7));
#2769=CARTESIAN_POINT('',(1.08818938601618,2.59508188695463,-0.7));
#2770=CARTESIAN_POINT('',(1.08818938601618,2.59508188695463,-0.7));
#2771=CARTESIAN_POINT('',(1.08818938601618,2.59508188695463,-0.7));
#2772=CARTESIAN_POINT('',(2.36098159215196,1.32228968081885,-0.7));
#2773=CARTESIAN_POINT('',(2.36098159215196,1.32228968081885,-0.7));
#2774=CARTESIAN_POINT('',(2.36098159215196,1.32228968081885,-0.7));
#2775=CARTESIAN_POINT('',(2.36098159215196,1.32228968081885,-0.7));
#2776=CARTESIAN_POINT('',(4.46793395174688,2.5387391928007,-0.7));
#2777=CARTESIAN_POINT('',(4.46793395174688,2.5387391928007,-0.7));
#2778=CARTESIAN_POINT('',(4.46793395174688,2.5387391928007,-0.7));
#2779=CARTESIAN_POINT('',(4.46793395174688,2.5387391928007,-0.7));
#2780=CARTESIAN_POINT('',(3.67698777833312,4.23492873543706,-0.7));
#2781=CARTESIAN_POINT('',(3.67698777833312,4.23492873543706,-0.7));
#2782=CARTESIAN_POINT('',(3.2238338848148,4.02361960456671,-0.7));
#2783=CARTESIAN_POINT('',(3.2238338848148,4.02361960456671,-0.7));
#2784=CARTESIAN_POINT('',(3.2238338848148,4.02361960456671,-0.7));
#2785=MECHANICAL_DESIGN_GEOMETRIC_PRESENTATION_REPRESENTATION('',(#1307,
#1308,#1309,#1310,#1311,#1312,#1313,#1314,#1315,#1316,#1317,#1318,#1319,
#1320,#1321,#1322,#1323,#1324,#1325,#1326,#1327,#1328,#1329,#1330,#1331,
#1332,#1333,#1334,#1335,#1336,#1337,#1338,#1339,#1340,#1341,#1342,#1343,
#1344,#1345,#1346,#1347,#1348,#1349,#1350,#1351,#1352,#1353,#1354,#1355,
#1356,#1357,#1358,#1359,#1360,#1361,#1362,#1363,#1364,#1365,#1366,#1367,
#1368,#1369,#1370,#1371,#1372,#1373,#1374,#1375,#1376,#1377,#1378,#1379,
#1380,#1381,#1382,#1383),#2786);
#2786=(
GEOMETRIC_REPRESENTATION_CONTEXT(3)
GLOBAL_UNCERTAINTY_ASSIGNED_CONTEXT((#2787))
GLOBAL_UNIT_ASSIGNED_CONTEXT((#2790,#2789,#2788))
REPRESENTATION_CONTEXT('236-102','TOP_LEVEL_ASSEMBLY_PART')
);
#2787=UNCERTAINTY_MEASURE_WITH_UNIT(LENGTH_MEASURE(1.E-5),#2790,
'DISTANCE_ACCURACY_VALUE','Maximum Tolerance applied to model');
#2788=(
NAMED_UNIT(*)
SI_UNIT($,.STERADIAN.)
SOLID_ANGLE_UNIT()
);
#2789=(
NAMED_UNIT(*)
PLANE_ANGLE_UNIT()
SI_UNIT($,.RADIAN.)
);
#2790=(
LENGTH_UNIT()
NAMED_UNIT(*)
SI_UNIT(.MILLI.,.METRE.)
);
#2791=PRODUCT_DEFINITION_SHAPE('','',#2792);
#2792=PRODUCT_DEFINITION('','',#2794,#2793);
#2793=PRODUCT_DEFINITION_CONTEXT('',#2800,'design');
#2794=PRODUCT_DEFINITION_FORMATION_WITH_SPECIFIED_SOURCE('','',#2796,
 .NOT_KNOWN.);
#2795=PRODUCT_RELATED_PRODUCT_CATEGORY('','',(#2796));
#2796=PRODUCT('236-102','236-102','236-102',(#2798));
#2797=PRODUCT_CATEGORY('','');
#2798=PRODUCT_CONTEXT('',#2800,'mechanical');
#2799=APPLICATION_PROTOCOL_DEFINITION('international standard',
'automotive_design',2010,#2800);
#2800=APPLICATION_CONTEXT(
'core data for automotive mechanical design processes');
ENDSEC;
END-ISO-10303-21;
