#VRML V2.0 utf8
# 3D model generated by easyeda2kicad.py (https://github.com/uPesy/easyeda2kicad.py)

Shape{
    appearance Appearance {
        material  Material 	{
            diffuseColor 0.6666666666666666 0.6980392156862745 0.7686274509803922
            specularColor 0.3333333333333333 0.34901960784313724 0.3843137254901961
            ambientIntensity 0.6967
            transparency 0.0
            shininess 0.5
        }
    }
    geometry IndexedFaceSet {
        ccw TRUE
        solid FALSE
        coord DEF co Coordinate {
            point [
                5.331 -2.8289 1.2638, 5.328 -2.8292 1.2638, 5.3602 -2.8292 1.2638, -5.5042 -2.7029 1.2638, -5.485 -2.6567 1.2638, -6.4961 -2.6567 1.2638, 4.5675 -2.887 1.2638, 4.5565 -2.8821 1.2638, -0.3637 -2.8821 1.2638, 4.3901 -2.6688 1.2638, 4.3922 -2.6567 1.2638, -0.3637 -2.6567 1.2638, 4.9339 -2.5869 1.2638, 4.9597 -2.6086 1.2638, 5.0498 3.2283 1.2638, 4.8077 -2.468 1.2638, 4.85 -2.4965 1.2638, 4.8813 -2.5326 1.2638, 4.4344 -2.5695 1.2638, 4.4407 -2.5635 1.2638, -0.3637 3.2283 1.2638, 4.4709 -2.5423 1.2638, 4.674 -2.4529 1.2638, 4.7209 -2.4472 1.2638, 4.76 -2.4513 1.2638, 4.9057 -2.5729 1.2638, 4.9012 -2.5714 1.2638, 4.5848 -2.5033 1.2638, 4.6071 -2.4842 1.2638, 4.6302 -2.4698 1.2638, 4.506 -2.5286 1.2638, 4.5435 -2.524 1.2638, 4.5544 -2.5246 1.2638, 4.5653 -2.5259 1.2638, 4.3964 -2.6331 1.2638, -0.3637 -2.6175 1.2638, 4.4033 -2.6175 1.2638, 4.4115 -2.5989 1.2638, 4.4592 -2.8063 1.2638, 4.4297 -2.7811 1.2638, -0.3637 -2.8292 1.2638, 4.4934 -2.823 1.2638, 4.4081 -2.7504 1.2638, 4.3944 -2.715 1.2638, 4.3898 -2.6777 1.2638, 4.5056 -2.8267 1.2638, 4.5067 -2.8292 1.2638, 4.514 -2.8452 1.2638, 4.5276 -2.8629 1.2638, 4.5459 -2.8773 1.2638, 4.6356 -2.8821 1.2638, 4.6162 -2.8889 1.2638, 5.0498 -3.2283 1.2638, 4.5957 -2.8912 1.2638, 4.5898 -2.891 1.2638, -0.3637 -3.2283 1.2638, 4.6845 -2.8292 1.2638, 4.6842 -2.8303 1.2638, 5.0498 -2.8821 1.2638, 4.6728 -2.8514 1.2638, 4.6568 -2.8688 1.2638, 4.6376 -2.8814 1.2638, 4.8057 -2.7733 1.2638, 4.8123 -2.7707 1.2638, 4.8234 -2.7166 1.2638, 4.6669 -2.7327 1.2638, 4.794 -2.6663 1.2638, 4.6519 -2.7188 1.2638, 4.632 -2.7076 1.2638, 4.7999 -2.7774 1.2638, 4.96 -2.7859 1.2638, 4.9343 -2.8077 1.2638, 5.0498 -2.8292 1.2638, 4.9359 -2.6886 1.2638, 4.9315 -2.6704 1.2638, 4.9241 -2.6567 1.2638, 4.4517 -2.6567 1.2638, 4.9789 -2.7595 1.2638, 4.8196 -2.7697 1.2638, 4.8205 -2.7698 1.2638, 4.8234 -2.7704 1.2638, 4.9876 -2.6567 1.2638, 4.9907 -2.6646 1.2638, 5.0498 -2.6567 1.2638, 4.9951 -2.6957 1.2638, 4.9908 -2.7295 1.2638, 4.4509 -2.6919 1.2638, 4.5184 -2.7407 1.2638, 4.4496 -2.6758 1.2638, 4.5345 -2.7232 1.2638, 4.5542 -2.7102 1.2638, 4.7902 -2.7992 1.2638, 4.7904 -2.7954 1.2638, 4.6906 -2.7868 1.2638, 4.7923 -2.7882 1.2638, 4.796 -2.7817 1.2638, 4.4581 -2.7151 1.2638, 4.4707 -2.7353 1.2638, 4.5076 -2.7602 1.2638, 4.4882 -2.7522 1.2638, 4.5065 -2.7631 1.2638, 4.8124 -2.8277 1.2638, 4.8061 -2.8252 1.2638, 4.7999 -2.8209 1.2638, 4.7977 -2.8186 1.2638, 4.7936 -2.8127 1.2638, 4.7911 -2.8062 1.2638, 4.69 -2.8069 1.2638, 4.6906 -2.7963 1.2638, 4.5753 -2.7027 1.2638, 4.5957 -2.7005 1.2638, 4.6093 -2.7014 1.2638, 4.9172 -2.7467 1.2638, 4.9276 -2.7319 1.2638, 4.9341 -2.7149 1.2638, 4.9363 -2.6967 1.2638, 4.9054 -2.8219 1.2638, 4.8737 -2.8286 1.2638, 4.8177 -2.8286 1.2638, 4.8253 -2.7707 1.2638, 4.868 -2.7707 1.2638, 4.8843 -2.7677 1.2638, 4.9011 -2.7601 1.2638, 4.9153 -2.7488 1.2638, 4.4594 -2.6339 1.2638, 4.4518 -2.6553 1.2638, 4.8547 -2.6227 1.2638, 4.8623 -2.6227 1.2638, 4.9227 -2.654 1.2638, 4.9116 -2.6415 1.2638, 4.8969 -2.6313 1.2638, 4.8803 -2.6249 1.2638, 4.834 -2.5653 1.2638, 4.8125 -2.5398 1.2638, 4.5947 -2.5952 1.2638, 4.8106 -2.538 1.2638, 4.784 -2.5195 1.2638, 4.6093 -2.5651 1.2638, 4.4702 -2.6175 1.2638, 4.5855 -2.5903 1.2638, 4.8536 -2.6175 1.2638, 4.8487 -2.5958 1.2638, 4.5642 -2.5831 1.2638, 4.5445 -2.5809 1.2638, 4.5339 -2.5815 1.2638, 4.6306 -2.5397 1.2638, 4.7542 -2.5081 1.2638, 4.6559 -2.5212 1.2638, 4.7219 -2.5041 1.2638, 4.6868 -2.5086 1.2638, 4.5105 -2.5873 1.2638, 4.4894 -2.5987 1.2638, 4.472 -2.6147 1.2638, 4.9791 -2.6356 1.2638, 5.0498 -2.6175 1.2638, 4.9661 -2.6175 1.2638, 5.5892 -2.483 1.2638, 6.4961 -2.6175 1.2638, 6.4961 3.2283 1.2638, 5.6074 -2.5799 1.2638, 5.5584 -2.5799 1.2638, 5.621 -2.6164 1.2638, 5.5584 -2.6175 1.2638, 5.64 -2.6164 1.2638, 5.5518 -2.5799 1.2638, 5.539 -2.6164 1.2638, 5.5162 -2.6175 1.2638, 5.5199 -2.6164 1.2638, 5.5584 -2.5154 1.2638, 5.3602 -2.5563 1.2638, 5.3241 -2.5563 1.2638, 5.3602 -2.6012 1.2638, 5.3241 -2.6012 1.2638, 5.3787 -2.6012 1.2638, 5.3787 -2.6164 1.2638, 5.3913 -2.6175 1.2638, 5.3602 -2.6175 1.2638, 5.3718 -2.5563 1.2638, 5.3718 -2.541 1.2638, 5.3756 -2.4983 1.2638, 5.3602 -2.4983 1.2638, 5.3602 -2.541 1.2638, 5.3241 -2.4983 1.2638, 5.3241 -2.541 1.2638, 5.3602 -2.6164 1.2638, 5.3069 -2.6164 1.2638, 5.2992 -2.6175 1.2638, 5.3069 -2.483 1.2638, 5.3756 -2.483 1.2638, 5.3913 3.2283 1.2638, 5.3602 -2.483 1.2638, 5.3602 3.2283 1.2638, 5.2992 3.2283 1.2638, 5.2154 -2.4884 1.2638, 5.2293 -2.483 1.2638, 5.1862 3.2283 1.2638, 5.2802 -2.5944 1.2638, 5.2802 -2.6109 1.2638, 5.2655 -2.6163 1.2638, 5.2538 -2.6175 1.2638, 5.2486 -2.4807 1.2638, 5.2498 -2.4807 1.2638, 5.2513 -2.6031 1.2638, 5.2665 -2.6004 1.2638, 5.1984 -2.5524 1.2638, 5.1983 -2.5512 1.2638, 5.1903 -2.5123 1.2638, 5.1995 -2.5004 1.2638, 5.2025 -2.4975 1.2638, 5.2107 -2.513 1.2638, 5.2044 -2.5224 1.2638, 5.2002 -2.5343 1.2638, 5.2645 -2.4981 1.2638, 5.2487 -2.4963 1.2638, 5.2428 -2.4965 1.2638, 5.2313 -2.4989 1.2638, 5.2005 -2.5688 1.2638, 5.2047 -2.5797 1.2638, 5.2114 -2.5893 1.2638, 5.2236 -2.5984 1.2638, 5.2333 -2.6019 1.2638, 5.2457 -2.6033 1.2638, 5.267 -2.4823 1.2638, 5.2802 -2.4862 1.2638, 5.2802 -2.5042 1.2638, 5.2781 -2.5031 1.2638, 5.2209 -2.5039 1.2638, 5.2124 -2.5111 1.2638, 5.2147 -2.5924 1.2638, 5.1862 -2.5826 1.2638, 5.1826 -2.5728 1.2638, 5.1782 -2.6175 1.2638, 5.1803 -2.5522 1.2638, 5.1806 -2.5442 1.2638, 5.1838 -2.527 1.2638, 5.1862 -2.5214 1.2638, 5.22 -2.6151 1.2638, 5.2075 -2.609 1.2638, 5.1862 -2.6175 1.2638, 5.1974 -2.6004 1.2638, 5.1957 -2.5985 1.2638, 5.1879 -2.587 1.2638, 5.2313 -2.6175 1.2638, 5.1862 -2.6567 1.2638, 5.2343 -2.6182 1.2638, 5.2432 -2.6187 1.2638, 5.2992 -2.6567 1.2638, -5.143 -2.6567 1.2638, -5.1239 -2.7029 1.2638, -5.1172 -2.7538 1.2638, -5.1435 -2.6554 1.2638, -5.4124 -2.5833 1.2638, -5.365 -2.5637 1.2638, -6.4961 3.2283 1.2638, -5.314 -2.5569 1.2638, -5.2631 -2.5637 1.2638, -5.2156 -2.5833 1.2638, -5.1748 -2.6146 1.2638, -5.1726 -2.6175 1.2638, -6.4961 -2.6175 1.2638, -5.4845 -2.6554 1.2638, -5.4555 -2.6175 1.2638, -5.4532 -2.6146 1.2638, -5.5109 -2.7538 1.2638, -6.4961 -2.8292 1.2638, -5.5042 -2.8047 1.2638, -6.4961 -2.8821 1.2638, -5.4845 -2.8522 1.2638, -5.494 -2.8292 1.2638, -5.1665 -2.8821 1.2638, -5.1748 -2.893 1.2638, -5.2156 -2.9243 1.2638, -5.2631 -2.9439 1.2638, -5.314 -2.9506 1.2638, -6.4961 -3.2283 1.2638, -5.365 -2.9439 1.2638, -5.4124 -2.9243 1.2638, -5.4532 -2.893 1.2638, -5.4616 -2.8821 1.2638, -5.1239 -2.8047 1.2638, -5.134 -2.8292 1.2638, -5.1435 -2.8522 1.2638, 5.5086 -2.5729 1.2638, 5.5019 -2.5866 1.2638, 5.4777 -2.4907 1.2638, 5.4924 -2.5006 1.2638, 5.5162 3.2283 1.2638, 5.4969 -2.505 1.2638, 5.512 -2.5575 1.2638, 5.465 -2.6128 1.2638, 5.465 -2.6175 1.2638, 5.4771 -2.6084 1.2638, 5.5052 -2.5166 1.2638, 5.5102 -2.5292 1.2638, 5.5125 -2.548 1.2638, 5.5708 -2.483 1.2638, 5.5584 3.2283 1.2638, 5.4924 -2.5977 1.2638, 5.4902 -2.5997 1.2638, 5.465 -2.4863 1.2638, 5.465 3.2283 1.2638, 5.4614 -2.485 1.2638, 5.4039 -2.483 1.2638, 5.4419 -2.483 1.2638, 5.4616 -2.6141 1.2638, 5.4406 -2.6164 1.2638, 5.4039 -2.6164 1.2638, 5.2378 -2.827 1.2638, 5.2315 -2.8292 1.2638, 5.2521 -2.8281 1.2638, 5.1991 -2.7825 1.2638, 5.2015 -2.7557 1.2638, 5.1957 -2.7873 1.2638, 5.1934 -2.7932 1.2638, 5.2437 -2.823 1.2638, 5.2124 -2.8292 1.2638, 5.206 -2.8268 1.2638, 5.1862 -2.8292 1.2638, 5.1951 -2.8158 1.2638, 5.193 -2.8102 1.2638, 5.2015 -2.7395 1.2638, 5.206 -2.737 1.2638, 5.2515 -2.7337 1.2638, 5.2942 -2.7472 1.2638, 5.2973 -2.7426 1.2638, 5.2043 -2.7781 1.2638, 5.2115 -2.7745 1.2638, 5.2122 -2.7489 1.2638, 5.2238 -2.7715 1.2638, 5.2384 -2.7448 1.2638, 5.2328 -2.7442 1.2638, 5.2227 -2.7453 1.2638, 5.2004 -2.8229 1.2638, 5.1985 -2.821 1.2638, 5.2521 -2.8134 1.2638, 5.2516 -2.8134 1.2638, 5.249 -2.8173 1.2638, 5.2571 -2.7369 1.2638, 5.2615 -2.7412 1.2638, 5.2922 -2.7525 1.2638, 5.2649 -2.7466 1.2638, 5.2675 -2.7543 1.2638, 5.2186 -2.7324 1.2638, 5.2343 -2.7306 1.2638, 5.2445 -2.7315 1.2638, 5.1922 -2.8026 1.2638, 5.1923 -2.8003 1.2638, 5.299 -2.7765 1.2638, 5.2914 -2.8075 1.2638, 5.2992 -2.7766 1.2638, 5.298 -2.8115 1.2638, 5.2992 -2.812 1.2638, 5.2963 -2.7736 1.2638, 5.2941 -2.7701 1.2638, 5.2688 -2.7668 1.2638, 5.2923 -2.765 1.2638, 5.2915 -2.7585 1.2638, 5.2521 -2.7675 1.2638, 5.2515 -2.7601 1.2638, 5.2498 -2.7542 1.2638, 5.2478 -2.7507 1.2638, 5.2453 -2.7481 1.2638, 5.2423 -2.7461 1.2638, 5.231 -2.8294 1.2638, 5.2992 -2.8821 1.2638, 5.1862 -2.8821 1.2638, 5.2224 -2.8304 1.2638, 5.2127 -2.8292 1.2638, 5.2914 -2.8248 1.2638, 5.2688 -2.8281 1.2638, 5.2992 -2.8275 1.2638, 5.2992 -2.8292 1.2638, 5.3034 -2.8289 1.2638, 5.3063 -2.8292 1.2638, 5.3173 -2.8304 1.2638, 5.3602 -2.8821 1.2638, 5.3512 -2.7348 1.2638, 5.3512 -2.7511 1.2638, 5.3023 -2.7382 1.2638, 5.3072 -2.7352 1.2638, 5.355 -2.8089 1.2638, 5.353 -2.8142 1.2638, 5.3498 -2.8186 1.2638, 5.2992 -2.741 1.2638, 5.3164 -2.732 1.2638, 5.3287 -2.7306 1.2638, 5.3602 -2.6567 1.2638, 5.3379 -2.7312 1.2638, 5.3502 -2.7864 1.2638, 5.3533 -2.791 1.2638, 5.3551 -2.796 1.2638, 5.3558 -2.8022 1.2638, 5.3451 -2.8228 1.2638, 5.3401 -2.8257 1.2638, 5.327 -2.7442 1.2638, 5.3221 -2.7446 1.2638, 5.3088 -2.757 1.2638, 5.3176 -2.7457 1.2638, 5.3139 -2.7477 1.2638, 5.3089 -2.7592 1.2638, 5.3096 -2.7618 1.2638, 5.3108 -2.7641 1.2638, 5.3124 -2.7659 1.2638, 5.3183 -2.7696 1.2638, 5.338 -2.7454 1.2638, 5.3287 -2.7741 1.2638, 5.3474 -2.7489 1.2638, 5.3351 -2.7767 1.2638, 5.3462 -2.7829 1.2638, 5.3113 -2.75 1.2638, 5.3099 -2.7521 1.2638, 5.3091 -2.7544 1.2638, 5.3085 -2.8155 1.2638, 5.3169 -2.7862 1.2638, 5.3069 -2.7817 1.2638, 5.3189 -2.8167 1.2638, 5.3197 -2.8167 1.2638, 5.3278 -2.7908 1.2638, 5.3282 -2.8158 1.2638, 5.3387 -2.8038 1.2638, 5.3385 -2.8017 1.2638, 5.3326 -2.8142 1.2638, 5.3341 -2.8133 1.2638, 5.336 -2.8115 1.2638, 5.3375 -2.8094 1.2638, 5.3383 -2.807 1.2638, 5.3377 -2.7991 1.2638, 5.3364 -2.7969 1.2638, 5.3344 -2.7947 1.2638, 5.4387 -2.7328 1.2638, 5.456 -2.7328 1.2638, 5.465 -2.6567 1.2638, 5.4081 -2.8044 1.2638, 5.4102 -2.8123 1.2638, 5.4106 -2.8123 1.2638, 5.3913 -2.6567 1.2638, 5.3913 -2.756 1.2638, 5.4126 -2.8046 1.2638, 5.4114 -2.809 1.2638, 5.3913 -2.8009 1.2638, 5.3645 -2.7328 1.2638, 5.3832 -2.7328 1.2638, 5.4013 -2.8292 1.2638, 5.4019 -2.8279 1.2638, 5.3913 -2.8513 1.2638, 5.3913 -2.8512 1.2638, 5.3913 -2.8292 1.2638, 5.3946 -2.8452 1.2638, 5.368 -2.8568 1.2638, 5.368 -2.8716 1.2638, 5.3714 -2.8579 1.2638, 5.3774 -2.8587 1.2638, 5.3815 -2.8582 1.2638, 5.3913 -2.87 1.2638, 5.3855 -2.8722 1.2638, 5.3913 -2.8821 1.2638, 5.3787 -2.873 1.2638, 5.375 -2.8729 1.2638, 5.3851 -2.8569 1.2638, 5.3882 -2.8547 1.2638, 5.4127 -2.8425 1.2638, 5.4052 -2.8572 1.2638, 5.465 -2.8821 1.2638, 5.418 -2.8292 1.2638, 5.3991 -2.8646 1.2638, 5.3979 -2.8656 1.2638, 5.3921 -2.8697 1.2638, 5.5162 -2.768 1.2638, 5.4912 -2.768 1.2638, 5.5162 -2.8129 1.2638, 5.4912 -2.8129 1.2638, 5.5428 -2.6947 1.2638, 5.5428 -2.71 1.2638, 5.5584 -2.6567 1.2638, 5.5458 -2.8129 1.2638, 5.5584 -2.8292 1.2638, 5.5458 -2.8281 1.2638, 5.5162 -2.8292 1.2638, 5.539 -2.768 1.2638, 5.539 -2.7527 1.2638, 5.5162 -2.7527 1.2638, 5.5162 -2.71 1.2638, 5.4912 -2.71 1.2638, 5.4912 -2.7527 1.2638, 5.5162 -2.8281 1.2638, 5.474 -2.8281 1.2638, 5.465 -2.8292 1.2638, 5.474 -2.6947 1.2638, 5.5162 -2.6947 1.2638, 5.5162 -2.6567 1.2638, 5.1782 3.2283 1.2638, 5.1748 -2.6012 1.2638, 5.1748 -2.6164 1.2638, 5.1044 -2.6164 1.2638, 5.1044 -2.483 1.2638, 5.1217 -2.6012 1.2638, 5.1217 -2.483 1.2638, 5.1782 -2.6567 1.2638, 5.7061 -2.8281 1.2638, 5.687 -2.8281 1.2638, 5.7881 -2.8281 1.2638, 5.7745 -2.7916 1.2638, 5.7189 -2.7916 1.2638, 5.8071 -2.8281 1.2638, 6.4961 -2.8292 1.2638, 5.7563 -2.6947 1.2638, 6.4961 -2.6567 1.2638, 5.6773 -2.7409 1.2638, 5.6796 -2.7597 1.2638, 5.7379 -2.6947 1.2638, 5.6791 -2.7692 1.2638, 5.6757 -2.7846 1.2638, 5.669 -2.7983 1.2638, 5.6595 -2.8094 1.2638, 5.6573 -2.8114 1.2638, 5.6443 -2.8201 1.2638, 5.571 -2.6947 1.2638, 5.571 -2.8281 1.2638, 5.6077 -2.8281 1.2638, 5.6287 -2.8258 1.2638, 5.6091 -2.6947 1.2638, 5.6286 -2.6967 1.2638, 5.6448 -2.7024 1.2638, 5.6595 -2.7123 1.2638, 5.664 -2.7167 1.2638, 5.6723 -2.7283 1.2638, 5.1782 -2.8292 1.2638, 5.1044 -2.8281 1.2638, 5.1762 -2.8281 1.2638, 5.1762 -2.8129 1.2638, 5.1732 -2.71 1.2638, 5.1044 -2.6947 1.2638, 5.1732 -2.6947 1.2638, 5.1217 -2.768 1.2638, 5.1217 -2.8129 1.2638, 5.1694 -2.768 1.2638, 5.1694 -2.7527 1.2638, 5.1217 -2.7527 1.2638, 5.1217 -2.71 1.2638, 5.5162 -2.8821 1.2638, 5.5584 -2.8821 1.2638, 6.4961 -2.8821 1.2638, 5.1782 -2.8821 1.2638, 5.1782 -3.2283 1.2638, 5.1862 -3.2283 1.2638, 5.2992 -3.2283 1.2638, 5.3602 -3.2283 1.2638, 5.3913 -3.2283 1.2638, 5.465 -3.2283 1.2638, 5.5162 -3.2283 1.2638, 5.5584 -3.2283 1.2638, 6.4961 -3.2283 1.2638
            ]
        }
        coordIndex [
            0,1,2,-1,3,4,5,-1,6,7,8,-1,9,10,11,-1,12,13,14,-1,15,16,14,-1,14,16,17,-1,18,19,20,-1,20,19,21,-1,20,21,14,-1,22,23,14,-1,14,23,24,-1,14,24,15,-1,12,14,25,-1,25,14,17,-1,25,17,26,-1,27,28,14,-1,14,28,29,-1,14,29,22,-1,21,30,14,-1,14,30,31,-1,14,31,27,-1,27,31,32,-1,27,32,33,-1,10,34,35,-1,35,34,36,-1,35,36,20,-1,20,36,37,-1,20,37,18,-1,38,39,40,-1,38,40,41,-1,39,42,40,-1,40,42,43,-1,40,43,44,-1,9,11,44,-1,45,41,46,-1,46,41,40,-1,46,40,47,-1,47,40,48,-1,8,7,40,-1,40,7,49,-1,40,49,48,-1,50,51,52,-1,52,51,53,-1,53,54,52,-1,52,54,6,-1,52,6,55,-1,55,6,8,-1,56,57,58,-1,58,57,59,-1,59,60,58,-1,58,60,61,-1,58,61,50,-1,62,63,64,-1,65,66,67,-1,67,66,68,-1,62,64,69,-1,70,71,72,-1,73,74,66,-1,66,74,75,-1,66,75,76,-1,70,72,77,-1,63,78,64,-1,64,78,79,-1,64,79,80,-1,81,82,83,-1,83,82,84,-1,83,84,72,-1,72,84,85,-1,72,85,77,-1,86,87,88,-1,88,87,89,-1,88,89,76,-1,76,89,90,-1,91,92,93,-1,93,92,94,-1,93,94,64,-1,64,94,95,-1,64,95,69,-1,86,96,87,-1,87,96,97,-1,87,97,98,-1,98,97,99,-1,98,99,100,-1,101,102,56,-1,56,102,103,-1,56,103,104,-1,104,105,56,-1,56,105,106,-1,56,106,107,-1,107,106,91,-1,107,91,108,-1,108,91,93,-1,90,109,76,-1,76,109,110,-1,76,110,66,-1,66,110,111,-1,66,111,68,-1,112,113,64,-1,64,113,114,-1,64,114,66,-1,66,114,115,-1,66,115,73,-1,71,116,72,-1,72,116,117,-1,72,117,56,-1,56,117,118,-1,56,118,101,-1,80,119,64,-1,64,119,120,-1,64,120,121,-1,121,122,64,-1,64,122,123,-1,64,123,112,-1,124,125,126,-1,125,76,126,-1,126,76,75,-1,126,75,127,-1,127,75,128,-1,128,129,127,-1,127,129,130,-1,127,130,131,-1,132,133,134,-1,133,135,134,-1,134,135,136,-1,134,136,137,-1,138,134,139,-1,124,126,138,-1,138,126,140,-1,138,140,134,-1,134,140,141,-1,134,141,132,-1,139,142,138,-1,138,142,143,-1,138,143,144,-1,137,136,145,-1,145,136,146,-1,145,146,147,-1,147,146,148,-1,147,148,149,-1,150,151,144,-1,144,151,152,-1,144,152,138,-1,81,83,153,-1,153,83,154,-1,153,154,155,-1,156,157,158,-1,159,160,161,-1,161,160,162,-1,161,162,163,-1,160,164,162,-1,162,164,165,-1,162,165,166,-1,166,165,167,-1,166,167,168,-1,169,170,171,-1,171,170,172,-1,173,174,175,-1,175,174,176,-1,169,171,177,-1,177,171,173,-1,177,173,178,-1,179,180,181,-1,181,180,182,-1,181,182,183,-1,174,184,176,-1,176,184,185,-1,176,185,186,-1,186,185,187,-1,181,178,179,-1,179,178,173,-1,179,173,188,-1,188,173,189,-1,188,189,190,-1,190,189,191,-1,190,191,187,-1,187,191,192,-1,187,192,186,-1,193,194,195,-1,196,197,186,-1,186,197,198,-1,186,198,199,-1,195,194,192,-1,192,194,200,-1,192,200,201,-1,202,203,204,-1,204,203,196,-1,204,196,205,-1,206,207,195,-1,195,207,208,-1,195,208,193,-1,209,210,196,-1,196,210,211,-1,196,211,205,-1,212,213,196,-1,196,213,214,-1,196,214,215,-1,216,217,218,-1,219,220,204,-1,204,220,221,-1,204,221,202,-1,201,222,192,-1,192,222,223,-1,192,223,186,-1,186,223,224,-1,186,224,196,-1,196,224,225,-1,196,225,212,-1,215,226,196,-1,196,226,227,-1,196,227,209,-1,216,218,204,-1,204,218,228,-1,204,228,219,-1,229,230,231,-1,231,230,232,-1,233,234,195,-1,195,234,235,-1,195,235,206,-1,236,237,238,-1,237,239,238,-1,238,239,240,-1,238,240,241,-1,236,238,242,-1,242,238,243,-1,242,243,244,-1,244,243,245,-1,245,243,246,-1,245,246,199,-1,11,247,248,-1,44,11,40,-1,40,11,248,-1,40,248,249,-1,10,35,11,-1,11,35,250,-1,11,250,247,-1,251,252,253,-1,253,252,254,-1,253,254,20,-1,20,254,255,-1,255,256,20,-1,20,256,257,-1,20,257,35,-1,35,257,258,-1,35,258,250,-1,5,4,259,-1,4,260,259,-1,259,260,261,-1,259,261,253,-1,253,261,262,-1,253,262,251,-1,3,5,263,-1,263,5,264,-1,263,264,265,-1,266,267,264,-1,264,267,268,-1,264,268,265,-1,8,269,55,-1,55,269,270,-1,55,270,271,-1,271,272,55,-1,55,272,273,-1,55,273,274,-1,274,273,275,-1,275,276,274,-1,274,276,277,-1,274,277,266,-1,266,277,278,-1,266,278,267,-1,249,279,40,-1,40,279,280,-1,40,280,8,-1,8,280,281,-1,8,281,269,-1,282,283,166,-1,284,285,286,-1,286,285,287,-1,282,166,288,-1,289,290,291,-1,291,290,166,-1,287,292,286,-1,286,292,293,-1,286,293,294,-1,156,158,295,-1,295,158,296,-1,295,296,168,-1,168,296,286,-1,168,286,166,-1,166,286,294,-1,166,294,288,-1,283,297,166,-1,166,297,298,-1,166,298,291,-1,284,286,299,-1,299,286,300,-1,299,300,301,-1,173,175,189,-1,189,175,302,-1,189,302,300,-1,300,302,303,-1,300,303,301,-1,289,304,290,-1,290,304,305,-1,290,305,175,-1,175,305,306,-1,175,306,302,-1,307,308,309,-1,310,311,312,-1,312,311,313,-1,307,309,314,-1,315,316,317,-1,317,318,319,-1,243,320,321,-1,322,323,324,-1,310,325,311,-1,311,325,326,-1,311,326,327,-1,327,326,328,-1,329,330,328,-1,328,330,331,-1,328,331,327,-1,316,332,317,-1,317,332,333,-1,317,333,318,-1,334,335,309,-1,309,335,336,-1,309,336,314,-1,322,337,323,-1,323,337,338,-1,323,338,339,-1,339,338,340,-1,339,340,341,-1,321,342,243,-1,243,342,343,-1,243,343,344,-1,319,345,317,-1,317,345,346,-1,317,346,243,-1,243,346,313,-1,243,313,320,-1,320,313,311,-1,347,348,349,-1,349,348,350,-1,349,350,351,-1,352,353,354,-1,354,353,355,-1,354,355,341,-1,341,355,356,-1,341,356,339,-1,357,358,328,-1,328,358,359,-1,328,359,360,-1,360,361,328,-1,328,361,362,-1,328,362,329,-1,308,363,364,-1,364,363,365,-1,365,363,366,-1,365,366,367,-1,347,352,348,-1,348,352,354,-1,348,354,368,-1,368,354,369,-1,368,369,370,-1,370,369,371,-1,370,371,372,-1,372,371,373,-1,374,373,364,-1,364,373,371,-1,364,371,308,-1,308,371,369,-1,308,369,309,-1,374,364,1,-1,1,364,375,-1,1,375,2,-1,376,377,2,-1,378,379,246,-1,380,381,2,-1,2,381,382,-1,344,322,243,-1,243,322,324,-1,243,324,246,-1,246,324,383,-1,246,383,378,-1,379,384,246,-1,246,384,385,-1,246,385,386,-1,386,385,387,-1,386,387,376,-1,388,389,377,-1,377,389,390,-1,377,390,2,-1,2,390,391,-1,2,391,380,-1,382,392,2,-1,2,392,393,-1,2,393,0,-1,394,395,396,-1,396,395,397,-1,396,397,398,-1,396,399,394,-1,394,399,400,-1,394,400,401,-1,401,402,394,-1,394,402,403,-1,394,403,404,-1,404,403,405,-1,404,405,406,-1,406,405,407,-1,406,407,377,-1,377,407,408,-1,377,408,388,-1,409,410,398,-1,398,410,411,-1,398,411,396,-1,412,413,351,-1,351,413,414,-1,351,414,349,-1,412,415,413,-1,413,415,416,-1,413,416,417,-1,417,416,418,-1,417,419,420,-1,418,421,417,-1,417,421,422,-1,417,422,423,-1,423,424,417,-1,417,424,425,-1,417,425,419,-1,420,426,417,-1,417,426,427,-1,417,427,428,-1,429,430,431,-1,432,433,434,-1,431,435,429,-1,429,435,436,-1,429,436,437,-1,437,436,432,-1,437,432,438,-1,438,432,434,-1,439,440,2,-1,376,2,386,-1,386,2,440,-1,386,440,435,-1,435,440,441,-1,435,441,436,-1,442,443,439,-1,444,445,446,-1,446,445,447,-1,446,447,442,-1,442,439,446,-1,446,439,2,-1,446,2,448,-1,448,2,375,-1,448,375,449,-1,448,450,446,-1,446,450,451,-1,446,451,452,-1,453,454,455,-1,455,454,456,-1,455,456,375,-1,375,456,457,-1,375,457,449,-1,452,458,446,-1,446,458,459,-1,446,459,444,-1,460,461,462,-1,460,462,463,-1,461,464,462,-1,462,464,465,-1,462,465,455,-1,455,465,466,-1,455,466,453,-1,467,468,469,-1,469,468,470,-1,471,472,473,-1,473,472,474,-1,473,474,475,-1,475,474,476,-1,475,476,477,-1,467,469,478,-1,478,469,474,-1,478,474,479,-1,479,474,472,-1,479,472,480,-1,472,481,480,-1,480,481,482,-1,480,482,483,-1,476,484,477,-1,477,484,485,-1,477,485,486,-1,486,485,487,-1,471,473,488,-1,488,473,489,-1,488,489,487,-1,487,489,431,-1,487,431,486,-1,486,431,430,-1,486,430,463,-1,233,195,232,-1,232,195,490,-1,232,490,231,-1,231,490,491,-1,231,491,492,-1,154,493,494,-1,495,491,496,-1,496,491,490,-1,496,490,494,-1,494,490,14,-1,494,14,154,-1,154,14,13,-1,154,13,155,-1,199,246,186,-1,186,246,386,-1,186,386,176,-1,176,386,435,-1,176,435,175,-1,175,435,431,-1,175,431,290,-1,290,431,489,-1,290,489,166,-1,166,489,473,-1,166,473,162,-1,492,493,231,-1,231,493,154,-1,231,154,497,-1,497,154,83,-1,498,499,475,-1,500,501,502,-1,502,498,500,-1,500,498,475,-1,500,475,503,-1,503,475,504,-1,503,504,505,-1,505,504,506,-1,507,508,509,-1,509,508,510,-1,509,510,499,-1,499,510,511,-1,499,511,512,-1,512,513,499,-1,499,513,514,-1,499,514,515,-1,156,163,157,-1,157,163,162,-1,157,162,506,-1,506,162,473,-1,506,473,505,-1,505,473,509,-1,516,473,517,-1,517,473,475,-1,517,475,518,-1,518,475,499,-1,518,499,519,-1,519,499,515,-1,516,520,473,-1,473,520,521,-1,473,521,509,-1,509,521,522,-1,509,522,523,-1,523,524,509,-1,509,524,525,-1,509,525,507,-1,241,229,238,-1,238,229,231,-1,238,231,243,-1,243,231,497,-1,243,497,317,-1,317,497,526,-1,72,526,527,-1,527,526,528,-1,528,526,529,-1,529,526,497,-1,529,497,530,-1,72,527,83,-1,83,527,531,-1,83,531,497,-1,497,531,532,-1,497,532,530,-1,533,534,535,-1,535,534,529,-1,535,529,536,-1,536,529,530,-1,536,530,537,-1,537,530,538,-1,463,462,486,-1,486,462,539,-1,486,539,477,-1,477,539,540,-1,477,540,475,-1,475,540,541,-1,475,541,504,-1,56,58,72,-1,72,58,542,-1,72,542,526,-1,526,542,365,-1,526,365,317,-1,317,365,367,-1,317,367,315,-1,50,52,58,-1,58,52,543,-1,58,543,542,-1,542,543,544,-1,542,544,365,-1,365,544,545,-1,365,545,364,-1,364,545,546,-1,364,546,375,-1,375,546,547,-1,375,547,455,-1,455,547,548,-1,455,548,462,-1,462,548,549,-1,462,549,539,-1,539,549,550,-1,539,550,540,-1,540,550,551,-1,540,551,541,-1,
        ]
    }
}
Shape{
    appearance Appearance {
        material  Material 	{
            diffuseColor 0.0 0.4627450980392157 0.7803921568627451
            specularColor 0.0 0.23137254901960785 0.38823529411764707
            ambientIntensity 0.3606
            transparency 0.0
            shininess 0.5
        }
    }
    geometry IndexedFaceSet {
        ccw TRUE
        solid FALSE
        coord DEF co Coordinate {
            point [
                -2.1063 -2.9921 0.0039, -2.1063 -3.7402 0.0039, -3.1496 -3.7402 0.0039, 3.1496 -2.9921 0.0039, 3.1496 -3.7402 0.0039, 2.1063 -3.7402 0.0039, -6.2598 3.0945 0.0039, -7.0079 3.0945 0.0039, -7.0079 3.7402 0.0039, -4.9016 3.7402 0.0039, -3.8583 3.7402 0.0039, -4.9016 2.9921 0.0039, -3.8583 2.9921 0.0039, 7.0079 2.3858 0.0039, 7.0079 1.2835 0.0039, 6.2598 2.3858 0.0039, 6.2598 1.2835 0.0039, 0.3543 3.7402 0.0039, 1.3976 3.7402 0.0039, 1.3976 2.9921 0.0039, -3.8583 -3.7402 0.0039, -4.9016 -3.7402 0.0039, -3.8583 -2.9921 0.0039, -4.9016 -2.9921 0.0039, 7.0079 3.7402 0.0039, 7.0079 3.0945 0.0039, 5.6102 3.7402 0.0039, 6.2598 3.0945 0.0039, 5.6102 2.9921 0.0039, 4.9016 2.9921 0.0039, 7.0079 0.5748 0.0039, 7.0079 -0.5276 0.0039, 6.2598 0.5748 0.0039, 6.2598 -0.5276 0.0039, -7.0079 -0.5276 0.0039, -7.0079 0.5748 0.0039, -6.2598 -0.5276 0.0039, -6.2598 0.5748 0.0039, 4.9016 3.7402 0.0039, 3.8583 3.7402 0.0039, 3.8583 2.9921 0.0039, 3.1496 2.9921 0.0039, 7.0079 -1.2362 0.0039, 7.0079 -2.3386 0.0039, 6.2598 -1.2362 0.0039, 6.2598 -2.3386 0.0039, -3.1496 3.7402 0.0039, -2.1063 3.7402 0.0039, -3.1496 2.9921 0.0039, -2.1063 2.9921 0.0039, 2.1063 -2.9921 0.0039, 1.3976 -2.9921 0.0039, -5.6102 3.7402 0.0039, -5.6102 2.9921 0.0039, 3.1496 3.7402 0.0039, 2.1063 3.7402 0.0039, 2.1063 2.9921 0.0039, 0.3543 2.9921 0.0039, 4.9016 -3.7402 0.0039, 3.8583 -3.7402 0.0039, 4.9016 -2.9921 0.0039, 3.8583 -2.9921 0.0039, -1.3976 2.9921 0.0039, 1.3976 -3.7402 0.0039, 0.3543 -3.7402 0.0039, 0.3543 -2.9921 0.0039, -0.3543 -2.9921 0.0039, 7.0079 -3.0472 0.0039, 7.0079 -3.7402 0.0039, 6.2598 -3.0472 0.0039, 5.6102 -3.7402 0.0039, 5.6102 -2.9921 0.0039, -0.3543 2.9921 0.0039, -0.3543 3.7402 0.0039, -1.3976 3.7402 0.0039, -3.1496 -2.9921 0.0039, -1.3976 -2.9921 0.0039, -1.3976 -3.7402 0.0039, -0.3543 -3.7402 0.0039, -7.0079 -3.7402 0.0039, -7.0079 -3.0472 0.0039, -5.6102 -3.7402 0.0039, -6.2598 -3.0472 0.0039, -5.6102 -2.9921 0.0039
            ]
        }
        coordIndex [
            0,1,2,-1,3,4,5,-1,6,7,8,-1,9,10,11,-1,11,10,12,-1,13,14,15,-1,15,14,16,-1,17,18,19,-1,20,21,22,-1,22,21,23,-1,24,25,26,-1,26,25,27,-1,26,27,28,-1,28,27,15,-1,28,15,29,-1,29,15,16,-1,30,31,32,-1,32,31,33,-1,34,35,36,-1,36,35,37,-1,38,29,39,-1,39,29,16,-1,39,16,40,-1,40,16,32,-1,40,32,41,-1,41,32,33,-1,42,43,44,-1,44,43,45,-1,46,47,48,-1,48,47,49,-1,48,50,51,-1,8,52,6,-1,6,52,53,-1,6,53,37,-1,37,53,11,-1,37,11,36,-1,36,11,12,-1,36,12,48,-1,54,41,55,-1,55,41,33,-1,55,33,56,-1,56,33,44,-1,56,44,19,-1,19,44,45,-1,19,45,17,-1,17,45,57,-1,58,59,60,-1,60,59,61,-1,62,60,49,-1,49,60,61,-1,49,61,48,-1,48,61,3,-1,48,3,50,-1,50,3,5,-1,63,64,51,-1,51,64,65,-1,51,65,48,-1,48,65,66,-1,67,68,69,-1,69,68,70,-1,69,70,45,-1,45,70,71,-1,45,71,57,-1,57,71,60,-1,57,60,72,-1,72,60,62,-1,72,62,73,-1,73,62,74,-1,2,75,0,-1,0,75,48,-1,0,48,76,-1,76,48,66,-1,76,66,77,-1,77,66,78,-1,79,80,81,-1,81,80,82,-1,81,82,83,-1,83,82,36,-1,83,36,23,-1,23,36,48,-1,23,48,22,-1,22,48,75,-1,
        ]
    }
}
Shape{
    appearance Appearance {
        material  Material 	{
            diffuseColor 0.9686274509803922 0.8784313725490196 0.6
            specularColor 0.6784313725490196 0.615686274509804 0.4196078431372549
            ambientIntensity 0.8737
            transparency 0.0
            shininess 0.5
        }
    }
    geometry IndexedFaceSet {
        ccw TRUE
        solid FALSE
        coord DEF co Coordinate {
            point [
                -7.0079 2.5039 0.4016, -7.0079 2.3858 0.4016, -6.9467 2.512 0.4016, -6.9162 2.3979 0.4016, -6.8898 2.5356 0.4016, -6.8307 2.4333 0.4016, -6.8408 2.5731 0.4016, -6.7573 2.4896 0.4016, -6.8033 2.622 0.4016, -6.701 2.563 0.4016, -6.7797 2.679 0.4016, -6.6656 2.6484 0.4016, -6.7717 2.7402 0.4016, -6.6535 2.7402 0.4016, -6.7797 2.8013 0.4016, -6.6656 2.8319 0.4016, -6.8033 2.8583 0.4016, -6.701 2.9173 0.4016, -6.8408 2.9072 0.4016, -6.7573 2.9907 0.4016, -6.8898 2.9447 0.4016, -6.8307 3.047 0.4016, -6.9467 2.9683 0.4016, -6.9162 3.0824 0.4016, -7.0079 2.9764 0.4016, -7.0079 3.0945 0.4016, -7.0079 0.6929 0.4016, -7.0079 0.5748 0.4016, -6.9467 0.701 0.4016, -6.9162 0.5869 0.4016, -6.8898 0.7246 0.4016, -6.8307 0.6223 0.4016, -6.8408 0.7621 0.4016, -6.7573 0.6786 0.4016, -6.8033 0.811 0.4016, -6.701 0.752 0.4016, -6.7797 0.868 0.4016, -6.6656 0.8374 0.4016, -6.7717 0.9291 0.4016, -6.6535 0.9291 0.4016, -6.7797 0.9903 0.4016, -6.6656 1.0208 0.4016, -6.8033 1.0472 0.4016, -6.701 1.1063 0.4016, -6.8408 1.0962 0.4016, -6.7573 1.1797 0.4016, -6.8898 1.1337 0.4016, -6.8307 1.236 0.4016, -6.9467 1.1573 0.4016, -6.9162 1.2714 0.4016, -7.0079 1.1654 0.4016, -7.0079 1.2835 0.4016, -7.0079 -1.1181 0.4016, -7.0079 -1.2362 0.4016, -6.9467 -1.1101 0.4016, -6.9162 -1.2241 0.4016, -6.8898 -1.0865 0.4016, -6.8307 -1.1887 0.4016, -6.8408 -1.0489 0.4016, -6.7573 -1.1324 0.4016, -6.8033 -1.0 0.4016, -6.701 -1.0591 0.4016, -6.7797 -0.943 0.4016, -6.6656 -0.9736 0.4016, -6.7717 -0.8819 0.4016, -6.6535 -0.8819 0.4016, -6.7797 -0.8208 0.4016, -6.6656 -0.7902 0.4016, -6.8033 -0.7638 0.4016, -6.701 -0.7047 0.4016, -6.8408 -0.7149 0.4016, -6.7573 -0.6313 0.4016, -6.8898 -0.6773 0.4016, -6.8307 -0.575 0.4016, -6.9467 -0.6537 0.4016, -6.9162 -0.5396 0.4016, -7.0079 -0.6457 0.4016, -7.0079 -0.5276 0.4016, -7.0079 -2.9291 0.4016, -7.0079 -3.0472 0.4016, -6.9467 -2.9211 0.4016, -6.9162 -3.0352 0.4016, -6.8898 -2.8975 0.4016, -6.8307 -2.9998 0.4016, -6.8408 -2.8599 0.4016, -6.7573 -2.9435 0.4016, -6.8033 -2.811 0.4016, -6.701 -2.8701 0.4016, -6.7797 -2.7541 0.4016, -6.6656 -2.7846 0.4016, -6.7717 -2.6929 0.4016, -6.6535 -2.6929 0.4016, -6.7797 -2.6318 0.4016, -6.6656 -2.6012 0.4016, -6.8033 -2.5748 0.4016, -6.701 -2.5157 0.4016, -6.8408 -2.5259 0.4016, -6.7573 -2.4424 0.4016, -6.8898 -2.4883 0.4016, -6.8307 -2.3861 0.4016, -6.9467 -2.4647 0.4016, -6.9162 -2.3507 0.4016, -7.0079 -2.4567 0.4016, -7.0079 -2.3386 0.4016
            ]
        }
        coordIndex [
            0,1,2,-1,2,1,3,-1,2,3,4,-1,4,3,5,-1,4,5,6,-1,6,5,7,-1,6,7,8,-1,8,7,9,-1,8,9,10,-1,10,9,11,-1,10,11,12,-1,12,11,13,-1,12,13,14,-1,14,13,15,-1,14,15,16,-1,16,15,17,-1,16,17,18,-1,18,17,19,-1,18,19,20,-1,20,19,21,-1,20,21,22,-1,22,21,23,-1,22,23,24,-1,24,23,25,-1,26,27,28,-1,28,27,29,-1,28,29,30,-1,30,29,31,-1,30,31,32,-1,32,31,33,-1,32,33,34,-1,34,33,35,-1,34,35,36,-1,36,35,37,-1,36,37,38,-1,38,37,39,-1,38,39,40,-1,40,39,41,-1,40,41,42,-1,42,41,43,-1,42,43,44,-1,44,43,45,-1,44,45,46,-1,46,45,47,-1,46,47,48,-1,48,47,49,-1,48,49,50,-1,50,49,51,-1,52,53,54,-1,54,53,55,-1,54,55,56,-1,56,55,57,-1,56,57,58,-1,58,57,59,-1,58,59,60,-1,60,59,61,-1,60,61,62,-1,62,61,63,-1,62,63,64,-1,64,63,65,-1,64,65,66,-1,66,65,67,-1,66,67,68,-1,68,67,69,-1,68,69,70,-1,70,69,71,-1,70,71,72,-1,72,71,73,-1,72,73,74,-1,74,73,75,-1,74,75,76,-1,76,75,77,-1,78,79,80,-1,80,79,81,-1,80,81,82,-1,82,81,83,-1,82,83,84,-1,84,83,85,-1,84,85,86,-1,86,85,87,-1,86,87,88,-1,88,87,89,-1,88,89,90,-1,90,89,91,-1,90,91,92,-1,92,91,93,-1,92,93,94,-1,94,93,95,-1,94,95,96,-1,96,95,97,-1,96,97,98,-1,98,97,99,-1,98,99,100,-1,100,99,101,-1,100,101,102,-1,102,101,103,-1,
        ]
    }
}
Shape{
    appearance Appearance {
        material  Material 	{
            diffuseColor 0.0 0.4627450980392157 0.7803921568627451
            specularColor 0.0 0.23137254901960785 0.38823529411764707
            ambientIntensity 0.3606
            transparency 0.0
            shininess 0.5
        }
    }
    geometry IndexedFaceSet {
        ccw TRUE
        solid FALSE
        coord DEF co Coordinate {
            point [
                -7.0079 1.1654 0.4016, -7.0079 1.2835 0.4016, -7.0079 1.2835 0.3976, -7.0079 2.3858 0.4016, -7.0079 2.5039 0.4016, -7.0079 2.3858 0.3976, -7.0079 2.5039 0.0, -7.0079 1.1654 0.0, -7.0079 2.9764 0.0, -7.0079 2.9764 0.4016, -7.0079 3.0945 0.3976, -7.0079 3.0945 0.4016, -7.0079 3.0945 0.0, -7.0079 3.0945 0.0039, -7.0079 3.7402 0.0039, -7.0079 3.7402 0.3976, -7.0079 -0.5276 0.0039, -7.0079 -0.5276 0.0, -7.0079 -0.6457 0.0, -7.0079 0.6929 0.4016, -7.0079 0.6929 0.0, -7.0079 0.5748 0.0039, -7.0079 0.5748 0.0, -7.0079 -0.6457 0.4016, -7.0079 -0.5276 0.4016, -7.0079 -0.5276 0.3976, -7.0079 0.5748 0.4016, -7.0079 0.5748 0.3976, -7.0079 -2.4567 0.4016, -7.0079 -2.3386 0.4016, -7.0079 -2.3386 0.3976, -7.0079 -1.2362 0.4016, -7.0079 -1.1181 0.4016, -7.0079 -1.2362 0.3976, -7.0079 -1.1181 0.0, -7.0079 -2.4567 0.0, -7.0079 -2.9291 0.4016, -7.0079 -2.9291 0.0, -7.0079 -3.0472 0.0039, -7.0079 -3.0472 0.0, -7.0079 -3.0472 0.4016, -7.0079 -3.0472 0.3976, -7.0079 -3.7402 0.3976, -7.0079 -3.7402 0.0039
            ]
        }
        coordIndex [
            0,1,2,-1,3,4,5,-1,5,4,6,-1,5,6,2,-1,2,6,7,-1,2,7,0,-1,8,9,10,-1,10,9,11,-1,12,8,13,-1,13,8,10,-1,13,10,14,-1,14,10,15,-1,16,17,18,-1,19,20,21,-1,21,20,22,-1,23,24,25,-1,26,19,27,-1,27,19,21,-1,27,21,25,-1,25,21,16,-1,25,16,23,-1,23,16,18,-1,28,29,30,-1,31,32,33,-1,33,32,34,-1,33,34,30,-1,30,34,35,-1,30,35,28,-1,36,37,38,-1,38,37,39,-1,40,36,41,-1,41,36,38,-1,41,38,42,-1,42,38,43,-1,
        ]
    }
}
Shape{
    appearance Appearance {
        material  Material 	{
            diffuseColor 0.6666666666666666 0.6980392156862745 0.7686274509803922
            specularColor 0.3333333333333333 0.34901960784313724 0.3843137254901961
            ambientIntensity 0.6967
            transparency 0.0
            shininess 0.5
        }
    }
    geometry IndexedFaceSet {
        ccw TRUE
        solid FALSE
        coord DEF co Coordinate {
            point [
                -6.6142 3.2283 0.3976, -6.6142 3.0945 0.3976, -6.6142 3.0945 0.4016, -6.6142 3.2283 1.1457, -6.6142 2.3858 0.4016, -6.6142 -3.2283 1.1457, -6.6142 0.5748 0.4016, -6.6142 0.5748 0.3976, -6.6142 -0.5276 0.3976, -6.6142 -0.5276 0.4016, -6.6142 -1.2362 0.4016, -6.6142 1.2835 0.4016, -6.6142 1.2835 0.3976, -6.6142 2.3858 0.3976, -6.6142 -3.0472 0.3976, -6.6142 -3.2283 0.3976, -6.6142 -3.0472 0.4016, -6.6142 -2.3386 0.4016, -6.6142 -2.3386 0.3976, -6.6142 -1.2362 0.3976
            ]
        }
        coordIndex [
            0,1,2,-1,0,2,3,-1,3,2,4,-1,3,4,5,-1,6,7,8,-1,9,10,5,-1,8,9,6,-1,6,9,5,-1,6,5,11,-1,11,5,4,-1,11,4,12,-1,12,4,13,-1,14,15,16,-1,16,15,5,-1,16,5,17,-1,17,5,10,-1,17,10,18,-1,18,10,19,-1,
        ]
    }
}
Shape{
    appearance Appearance {
        material  Material 	{
            diffuseColor 0.0 0.4627450980392157 0.7803921568627451
            specularColor 0.0 0.23137254901960785 0.38823529411764707
            ambientIntensity 0.3606
            transparency 0.0
            shininess 0.5
        }
    }
    geometry IndexedFaceSet {
        ccw TRUE
        solid FALSE
        coord DEF co Coordinate {
            point [
                6.9162 3.0824 0.3976, 7.0079 3.0945 0.3976, 6.6142 3.2283 0.3976, -2.0588 3.563 0.3976, -2.0942 3.6484 0.3976, -3.1496 3.3465 0.3976, -6.9162 -3.0352 0.3976, -7.0079 -3.0472 0.3976, -7.0079 -3.7402 0.3976, -2.1063 3.7402 0.3976, -3.1496 3.7402 0.3976, -2.0025 3.4896 0.3976, -2.1063 3.3465 0.3976, -1.9291 3.4333 0.3976, -2.1063 2.9921 0.3976, -1.8437 3.3979 0.3976, 1.4451 3.563 0.3976, 1.4097 3.6484 0.3976, 0.3543 3.3465 0.3976, -4.9016 -3.7402 0.3976, -3.8583 -3.7402 0.3976, -4.9136 -3.6484 0.3976, -3.8462 -3.6484 0.3976, -4.949 -3.563 0.3976, -1.3976 2.9921 0.3976, -1.6603 3.3979 0.3976, -1.752 3.3858 0.3976, -0.2505 3.4896 0.3976, -1.4097 3.6484 0.3976, -0.3543 3.3465 0.3976, -1.4451 3.563 0.3976, -1.3976 3.3465 0.3976, -1.5014 3.4896 0.3976, -1.5748 3.4333 0.3976, -0.1772 3.4333 0.3976, -0.3543 2.9921 0.3976, -0.0917 3.3979 0.3976, 1.3976 3.7402 0.3976, 0.3543 3.7402 0.3976, 1.9291 3.4333 0.3976, 1.8437 3.3979 0.3976, 2.1063 2.9921 0.3976, 6.701 2.563 0.3976, 6.6656 2.6484 0.3976, 6.2598 2.3858 0.3976, 6.6535 2.7402 0.3976, 6.2598 3.0945 0.3976, 3.7545 -3.4896 0.3976, 3.8583 -3.3465 0.3976, 3.6811 -3.4333 0.3976, 3.8583 -2.9921 0.3976, -3.6811 -3.4333 0.3976, -3.8583 -2.9921 0.3976, -3.7545 -3.4896 0.3976, -3.8583 -3.3465 0.3976, -3.8108 -3.563 0.3976, -4.9016 -3.3465 0.3976, -3.5956 -3.3979 0.3976, -3.5039 -3.3858 0.3976, -3.1496 -2.9921 0.3976, -5.0054 -3.4896 0.3976, -5.0787 -3.4333 0.3976, -4.9016 -2.9921 0.3976, -5.1642 -3.3979 0.3976, -0.3543 3.7402 0.3976, -1.3976 3.7402 0.3976, -0.3423 3.6484 0.3976, -0.3069 3.563 0.3976, 0.3543 2.9921 0.3976, 0.0917 3.3979 0.3976, 0.0 3.3858 0.3976, 1.5014 3.4896 0.3976, 1.3976 3.3465 0.3976, 1.5748 3.4333 0.3976, 1.3976 2.9921 0.3976, 1.6603 3.3979 0.3976, 7.0079 3.7402 0.3976, 5.6102 3.7402 0.3976, 5.5982 3.6484 0.3976, 6.6656 2.8319 0.3976, 6.701 2.9173 0.3976, 6.6142 3.0945 0.3976, 6.7573 2.9907 0.3976, 6.8307 3.047 0.3976, 6.7573 2.4896 0.3976, 6.6142 2.3858 0.3976, 6.8307 2.4333 0.3976, 6.6142 1.2835 0.3976, 6.9162 2.3979 0.3976, 3.8583 -3.7402 0.3976, 4.9016 -3.7402 0.3976, 3.8462 -3.6484 0.3976, 4.9136 -3.6484 0.3976, 3.8108 -3.563 0.3976, 0.3543 -3.3465 0.3976, 1.4451 -3.563 0.3976, 1.3976 -3.3465 0.3976, 1.5014 -3.4896 0.3976, 1.3976 -2.9921 0.3976, 1.5748 -3.4333 0.3976, -3.1617 -3.6484 0.3976, -3.1496 -3.7402 0.3976, -2.1063 -3.7402 0.3976, -6.5551 -3.3306 0.3976, -6.5796 -3.3119 0.3976, -6.701 -2.5157 0.3976, -6.2598 -2.3386 0.3976, -6.7573 -2.4424 0.3976, -6.6142 -2.3386 0.3976, -6.8307 -2.3861 0.3976, -6.6656 -2.6012 0.3976, -6.6535 -2.6929 0.3976, -6.2598 -3.0472 0.3976, -6.8307 -0.575 0.3976, -6.7573 -0.6313 0.3976, -6.6142 -0.5276 0.3976, 0.3423 3.6484 0.3976, 0.3069 3.563 0.3976, 0.2505 3.4896 0.3976, 0.1772 3.4333 0.3976, 1.752 3.3858 0.3976, 3.1496 3.7402 0.3976, 2.1063 3.7402 0.3976, 3.1617 3.6484 0.3976, 2.0942 3.6484 0.3976, 3.1971 3.563 0.3976, 2.0025 3.4896 0.3976, 2.1063 3.3465 0.3976, 2.0588 3.563 0.3976, 3.1496 3.3465 0.3976, 3.6811 3.4333 0.3976, 3.5956 3.3979 0.3976, 3.8583 2.9921 0.3976, 7.0079 1.2835 0.3976, 7.0079 2.3858 0.3976, 6.9162 1.2714 0.3976, 6.701 0.752 0.3976, 6.2598 0.5748 0.3976, 6.7573 0.6786 0.3976, 6.6142 0.5748 0.3976, 6.8307 0.6223 0.3976, 6.6656 0.8374 0.3976, 6.6535 0.9291 0.3976, 6.2598 1.2835 0.3976, 6.6656 -0.9736 0.3976, 6.6535 -0.8819 0.3976, 6.2598 -1.2362 0.3976, 1.6603 -3.3979 0.3976, 1.752 -3.3858 0.3976, 2.1063 -2.9921 0.3976, 2.0588 -3.563 0.3976, 3.1496 -3.3465 0.3976, 2.0025 -3.4896 0.3976, 2.1063 -3.3465 0.3976, 1.9291 -3.4333 0.3976, 1.8437 -3.3979 0.3976, -1.3976 -3.7402 0.3976, -0.3543 -3.7402 0.3976, -1.4097 -3.6484 0.3976, -0.3423 -3.6484 0.3976, -0.1772 -3.4333 0.3976, -0.3543 -2.9921 0.3976, -0.2505 -3.4896 0.3976, -0.3543 -3.3465 0.3976, -0.3069 -3.563 0.3976, -1.3976 -3.3465 0.3976, -2.1063 -2.9921 0.3976, -1.8437 -3.3979 0.3976, -1.752 -3.3858 0.3976, -3.4122 -3.3979 0.3976, -3.3268 -3.4333 0.3976, -3.1496 -3.3465 0.3976, -3.2534 -3.4896 0.3976, -2.1063 -3.3465 0.3976, -3.1971 -3.563 0.3976, -6.8307 -2.9998 0.3976, -6.5983 -3.2874 0.3976, -6.6101 -3.2589 0.3976, -6.6142 -3.2283 0.3976, -6.7573 -2.9435 0.3976, -6.6142 -3.0472 0.3976, -6.701 -2.8701 0.3976, -6.6656 -2.7846 0.3976, -6.2598 -0.5276 0.3976, 3.2534 3.4896 0.3976, 3.3268 3.4333 0.3976, 3.1496 2.9921 0.3976, 3.4122 3.3979 0.3976, 6.5473 3.3348 0.3976, 6.5697 3.3207 0.3976, 6.5884 3.302 0.3976, 6.6025 3.2796 0.3976, 6.6112 3.2546 0.3976, 6.6656 1.0208 0.3976, 6.701 1.1063 0.3976, 6.7573 1.1797 0.3976, 6.8307 1.236 0.3976, 5.0787 -3.4333 0.3976, 4.9016 -2.9921 0.3976, 5.0054 -3.4896 0.3976, 4.9016 -3.3465 0.3976, 4.949 -3.563 0.3976, 5.1642 -3.3979 0.3976, 5.2559 -3.3858 0.3976, 5.6102 -2.9921 0.3976, 2.1063 -3.7402 0.3976, 3.1496 -3.7402 0.3976, 2.0942 -3.6484 0.3976, 3.1617 -3.6484 0.3976, 3.1971 -3.563 0.3976, 3.2534 -3.4896 0.3976, 3.1496 -2.9921 0.3976, 3.3268 -3.4333 0.3976, 3.4122 -3.3979 0.3976, 3.5039 -3.3858 0.3976, 3.5956 -3.3979 0.3976, 0.3543 -3.7402 0.3976, 1.3976 -3.7402 0.3976, 0.3423 -3.6484 0.3976, 1.4097 -3.6484 0.3976, -0.0917 -3.3979 0.3976, 0.0 -3.3858 0.3976, 0.3543 -2.9921 0.3976, 0.0917 -3.3979 0.3976, 0.1772 -3.4333 0.3976, 0.2505 -3.4896 0.3976, 0.3069 -3.563 0.3976, -1.3976 -2.9921 0.3976, -1.6603 -3.3979 0.3976, -1.5748 -3.4333 0.3976, -1.5014 -3.4896 0.3976, -1.4451 -3.563 0.3976, -2.0942 -3.6484 0.3976, -2.0588 -3.563 0.3976, -2.0025 -3.4896 0.3976, -1.9291 -3.4333 0.3976, -5.2559 -3.3858 0.3976, -5.6102 -2.9921 0.3976, -5.3476 -3.3979 0.3976, -5.6102 -3.7402 0.3976, -5.5982 -3.6484 0.3976, -7.0079 -1.2362 0.3976, -7.0079 -2.3386 0.3976, -6.9162 -1.2241 0.3976, -6.9162 -2.3507 0.3976, -6.8307 -1.1887 0.3976, -6.7573 -1.1324 0.3976, -6.6142 -1.2362 0.3976, -6.701 -1.0591 0.3976, -6.2598 -1.2362 0.3976, -6.6656 -0.9736 0.3976, 3.5039 3.3858 0.3976, 4.9016 3.7402 0.3976, 3.8583 3.7402 0.3976, 4.9136 3.6484 0.3976, 3.8462 3.6484 0.3976, 4.949 3.563 0.3976, 6.5223 3.3435 0.3976, 6.4961 3.3465 0.3976, 5.5628 3.563 0.3976, 5.6102 3.3465 0.3976, 5.5065 3.4896 0.3976, 5.6102 2.9921 0.3976, 5.0054 3.4896 0.3976, 4.9016 3.3465 0.3976, 5.0787 3.4333 0.3976, 4.9016 2.9921 0.3976, 5.1642 3.3979 0.3976, 6.9162 -0.5396 0.3976, 7.0079 -0.5276 0.3976, 7.0079 0.5748 0.3976, 6.2598 -0.5276 0.3976, -6.5266 -3.3424 0.3976, -6.4961 -3.3465 0.3976, -5.5628 -3.563 0.3976, -5.6102 -3.3465 0.3976, -5.5065 -3.4896 0.3976, -5.4331 -3.4333 0.3976, -6.701 -0.7047 0.3976, -6.6656 -0.7902 0.3976, -6.6535 -0.8819 0.3976, 3.7545 3.4896 0.3976, 3.8583 3.3465 0.3976, 3.8108 3.563 0.3976, 5.4331 3.4333 0.3976, 5.3476 3.3979 0.3976, 5.2559 3.3858 0.3976, 6.9162 0.5869 0.3976, 6.8307 -0.575 0.3976, 6.7573 -0.6313 0.3976, 6.6142 -0.5276 0.3976, 6.701 -0.7047 0.3976, 6.6656 -0.7902 0.3976, 6.9162 -2.3507 0.3976, 7.0079 -2.3386 0.3976, 7.0079 -1.2362 0.3976, -7.0079 0.5748 0.3976, -7.0079 -0.5276 0.3976, -6.9162 0.5869 0.3976, -6.9162 -0.5396 0.3976, -6.8307 0.6223 0.3976, -6.7573 0.6786 0.3976, -6.6142 0.5748 0.3976, -6.701 0.752 0.3976, -6.2598 0.5748 0.3976, -6.6656 0.8374 0.3976, -6.9162 2.3979 0.3976, -7.0079 2.3858 0.3976, -7.0079 1.2835 0.3976, 6.701 -2.8701 0.3976, 6.6656 -2.7846 0.3976, 6.2598 -3.0472 0.3976, 6.6535 -2.6929 0.3976, 6.2598 -2.3386 0.3976, 5.3476 -3.3979 0.3976, 5.4331 -3.4333 0.3976, 5.6102 -3.3465 0.3976, 5.5065 -3.4896 0.3976, 6.4961 -3.3465 0.3976, -6.2598 1.2835 0.3976, -6.6656 1.0208 0.3976, -6.6535 0.9291 0.3976, 6.9162 -1.2241 0.3976, 6.8307 -1.1887 0.3976, 6.6142 -1.2362 0.3976, 6.7573 -1.1324 0.3976, 6.701 -1.0591 0.3976, 6.6656 -2.6012 0.3976, 6.701 -2.5157 0.3976, 6.6142 -2.3386 0.3976, 6.7573 -2.4424 0.3976, 6.8307 -2.3861 0.3976, -6.9162 1.2714 0.3976, -6.8307 1.236 0.3976, -6.6142 1.2835 0.3976, -6.7573 1.1797 0.3976, -6.701 1.1063 0.3976, -6.701 2.9173 0.3976, -6.6656 2.8319 0.3976, -6.2598 3.0945 0.3976, -6.6535 2.7402 0.3976, -6.2598 2.3858 0.3976, -6.4961 3.3465 0.3976, -5.6102 3.3465 0.3976, -5.5065 3.4896 0.3976, 7.0079 -3.7402 0.3976, 6.5473 -3.3348 0.3976, 6.5223 -3.3435 0.3976, -6.6656 2.6484 0.3976, -6.701 2.563 0.3976, -6.6142 2.3858 0.3976, -6.7573 2.4896 0.3976, -6.8307 2.4333 0.3976, -3.5956 3.3979 0.3976, -3.6811 3.4333 0.3976, -3.8583 2.9921 0.3976, 7.0079 -3.0472 0.3976, 6.9162 -3.0352 0.3976, 6.8307 -2.9998 0.3976, 5.5628 -3.563 0.3976, 5.5982 -3.6484 0.3976, 5.6102 -3.7402 0.3976, -5.4331 3.4333 0.3976, -5.6102 2.9921 0.3976, -5.3476 3.3979 0.3976, -3.8462 3.6484 0.3976, -3.8583 3.7402 0.3976, -4.9016 3.7402 0.3976, 6.6112 -3.2546 0.3976, 6.6025 -3.2796 0.3976, 6.5884 -3.302 0.3976, 6.5697 -3.3207 0.3976, 6.7573 -2.9435 0.3976, 6.6142 -3.0472 0.3976, 6.6142 -3.2283 0.3976, -7.0079 3.7402 0.3976, -6.5473 3.3348 0.3976, -6.5223 3.3435 0.3976, -4.9016 2.9921 0.3976, -5.1642 3.3979 0.3976, -5.2559 3.3858 0.3976, -3.8583 3.3465 0.3976, -3.7545 3.4896 0.3976, -4.9016 3.3465 0.3976, -3.8108 3.563 0.3976, -7.0079 3.0945 0.3976, -6.9162 3.0824 0.3976, -6.8307 3.047 0.3976, -5.5628 3.563 0.3976, -5.5982 3.6484 0.3976, -5.6102 3.7402 0.3976, -4.9136 3.6484 0.3976, -4.949 3.563 0.3976, -5.0054 3.4896 0.3976, -5.0787 3.4333 0.3976, -3.1617 3.6484 0.3976, -3.1971 3.563 0.3976, -3.2534 3.4896 0.3976, -3.1496 2.9921 0.3976, -6.6112 3.2546 0.3976, -6.6025 3.2796 0.3976, -6.5884 3.302 0.3976, -6.5697 3.3207 0.3976, -6.7573 2.9907 0.3976, -6.6142 3.0945 0.3976, -6.6142 3.2283 0.3976, -3.3268 3.4333 0.3976, -3.4122 3.3979 0.3976, -3.5039 3.3858 0.3976, 7.0079 2.3858 0.0039, 7.0079 2.3858 0.0, 7.0079 2.5039 0.0, 7.0079 1.1654 0.4016, 7.0079 1.1654 0.0, 7.0079 1.2835 0.0039, 7.0079 1.2835 0.0, 7.0079 2.5039 0.4016, 7.0079 2.3858 0.4016, 7.0079 1.2835 0.4016, 7.0079 -0.5276 0.4016, 7.0079 -0.6457 0.4016, 7.0079 0.6929 0.0, 7.0079 0.6929 0.4016, 7.0079 0.5748 0.4016, 7.0079 -0.6457 0.0, 7.0079 -0.5276 0.0, 7.0079 -0.5276 0.0039, 7.0079 0.5748 0.0, 7.0079 0.5748 0.0039, 7.0079 -2.3386 0.4016, 7.0079 -2.4567 0.4016, 7.0079 -1.1181 0.0, 7.0079 -1.1181 0.4016, 7.0079 -1.2362 0.4016, 7.0079 -2.4567 0.0, 7.0079 -2.3386 0.0, 7.0079 -2.3386 0.0039, 7.0079 -1.2362 0.0, 7.0079 -1.2362 0.0039, 7.0079 2.9764 0.4016, 7.0079 2.9764 0.0, 7.0079 3.0945 0.0039, 7.0079 3.0945 0.0, 7.0079 3.0945 0.4016, 7.0079 3.7402 0.0039
            ]
        }
        coordIndex [
            0,1,2,-1,3,4,5,-1,6,7,8,-1,4,9,10,-1,3,5,11,-1,11,5,12,-1,11,12,13,-1,13,12,14,-1,13,14,15,-1,16,17,18,-1,19,20,21,-1,21,20,22,-1,21,22,23,-1,24,25,14,-1,14,25,26,-1,14,26,15,-1,27,28,29,-1,29,28,30,-1,29,30,31,-1,31,30,32,-1,31,32,24,-1,24,32,33,-1,24,33,25,-1,27,29,34,-1,34,29,35,-1,34,35,36,-1,17,37,38,-1,39,40,41,-1,42,43,44,-1,44,43,45,-1,44,45,46,-1,47,48,49,-1,49,48,50,-1,51,52,53,-1,53,52,54,-1,53,54,55,-1,55,54,56,-1,55,56,22,-1,51,57,52,-1,52,57,58,-1,52,58,59,-1,23,22,60,-1,60,22,56,-1,60,56,61,-1,61,56,62,-1,61,62,63,-1,64,65,66,-1,66,65,28,-1,66,28,67,-1,67,28,27,-1,68,69,35,-1,35,69,70,-1,35,70,36,-1,16,18,71,-1,71,18,72,-1,71,72,73,-1,73,72,74,-1,73,74,75,-1,76,77,78,-1,45,79,46,-1,46,79,80,-1,46,80,81,-1,81,80,82,-1,81,82,2,-1,2,82,83,-1,2,83,0,-1,42,44,84,-1,84,44,85,-1,84,85,86,-1,86,85,87,-1,86,87,88,-1,89,90,91,-1,91,90,92,-1,91,92,93,-1,94,95,96,-1,96,95,97,-1,96,97,98,-1,98,97,99,-1,100,101,102,-1,103,104,8,-1,105,106,107,-1,107,106,108,-1,107,108,109,-1,105,110,106,-1,106,110,111,-1,106,111,112,-1,113,114,115,-1,38,116,17,-1,17,116,117,-1,17,117,18,-1,18,117,118,-1,18,118,68,-1,68,118,119,-1,68,119,69,-1,41,40,74,-1,74,40,120,-1,74,120,75,-1,121,122,123,-1,123,122,124,-1,123,124,125,-1,39,41,126,-1,126,41,127,-1,126,127,128,-1,128,127,129,-1,128,129,124,-1,130,131,132,-1,133,134,135,-1,135,134,88,-1,136,137,138,-1,138,137,139,-1,138,139,140,-1,136,141,137,-1,137,141,142,-1,137,142,143,-1,144,145,146,-1,99,147,98,-1,98,147,148,-1,98,148,149,-1,150,151,152,-1,152,151,153,-1,152,153,154,-1,154,153,149,-1,154,149,155,-1,155,149,148,-1,156,157,158,-1,158,157,159,-1,160,161,162,-1,162,161,163,-1,162,163,164,-1,164,163,165,-1,164,165,159,-1,166,167,168,-1,58,169,59,-1,59,169,170,-1,59,170,171,-1,171,170,172,-1,171,172,173,-1,173,172,174,-1,173,174,100,-1,6,8,175,-1,104,176,8,-1,8,176,177,-1,8,177,175,-1,175,177,178,-1,175,178,179,-1,179,178,180,-1,179,180,181,-1,181,180,112,-1,181,112,182,-1,182,112,111,-1,115,114,183,-1,125,124,184,-1,184,124,129,-1,184,129,185,-1,185,129,186,-1,185,186,187,-1,76,188,189,-1,189,190,76,-1,76,190,191,-1,76,191,1,-1,1,191,192,-1,1,192,2,-1,142,193,143,-1,143,193,194,-1,143,194,87,-1,87,194,195,-1,87,195,88,-1,88,195,196,-1,88,196,135,-1,197,198,199,-1,199,198,200,-1,199,200,201,-1,201,200,48,-1,201,48,92,-1,92,48,47,-1,92,47,93,-1,197,202,198,-1,198,202,203,-1,198,203,204,-1,205,206,207,-1,207,206,208,-1,207,208,150,-1,150,208,209,-1,150,209,151,-1,151,209,210,-1,151,210,211,-1,211,210,212,-1,212,213,211,-1,211,213,214,-1,211,214,50,-1,50,214,215,-1,50,215,49,-1,216,217,218,-1,218,217,219,-1,218,219,95,-1,160,220,161,-1,161,220,221,-1,161,221,222,-1,221,223,222,-1,222,223,224,-1,222,224,94,-1,94,224,225,-1,94,225,95,-1,95,225,226,-1,95,226,218,-1,166,168,227,-1,168,228,227,-1,227,228,229,-1,227,229,165,-1,165,229,230,-1,165,230,159,-1,159,230,231,-1,159,231,158,-1,102,232,100,-1,100,232,233,-1,100,233,173,-1,173,233,234,-1,173,234,166,-1,166,234,235,-1,166,235,167,-1,63,62,236,-1,236,62,237,-1,236,237,238,-1,8,239,240,-1,241,242,243,-1,243,242,244,-1,243,244,245,-1,244,109,245,-1,245,109,108,-1,245,108,246,-1,246,108,247,-1,246,247,248,-1,248,247,249,-1,248,249,250,-1,132,131,186,-1,186,131,251,-1,186,251,187,-1,252,253,254,-1,254,253,255,-1,254,255,256,-1,188,76,257,-1,257,76,78,-1,257,78,258,-1,258,78,259,-1,258,259,260,-1,260,259,261,-1,260,261,262,-1,263,264,265,-1,265,264,266,-1,265,266,267,-1,268,269,270,-1,146,145,271,-1,103,8,272,-1,272,8,240,-1,272,240,273,-1,273,240,274,-1,273,274,275,-1,275,274,276,-1,275,276,237,-1,237,276,277,-1,237,277,238,-1,114,278,183,-1,183,278,279,-1,183,279,249,-1,249,279,280,-1,249,280,250,-1,130,132,281,-1,281,132,282,-1,281,282,283,-1,283,282,264,-1,283,264,255,-1,255,264,263,-1,255,263,256,-1,261,284,262,-1,262,284,285,-1,262,285,266,-1,266,285,286,-1,266,286,267,-1,270,287,268,-1,268,287,140,-1,268,140,288,-1,288,140,139,-1,288,139,289,-1,289,139,290,-1,289,290,291,-1,291,290,271,-1,291,271,292,-1,292,271,145,-1,293,294,295,-1,296,297,298,-1,298,297,299,-1,298,299,300,-1,299,113,300,-1,300,113,115,-1,300,115,301,-1,301,115,302,-1,301,302,303,-1,303,302,304,-1,303,304,305,-1,306,307,308,-1,309,310,311,-1,311,310,312,-1,311,312,313,-1,203,314,204,-1,204,314,315,-1,204,315,316,-1,316,315,317,-1,316,317,318,-1,319,320,304,-1,304,320,321,-1,304,321,305,-1,295,322,293,-1,293,322,323,-1,293,323,324,-1,324,323,325,-1,324,325,146,-1,146,325,326,-1,146,326,144,-1,312,327,313,-1,313,327,328,-1,313,328,329,-1,329,328,330,-1,329,330,324,-1,324,330,331,-1,324,331,293,-1,308,332,306,-1,306,332,333,-1,306,333,334,-1,334,333,335,-1,334,335,319,-1,319,335,336,-1,319,336,320,-1,337,338,339,-1,339,338,340,-1,339,340,341,-1,342,343,344,-1,345,346,347,-1,340,348,341,-1,341,348,349,-1,341,349,350,-1,350,349,351,-1,350,351,334,-1,334,351,352,-1,334,352,306,-1,353,354,355,-1,356,357,345,-1,345,357,358,-1,317,359,318,-1,318,359,360,-1,318,360,347,-1,347,360,361,-1,347,361,345,-1,344,343,362,-1,362,343,363,-1,362,363,364,-1,365,366,367,-1,368,369,358,-1,358,369,370,-1,358,370,345,-1,345,370,371,-1,345,371,346,-1,309,311,372,-1,372,311,373,-1,372,373,358,-1,358,373,374,-1,358,374,368,-1,375,376,377,-1,378,379,363,-1,363,379,380,-1,363,380,364,-1,355,354,381,-1,381,354,382,-1,381,382,383,-1,383,382,384,-1,383,384,365,-1,385,386,375,-1,375,386,387,-1,344,388,342,-1,342,388,389,-1,342,389,377,-1,377,389,390,-1,377,390,375,-1,367,391,365,-1,365,391,392,-1,365,392,383,-1,383,392,393,-1,383,393,378,-1,378,393,394,-1,378,394,379,-1,10,395,4,-1,4,395,396,-1,4,396,5,-1,5,396,397,-1,5,397,398,-1,399,400,387,-1,387,400,401,-1,387,401,375,-1,375,401,402,-1,375,402,376,-1,337,339,403,-1,403,339,404,-1,403,404,387,-1,387,404,405,-1,387,405,399,-1,397,406,398,-1,398,406,407,-1,398,407,355,-1,355,407,408,-1,355,408,353,-1,409,410,411,-1,412,413,414,-1,414,413,415,-1,416,417,134,-1,418,412,133,-1,133,412,414,-1,133,414,134,-1,134,414,409,-1,134,409,416,-1,416,409,411,-1,269,419,420,-1,421,422,270,-1,270,422,423,-1,424,425,426,-1,427,421,428,-1,428,421,270,-1,428,270,426,-1,426,270,269,-1,426,269,424,-1,424,269,420,-1,294,429,430,-1,431,432,295,-1,295,432,433,-1,434,435,436,-1,437,431,438,-1,438,431,295,-1,438,295,436,-1,436,295,294,-1,436,294,434,-1,434,294,430,-1,439,440,441,-1,441,440,442,-1,443,439,1,-1,1,439,441,-1,1,441,76,-1,76,441,444,-1,
        ]
    }
}
Shape{
    appearance Appearance {
        material  Material 	{
            diffuseColor 0.9686274509803922 0.8784313725490196 0.6
            specularColor 0.6784313725490196 0.615686274509804 0.4196078431372549
            ambientIntensity 0.8737
            transparency 0.0
            shininess 0.5
        }
    }
    geometry IndexedFaceSet {
        ccw TRUE
        solid FALSE
        coord DEF co Coordinate {
            point [
                -4.9016 3.7402 0.4016, -5.0197 3.7402 0.4016, -4.9136 3.6484 0.4016, -5.0265 3.6836 0.4016, -4.949 3.563 0.4016, -5.0467 3.6304 0.4016, -5.0054 3.4896 0.4016, -5.0791 3.5835 0.4016, -5.0787 3.4333 0.4016, -5.1217 3.5458 0.4016, -5.1642 3.3979 0.4016, -5.1721 3.5193 0.4016, -5.2559 3.3858 0.4016, -5.4921 3.7402 0.4016, -5.6102 3.7402 0.4016, -5.4853 3.6836 0.4016, -5.5982 3.6484 0.4016, -5.4651 3.6304 0.4016, -5.5628 3.563 0.4016, -5.4327 3.5835 0.4016, -5.5065 3.4896 0.4016, -5.3901 3.5458 0.4016, -5.4331 3.4333 0.4016, -5.3397 3.5193 0.4016, -5.3476 3.3979 0.4016, -5.2844 3.5057 0.4016, -5.2274 3.5057 0.4016, -3.7402 3.7402 0.4016, -3.8583 3.7402 0.4016, -3.7333 3.6836 0.4016, -3.8462 3.6484 0.4016, -3.7131 3.6304 0.4016, -3.8108 3.563 0.4016, -3.6808 3.5835 0.4016, -3.7545 3.4896 0.4016, -3.6381 3.5458 0.4016, -3.6811 3.4333 0.4016, -3.5877 3.5193 0.4016, -3.5956 3.3979 0.4016, -3.5324 3.5057 0.4016, -3.5039 3.3858 0.4016, -3.1496 3.7402 0.4016, -3.2677 3.7402 0.4016, -3.1617 3.6484 0.4016, -3.2746 3.6836 0.4016, -3.1971 3.563 0.4016, -3.2948 3.6304 0.4016, -3.2534 3.4896 0.4016, -3.3271 3.5835 0.4016, -3.3268 3.4333 0.4016, -3.3697 3.5458 0.4016, -3.4122 3.3979 0.4016, -3.4202 3.5193 0.4016, -3.4755 3.5057 0.4016, -1.3976 3.7402 0.4016, -1.5157 3.7402 0.4016, -1.4097 3.6484 0.4016, -1.5226 3.6836 0.4016, -1.4451 3.563 0.4016, -1.5428 3.6304 0.4016, -1.5014 3.4896 0.4016, -1.5752 3.5835 0.4016, -1.5748 3.4333 0.4016, -1.6178 3.5458 0.4016, -1.6603 3.3979 0.4016, -1.6682 3.5193 0.4016, -1.752 3.3858 0.4016, -1.9882 3.7402 0.4016, -2.1063 3.7402 0.4016, -1.9813 3.6836 0.4016, -2.0942 3.6484 0.4016, -1.9611 3.6304 0.4016, -2.0588 3.563 0.4016, -1.9288 3.5835 0.4016, -2.0025 3.4896 0.4016, -1.8862 3.5458 0.4016, -1.9291 3.4333 0.4016, -1.8357 3.5193 0.4016, -1.8437 3.3979 0.4016, -1.7804 3.5057 0.4016, -1.7235 3.5057 0.4016, 0.3543 3.7402 0.4016, 0.2362 3.7402 0.4016, 0.3423 3.6484 0.4016, 0.2294 3.6836 0.4016, 0.3069 3.563 0.4016, 0.2092 3.6304 0.4016, 0.2505 3.4896 0.4016, 0.1768 3.5835 0.4016, 0.1772 3.4333 0.4016, 0.1342 3.5458 0.4016, 0.0917 3.3979 0.4016, 0.0838 3.5193 0.4016, 0.0 3.3858 0.4016, -0.2362 3.7402 0.4016, -0.3543 3.7402 0.4016, -0.2294 3.6836 0.4016, -0.3423 3.6484 0.4016, -0.2092 3.6304 0.4016, -0.3069 3.563 0.4016, -0.1768 3.5835 0.4016, -0.2505 3.4896 0.4016, -0.1342 3.5458 0.4016, -0.1772 3.4333 0.4016, -0.0838 3.5193 0.4016, -0.0917 3.3979 0.4016, -0.0285 3.5057 0.4016, 0.0285 3.5057 0.4016, 2.1063 3.7402 0.4016, 1.9882 3.7402 0.4016, 2.0942 3.6484 0.4016, 1.9813 3.6836 0.4016, 2.0588 3.563 0.4016, 1.9611 3.6304 0.4016, 2.0025 3.4896 0.4016, 1.9288 3.5835 0.4016, 1.9291 3.4333 0.4016, 1.8862 3.5458 0.4016, 1.8437 3.3979 0.4016, 1.8357 3.5193 0.4016, 1.752 3.3858 0.4016, 1.5157 3.7402 0.4016, 1.3976 3.7402 0.4016, 1.5226 3.6836 0.4016, 1.4097 3.6484 0.4016, 1.5428 3.6304 0.4016, 1.4451 3.563 0.4016, 1.5752 3.5835 0.4016, 1.5014 3.4896 0.4016, 1.6178 3.5458 0.4016, 1.5748 3.4333 0.4016, 1.6682 3.5193 0.4016, 1.6603 3.3979 0.4016, 1.7235 3.5057 0.4016, 1.7804 3.5057 0.4016, 3.8583 3.7402 0.4016, 3.7402 3.7402 0.4016, 3.8462 3.6484 0.4016, 3.7333 3.6836 0.4016, 3.8108 3.563 0.4016, 3.7131 3.6304 0.4016, 3.7545 3.4896 0.4016, 3.6808 3.5835 0.4016, 3.6811 3.4333 0.4016, 3.6381 3.5458 0.4016, 3.5956 3.3979 0.4016, 3.5877 3.5193 0.4016, 3.5039 3.3858 0.4016, 3.2677 3.7402 0.4016, 3.1496 3.7402 0.4016, 3.2746 3.6836 0.4016, 3.1617 3.6484 0.4016, 3.2948 3.6304 0.4016, 3.1971 3.563 0.4016, 3.3271 3.5835 0.4016, 3.2534 3.4896 0.4016, 3.3697 3.5458 0.4016, 3.3268 3.4333 0.4016, 3.4202 3.5193 0.4016, 3.4122 3.3979 0.4016, 3.4755 3.5057 0.4016, 3.5324 3.5057 0.4016, 5.6102 3.7402 0.4016, 5.4921 3.7402 0.4016, 5.5982 3.6484 0.4016, 5.4853 3.6836 0.4016, 5.5628 3.563 0.4016, 5.4651 3.6304 0.4016, 5.5065 3.4896 0.4016, 5.4327 3.5835 0.4016, 5.4331 3.4333 0.4016, 5.3901 3.5458 0.4016, 5.3476 3.3979 0.4016, 5.3397 3.5193 0.4016, 5.2559 3.3858 0.4016, 5.0197 3.7402 0.4016, 4.9016 3.7402 0.4016, 5.0265 3.6836 0.4016, 4.9136 3.6484 0.4016, 5.0467 3.6304 0.4016, 4.949 3.563 0.4016, 5.0791 3.5835 0.4016, 5.0054 3.4896 0.4016, 5.1217 3.5458 0.4016, 5.0787 3.4333 0.4016, 5.1721 3.5193 0.4016, 5.1642 3.3979 0.4016, 5.2274 3.5057 0.4016, 5.2844 3.5057 0.4016
            ]
        }
        coordIndex [
            0,1,2,-1,2,1,3,-1,2,3,4,-1,4,3,5,-1,4,5,6,-1,6,5,7,-1,6,7,8,-1,8,7,9,-1,8,9,10,-1,10,9,11,-1,10,11,12,-1,13,14,15,-1,15,14,16,-1,15,16,17,-1,17,16,18,-1,17,18,19,-1,19,18,20,-1,19,20,21,-1,21,20,22,-1,21,22,23,-1,23,22,24,-1,23,24,25,-1,25,24,12,-1,25,12,26,-1,26,12,11,-1,27,28,29,-1,29,28,30,-1,29,30,31,-1,31,30,32,-1,31,32,33,-1,33,32,34,-1,33,34,35,-1,35,34,36,-1,35,36,37,-1,37,36,38,-1,37,38,39,-1,39,38,40,-1,41,42,43,-1,43,42,44,-1,43,44,45,-1,45,44,46,-1,45,46,47,-1,47,46,48,-1,47,48,49,-1,49,48,50,-1,49,50,51,-1,51,50,52,-1,51,52,40,-1,40,52,53,-1,40,53,39,-1,54,55,56,-1,56,55,57,-1,56,57,58,-1,58,57,59,-1,58,59,60,-1,60,59,61,-1,60,61,62,-1,62,61,63,-1,62,63,64,-1,64,63,65,-1,64,65,66,-1,67,68,69,-1,69,68,70,-1,69,70,71,-1,71,70,72,-1,71,72,73,-1,73,72,74,-1,73,74,75,-1,75,74,76,-1,75,76,77,-1,77,76,78,-1,77,78,79,-1,79,78,66,-1,79,66,80,-1,80,66,65,-1,81,82,83,-1,83,82,84,-1,83,84,85,-1,85,84,86,-1,85,86,87,-1,87,86,88,-1,87,88,89,-1,89,88,90,-1,89,90,91,-1,91,90,92,-1,91,92,93,-1,94,95,96,-1,96,95,97,-1,96,97,98,-1,98,97,99,-1,98,99,100,-1,100,99,101,-1,100,101,102,-1,102,101,103,-1,102,103,104,-1,104,103,105,-1,104,105,106,-1,106,105,93,-1,106,93,107,-1,107,93,92,-1,108,109,110,-1,110,109,111,-1,110,111,112,-1,112,111,113,-1,112,113,114,-1,114,113,115,-1,114,115,116,-1,116,115,117,-1,116,117,118,-1,118,117,119,-1,118,119,120,-1,121,122,123,-1,123,122,124,-1,123,124,125,-1,125,124,126,-1,125,126,127,-1,127,126,128,-1,127,128,129,-1,129,128,130,-1,129,130,131,-1,131,130,132,-1,131,132,133,-1,133,132,120,-1,133,120,134,-1,134,120,119,-1,135,136,137,-1,137,136,138,-1,137,138,139,-1,139,138,140,-1,139,140,141,-1,141,140,142,-1,141,142,143,-1,143,142,144,-1,143,144,145,-1,145,144,146,-1,145,146,147,-1,148,149,150,-1,150,149,151,-1,150,151,152,-1,152,151,153,-1,152,153,154,-1,154,153,155,-1,154,155,156,-1,156,155,157,-1,156,157,158,-1,158,157,159,-1,158,159,160,-1,160,159,147,-1,160,147,161,-1,161,147,146,-1,162,163,164,-1,164,163,165,-1,164,165,166,-1,166,165,167,-1,166,167,168,-1,168,167,169,-1,168,169,170,-1,170,169,171,-1,170,171,172,-1,172,171,173,-1,172,173,174,-1,175,176,177,-1,177,176,178,-1,177,178,179,-1,179,178,180,-1,179,180,181,-1,181,180,182,-1,181,182,183,-1,183,182,184,-1,183,184,185,-1,185,184,186,-1,185,186,187,-1,187,186,174,-1,187,174,188,-1,188,174,173,-1,
        ]
    }
}
Shape{
    appearance Appearance {
        material  Material 	{
            diffuseColor 0.0 0.4627450980392157 0.7803921568627451
            specularColor 0.0 0.23137254901960785 0.38823529411764707
            ambientIntensity 0.3606
            transparency 0.0
            shininess 0.5
        }
    }
    geometry IndexedFaceSet {
        ccw TRUE
        solid FALSE
        coord DEF co Coordinate {
            point [
                -5.4921 3.7402 0.4016, -5.4921 3.7402 0.0, -5.6102 3.7402 0.0039, -5.6102 3.7402 0.0, -5.6102 3.7402 0.4016, -5.6102 3.7402 0.3976, -7.0079 3.7402 0.3976, -7.0079 3.7402 0.0039, -3.8583 3.7402 0.3976, -3.8583 3.7402 0.4016, -3.7402 3.7402 0.4016, -4.9016 3.7402 0.0039, -4.9016 3.7402 0.0, -5.0197 3.7402 0.0, -3.7402 3.7402 0.0, -3.8583 3.7402 0.0, -3.8583 3.7402 0.0039, -5.0197 3.7402 0.4016, -4.9016 3.7402 0.4016, -4.9016 3.7402 0.3976, -2.1063 3.7402 0.3976, -2.1063 3.7402 0.4016, -1.9882 3.7402 0.4016, -3.2677 3.7402 0.0, -3.2677 3.7402 0.4016, -3.1496 3.7402 0.3976, -3.1496 3.7402 0.4016, -1.9882 3.7402 0.0, -2.1063 3.7402 0.0, -2.1063 3.7402 0.0039, -3.1496 3.7402 0.0, -3.1496 3.7402 0.0039, -0.3543 3.7402 0.3976, -0.3543 3.7402 0.4016, -0.2362 3.7402 0.4016, -1.5157 3.7402 0.0, -1.5157 3.7402 0.4016, -1.3976 3.7402 0.3976, -1.3976 3.7402 0.4016, -0.2362 3.7402 0.0, -0.3543 3.7402 0.0, -0.3543 3.7402 0.0039, -1.3976 3.7402 0.0, -1.3976 3.7402 0.0039, 1.3976 3.7402 0.3976, 1.3976 3.7402 0.4016, 1.5157 3.7402 0.4016, 0.2362 3.7402 0.0, 0.2362 3.7402 0.4016, 0.3543 3.7402 0.3976, 0.3543 3.7402 0.4016, 1.5157 3.7402 0.0, 1.3976 3.7402 0.0, 1.3976 3.7402 0.0039, 0.3543 3.7402 0.0, 0.3543 3.7402 0.0039, 3.1496 3.7402 0.3976, 3.1496 3.7402 0.4016, 3.2677 3.7402 0.4016, 1.9882 3.7402 0.0, 1.9882 3.7402 0.4016, 2.1063 3.7402 0.3976, 2.1063 3.7402 0.4016, 3.2677 3.7402 0.0, 3.1496 3.7402 0.0, 3.1496 3.7402 0.0039, 2.1063 3.7402 0.0, 2.1063 3.7402 0.0039, 4.9016 3.7402 0.3976, 4.9016 3.7402 0.4016, 5.0197 3.7402 0.4016, 3.7402 3.7402 0.0, 3.7402 3.7402 0.4016, 3.8583 3.7402 0.3976, 3.8583 3.7402 0.4016, 5.0197 3.7402 0.0, 4.9016 3.7402 0.0, 4.9016 3.7402 0.0039, 3.8583 3.7402 0.0, 3.8583 3.7402 0.0039, 5.4921 3.7402 0.0, 5.4921 3.7402 0.4016, 5.6102 3.7402 0.3976, 5.6102 3.7402 0.4016, 5.6102 3.7402 0.0, 5.6102 3.7402 0.0039, 7.0079 3.7402 0.0039, 7.0079 3.7402 0.3976
            ]
        }
        coordIndex [
            0,1,2,-1,2,1,3,-1,4,0,5,-1,5,0,2,-1,5,2,6,-1,6,2,7,-1,8,9,10,-1,11,12,13,-1,14,15,16,-1,17,18,19,-1,10,14,8,-1,8,14,16,-1,8,16,19,-1,19,16,11,-1,19,11,17,-1,17,11,13,-1,20,21,22,-1,23,24,25,-1,25,24,26,-1,27,28,29,-1,30,23,31,-1,31,23,25,-1,31,25,29,-1,29,25,20,-1,29,20,27,-1,27,20,22,-1,32,33,34,-1,35,36,37,-1,37,36,38,-1,39,40,41,-1,42,35,43,-1,43,35,37,-1,43,37,41,-1,41,37,32,-1,41,32,39,-1,39,32,34,-1,44,45,46,-1,47,48,49,-1,49,48,50,-1,51,52,53,-1,54,47,55,-1,55,47,49,-1,55,49,53,-1,53,49,44,-1,53,44,51,-1,51,44,46,-1,56,57,58,-1,59,60,61,-1,61,60,62,-1,63,64,65,-1,66,59,67,-1,67,59,61,-1,67,61,65,-1,65,61,56,-1,65,56,63,-1,63,56,58,-1,68,69,70,-1,71,72,73,-1,73,72,74,-1,75,76,77,-1,78,71,79,-1,79,71,73,-1,79,73,77,-1,77,73,68,-1,77,68,75,-1,75,68,70,-1,80,81,82,-1,82,81,83,-1,84,80,85,-1,85,80,82,-1,85,82,86,-1,86,82,87,-1,
        ]
    }
}
Shape{
    appearance Appearance {
        material  Material 	{
            diffuseColor 0.6666666666666666 0.6980392156862745 0.7686274509803922
            specularColor 0.3333333333333333 0.34901960784313724 0.3843137254901961
            ambientIntensity 0.6967
            transparency 0.0
            shininess 0.5
        }
    }
    geometry IndexedFaceSet {
        ccw TRUE
        solid FALSE
        coord DEF co Coordinate {
            point [
                6.4961 3.3465 0.3976, 5.6102 3.3465 0.3976, 6.4961 3.3465 1.1457, 5.6102 3.3465 0.4016, 4.9016 3.3465 0.4016, 4.9016 3.3465 0.3976, 3.8583 3.3465 0.3976, 3.8583 3.3465 0.4016, 3.1496 3.3465 0.4016, -6.4961 3.3465 1.1457, 1.3976 3.3465 0.4016, 1.3976 3.3465 0.3976, 0.3543 3.3465 0.3976, 0.3543 3.3465 0.4016, -0.3543 3.3465 0.4016, 2.1063 3.3465 0.4016, 2.1063 3.3465 0.3976, 3.1496 3.3465 0.3976, -2.1063 3.3465 0.4016, -2.1063 3.3465 0.3976, -3.1496 3.3465 0.3976, -3.1496 3.3465 0.4016, -3.8583 3.3465 0.4016, -1.3976 3.3465 0.4016, -1.3976 3.3465 0.3976, -0.3543 3.3465 0.3976, -5.6102 3.3465 0.3976, -6.4961 3.3465 0.3976, -5.6102 3.3465 0.4016, -4.9016 3.3465 0.4016, -4.9016 3.3465 0.3976, -3.8583 3.3465 0.3976
            ]
        }
        coordIndex [
            0,1,2,-1,2,1,3,-1,2,3,4,-1,5,6,4,-1,4,6,7,-1,4,7,2,-1,2,7,8,-1,2,8,9,-1,10,11,12,-1,13,14,9,-1,12,13,10,-1,10,13,9,-1,10,9,15,-1,15,9,8,-1,15,8,16,-1,16,8,17,-1,18,19,20,-1,21,22,9,-1,20,21,18,-1,18,21,9,-1,18,9,23,-1,23,9,14,-1,23,14,24,-1,24,14,25,-1,26,27,28,-1,28,27,9,-1,28,9,29,-1,29,9,22,-1,29,22,30,-1,30,22,31,-1,
        ]
    }
}
Shape{
    appearance Appearance {
        material  Material 	{
            diffuseColor 0.0 0.4627450980392157 0.7803921568627451
            specularColor 0.0 0.23137254901960785 0.38823529411764707
            ambientIntensity 0.3606
            transparency 0.0
            shininess 0.5
        }
    }
    geometry IndexedFaceSet {
        ccw TRUE
        solid FALSE
        coord DEF co Coordinate {
            point [
                -2.1063 -3.7402 0.0039, -2.1063 -3.7402 0.0, -1.9882 -3.7402 0.0, -3.2677 -3.7402 0.4016, -3.2677 -3.7402 0.0, -3.1496 -3.7402 0.0039, -3.1496 -3.7402 0.0, -1.9882 -3.7402 0.4016, -2.1063 -3.7402 0.4016, -2.1063 -3.7402 0.3976, -3.1496 -3.7402 0.4016, -3.1496 -3.7402 0.3976, -0.3543 -3.7402 0.0039, -0.3543 -3.7402 0.0, -0.2362 -3.7402 0.0, -1.5157 -3.7402 0.4016, -1.5157 -3.7402 0.0, -1.3976 -3.7402 0.0039, -1.3976 -3.7402 0.0, -0.2362 -3.7402 0.4016, -0.3543 -3.7402 0.4016, -0.3543 -3.7402 0.3976, -1.3976 -3.7402 0.4016, -1.3976 -3.7402 0.3976, 1.3976 -3.7402 0.0039, 1.3976 -3.7402 0.0, 1.5157 -3.7402 0.0, 0.2362 -3.7402 0.4016, 0.2362 -3.7402 0.0, 0.3543 -3.7402 0.0039, 0.3543 -3.7402 0.0, 1.5157 -3.7402 0.4016, 1.3976 -3.7402 0.4016, 1.3976 -3.7402 0.3976, 0.3543 -3.7402 0.4016, 0.3543 -3.7402 0.3976, 3.1496 -3.7402 0.0039, 3.1496 -3.7402 0.0, 3.2677 -3.7402 0.0, 1.9882 -3.7402 0.4016, 1.9882 -3.7402 0.0, 2.1063 -3.7402 0.0039, 2.1063 -3.7402 0.0, 3.2677 -3.7402 0.4016, 3.1496 -3.7402 0.4016, 3.1496 -3.7402 0.3976, 2.1063 -3.7402 0.4016, 2.1063 -3.7402 0.3976, 4.9016 -3.7402 0.0039, 4.9016 -3.7402 0.0, 5.0197 -3.7402 0.0, 3.7402 -3.7402 0.4016, 3.7402 -3.7402 0.0, 3.8583 -3.7402 0.0039, 3.8583 -3.7402 0.0, 5.0197 -3.7402 0.4016, 4.9016 -3.7402 0.4016, 4.9016 -3.7402 0.3976, 3.8583 -3.7402 0.4016, 3.8583 -3.7402 0.3976, 5.4921 -3.7402 0.4016, 5.4921 -3.7402 0.0, 5.6102 -3.7402 0.0039, 5.6102 -3.7402 0.0, 5.6102 -3.7402 0.4016, 5.6102 -3.7402 0.3976, 7.0079 -3.7402 0.3976, 7.0079 -3.7402 0.0039, -4.9016 -3.7402 0.3976, -4.9016 -3.7402 0.4016, -5.0197 -3.7402 0.4016, -3.8583 -3.7402 0.0039, -3.8583 -3.7402 0.0, -3.7402 -3.7402 0.0, -5.0197 -3.7402 0.0, -4.9016 -3.7402 0.0, -4.9016 -3.7402 0.0039, -3.7402 -3.7402 0.4016, -3.8583 -3.7402 0.4016, -3.8583 -3.7402 0.3976, 7.0079 -2.9291 0.0, 7.0079 -2.9291 0.4016, 7.0079 -3.0472 0.3976, 7.0079 -3.0472 0.4016, 7.0079 -3.0472 0.0, 7.0079 -3.0472 0.0039, -5.4921 -3.7402 0.0, -5.4921 -3.7402 0.4016, -5.6102 -3.7402 0.3976, -5.6102 -3.7402 0.4016, -5.6102 -3.7402 0.0, -5.6102 -3.7402 0.0039, -7.0079 -3.7402 0.0039, -7.0079 -3.7402 0.3976
            ]
        }
        coordIndex [
            0,1,2,-1,3,4,5,-1,5,4,6,-1,7,8,9,-1,10,3,11,-1,11,3,5,-1,11,5,9,-1,9,5,0,-1,9,0,7,-1,7,0,2,-1,12,13,14,-1,15,16,17,-1,17,16,18,-1,19,20,21,-1,22,15,23,-1,23,15,17,-1,23,17,21,-1,21,17,12,-1,21,12,19,-1,19,12,14,-1,24,25,26,-1,27,28,29,-1,29,28,30,-1,31,32,33,-1,34,27,35,-1,35,27,29,-1,35,29,33,-1,33,29,24,-1,33,24,31,-1,31,24,26,-1,36,37,38,-1,39,40,41,-1,41,40,42,-1,43,44,45,-1,46,39,47,-1,47,39,41,-1,47,41,45,-1,45,41,36,-1,45,36,43,-1,43,36,38,-1,48,49,50,-1,51,52,53,-1,53,52,54,-1,55,56,57,-1,58,51,59,-1,59,51,53,-1,59,53,57,-1,57,53,48,-1,57,48,55,-1,55,48,50,-1,60,61,62,-1,62,61,63,-1,64,60,65,-1,65,60,62,-1,65,62,66,-1,66,62,67,-1,68,69,70,-1,71,72,73,-1,74,75,76,-1,77,78,79,-1,70,74,68,-1,68,74,76,-1,68,76,79,-1,79,76,71,-1,79,71,77,-1,77,71,73,-1,80,81,82,-1,82,81,83,-1,84,80,85,-1,85,80,82,-1,85,82,67,-1,67,82,66,-1,86,87,88,-1,88,87,89,-1,90,86,91,-1,91,86,88,-1,91,88,92,-1,92,88,93,-1,
        ]
    }
}
Shape{
    appearance Appearance {
        material  Material 	{
            diffuseColor 0.6666666666666666 0.6980392156862745 0.7686274509803922
            specularColor 0.3333333333333333 0.34901960784313724 0.3843137254901961
            ambientIntensity 0.6967
            transparency 0.0
            shininess 0.5
        }
    }
    geometry IndexedFaceSet {
        ccw TRUE
        solid FALSE
        coord DEF co Coordinate {
            point [
                -6.4961 3.3465 1.1457, -6.4961 3.3465 0.3976, -6.5223 3.3435 0.3976, -6.5223 3.3435 1.1457, -6.5473 3.3348 0.3976, -6.5473 3.3348 1.1457, -6.5697 3.3207 0.3976, -6.5697 3.3207 1.1457, -6.5884 3.302 0.3976, -6.5884 3.302 1.1457, -6.6025 3.2796 0.3976, -6.6025 3.2796 1.1457, -6.6112 3.2546 0.3976, -6.6112 3.2546 1.1457, -6.6142 3.2283 0.3976, -6.6142 3.2283 1.1457, -6.6142 -3.2283 1.1457, -6.6142 -3.2283 0.3976, -6.6101 -3.2589 0.3976, -6.6101 -3.2589 1.1457, -6.5983 -3.2874 0.3976, -6.5983 -3.2874 1.1457, -6.5796 -3.3119 0.3976, -6.5796 -3.3119 1.1457, -6.5551 -3.3306 0.3976, -6.5551 -3.3306 1.1457, -6.5266 -3.3424 0.3976, -6.5266 -3.3424 1.1457, -6.4961 -3.3465 0.3976, -6.4961 -3.3465 1.1457, 2.1063 -3.3465 0.4016, 2.1063 -3.3465 0.3976, 3.1496 -3.3465 0.3976, -1.3976 -3.3465 0.4016, -1.3976 -3.3465 0.3976, -0.3543 -3.3465 0.3976, 3.1496 -3.3465 0.4016, 3.8583 -3.3465 0.4016, 6.4961 -3.3465 1.1457, -5.6102 -3.3465 0.3976, -5.6102 -3.3465 0.4016, -4.9016 -3.3465 0.4016, 0.3543 -3.3465 0.3976, 1.3976 -3.3465 0.3976, 0.3543 -3.3465 0.4016, 1.3976 -3.3465 0.4016, 5.6102 -3.3465 0.3976, 6.4961 -3.3465 0.3976, 5.6102 -3.3465 0.4016, 4.9016 -3.3465 0.4016, 4.9016 -3.3465 0.3976, 3.8583 -3.3465 0.3976, -4.9016 -3.3465 0.3976, -3.8583 -3.3465 0.3976, -3.8583 -3.3465 0.4016, -3.1496 -3.3465 0.4016, -0.3543 -3.3465 0.4016, -2.1063 -3.3465 0.4016, -2.1063 -3.3465 0.3976, -3.1496 -3.3465 0.3976, 6.5223 -3.3435 0.3976, 6.5223 -3.3435 1.1457, 6.5473 -3.3348 0.3976, 6.5473 -3.3348 1.1457, 6.5697 -3.3207 0.3976, 6.5697 -3.3207 1.1457, 6.5884 -3.302 0.3976, 6.5884 -3.302 1.1457, 6.6025 -3.2796 0.3976, 6.6025 -3.2796 1.1457, 6.6112 -3.2546 0.3976, 6.6112 -3.2546 1.1457, 6.6142 -3.2283 0.3976, 6.6142 -3.2283 1.1457, 6.6142 -3.0472 0.3976, 6.6142 -3.0472 0.4016, 6.6142 -2.3386 0.4016, 6.6142 3.2283 1.1457, 6.6142 -0.5276 0.4016, 6.6142 -0.5276 0.3976, 6.6142 0.5748 0.3976, 6.6142 0.5748 0.4016, 6.6142 1.2835 0.4016, 6.6142 -1.2362 0.4016, 6.6142 -1.2362 0.3976, 6.6142 -2.3386 0.3976, 6.6142 3.0945 0.3976, 6.6142 3.2283 0.3976, 6.6142 3.0945 0.4016, 6.6142 2.3858 0.4016, 6.6142 2.3858 0.3976, 6.6142 1.2835 0.3976, 6.6112 3.2546 0.3976, 6.6112 3.2546 1.1457, 6.6025 3.2796 0.3976, 6.6025 3.2796 1.1457, 6.5884 3.302 0.3976, 6.5884 3.302 1.1457, 6.5697 3.3207 0.3976, 6.5697 3.3207 1.1457, 6.5473 3.3348 0.3976, 6.5473 3.3348 1.1457, 6.5223 3.3435 0.3976, 6.5223 3.3435 1.1457, 6.4961 3.3465 0.3976, 6.4961 3.3465 1.1457, -6.4961 -3.3424 1.1762, -6.5256 -3.3385 1.1762, -6.5256 -3.2795 1.248, -6.5113 -3.2548 1.2598, -6.5177 -3.25 1.2598, -6.4961 -3.2283 1.2638, -6.5266 -3.2283 1.2598, -6.5256 -3.2363 1.2598, -6.504 -3.2579 1.2598, -6.5113 -3.2854 1.248, -6.5177 -3.309 1.2292, -6.4961 -3.2589 1.2598, -6.5378 -3.2701 1.248, -6.5225 -3.2436 1.2598, -6.5472 -3.2579 1.248, -6.5531 -3.2436 1.248, -6.5551 -3.2283 1.248, -6.4961 -3.2874 1.248, -6.4961 -3.3119 1.2292, -6.4961 -3.3306 1.2047, -6.5378 -3.3007 1.2292, -6.5551 -3.2874 1.2292, -6.5684 -3.2701 1.2292, -6.5767 -3.25 1.2292, -6.5796 -3.2283 1.2292, -6.5225 -3.3271 1.2047, -6.5472 -3.3169 1.2047, -6.5684 -3.3007 1.2047, -6.5846 -3.2795 1.2047, -6.5949 -3.2548 1.2047, -6.5983 -3.2283 1.2047, -6.5531 -3.3271 1.1762, -6.5767 -3.309 1.1762, -6.5949 -3.2854 1.1762, -6.6063 -3.2579 1.1762, -6.6101 -3.2283 1.1762, 6.4961 -3.2283 1.2638, 6.4961 -3.2589 1.2598, 6.4961 -3.2874 1.248, 6.4961 -3.3119 1.2292, 6.4961 -3.3306 1.2047, 6.4961 -3.3424 1.1762, -6.4961 3.2283 1.2638, -6.5266 3.2283 1.2598, -6.5551 3.2283 1.248, -6.5796 3.2283 1.2292, -6.5983 3.2283 1.2047, -6.6101 3.2283 1.1762, 6.5422 -3.2652 1.248, 6.52 -3.2474 1.2598, 6.5151 -3.2522 1.2598, 6.5029 -3.2581 1.2598, 6.5093 -3.2559 1.2598, 6.5236 -3.2416 1.2598, 6.5493 -3.254 1.248, 6.5713 -3.2646 1.2292, 6.5259 -3.2351 1.2598, 6.5329 -3.2745 1.248, 6.5217 -3.2816 1.248, 6.5092 -3.2859 1.248, 6.5536 -3.2415 1.248, 6.5775 -3.2469 1.2292, 6.5958 -3.2511 1.2047, 6.5266 -3.2283 1.2598, 6.5614 -3.2804 1.2292, 6.5481 -3.2936 1.2292, 6.5323 -3.3036 1.2292, 6.5146 -3.3098 1.2292, 6.5551 -3.2283 1.248, 6.5796 -3.2283 1.2292, 6.5983 -3.2283 1.2047, 6.6101 -3.2283 1.1762, 6.5882 -3.2727 1.2047, 6.576 -3.2921 1.2047, 6.5598 -3.3083 1.2047, 6.5404 -3.3205 1.2047, 6.5188 -3.3281 1.2047, 6.6073 -3.2537 1.1762, 6.5989 -3.2778 1.1762, 6.5853 -3.2995 1.1762, 6.5672 -3.3175 1.1762, 6.5456 -3.3311 1.1762, 6.5214 -3.3396 1.1762, -6.5422 3.2652 1.248, -6.52 3.2474 1.2598, -6.5151 3.2522 1.2598, -6.5029 3.2581 1.2598, -6.5093 3.2559 1.2598, -6.4961 3.2589 1.2598, -6.5236 3.2416 1.2598, -6.5493 3.254 1.248, -6.5713 3.2646 1.2292, -6.5259 3.2351 1.2598, -6.5329 3.2745 1.248, -6.5217 3.2816 1.248, -6.5092 3.2859 1.248, -6.4961 3.2874 1.248, -6.5536 3.2415 1.248, -6.5775 3.2469 1.2292, -6.5958 3.2511 1.2047, -6.5614 3.2804 1.2292, -6.5481 3.2936 1.2292, -6.5323 3.3036 1.2292, -6.5146 3.3098 1.2292, -6.4961 3.3119 1.2292, -6.5882 3.2727 1.2047, -6.576 3.2921 1.2047, -6.5598 3.3083 1.2047, -6.5404 3.3205 1.2047, -6.5188 3.3281 1.2047, -6.4961 3.3306 1.2047, -6.6073 3.2537 1.1762, -6.5989 3.2778 1.1762, -6.5853 3.2995 1.1762, -6.5672 3.3175 1.1762, -6.5456 3.3311 1.1762, -6.5214 3.3396 1.1762, -6.4961 3.3424 1.1762, 6.4961 3.2283 1.2638, 6.5266 3.2283 1.2598, 6.5551 3.2283 1.248, 6.5796 3.2283 1.2292, 6.5983 3.2283 1.2047, 6.6101 3.2283 1.1762, 6.4961 3.2589 1.2598, 6.4961 3.2874 1.248, 6.4961 3.3119 1.2292, 6.4961 3.3306 1.2047, 6.4961 3.3424 1.1762, 6.5329 3.2745 1.248, 6.5151 3.2522 1.2598, 6.52 3.2474 1.2598, 6.5259 3.2351 1.2598, 6.5236 3.2416 1.2598, 6.5093 3.2559 1.2598, 6.5217 3.2816 1.248, 6.5323 3.3036 1.2292, 6.5029 3.2581 1.2598, 6.5422 3.2652 1.248, 6.5493 3.254 1.248, 6.5536 3.2415 1.248, 6.5092 3.2859 1.248, 6.5146 3.3098 1.2292, 6.5188 3.3281 1.2047, 6.5481 3.2936 1.2292, 6.5614 3.2804 1.2292, 6.5713 3.2646 1.2292, 6.5775 3.2469 1.2292, 6.5404 3.3205 1.2047, 6.5598 3.3083 1.2047, 6.576 3.2921 1.2047, 6.5882 3.2727 1.2047, 6.5958 3.2511 1.2047, 6.5214 3.3396 1.1762, 6.5456 3.3311 1.1762, 6.5672 3.3175 1.1762, 6.5853 3.2995 1.1762, 6.5989 3.2778 1.1762, 6.6073 3.2537 1.1762
            ]
        }
        coordIndex [
            0,1,2,-1,0,2,3,-1,3,2,4,-1,3,4,5,-1,5,4,6,-1,5,6,7,-1,7,6,8,-1,7,8,9,-1,9,8,10,-1,9,10,11,-1,11,10,12,-1,11,12,13,-1,13,12,14,-1,13,14,15,-1,16,17,18,-1,16,18,19,-1,19,18,20,-1,19,20,21,-1,21,20,22,-1,21,22,23,-1,23,22,24,-1,23,24,25,-1,25,24,26,-1,25,26,27,-1,27,26,28,-1,27,28,29,-1,30,31,32,-1,33,34,35,-1,36,37,38,-1,28,39,29,-1,29,39,40,-1,29,40,41,-1,42,43,44,-1,44,43,45,-1,46,47,48,-1,48,47,38,-1,48,38,49,-1,49,38,37,-1,49,37,50,-1,50,37,51,-1,52,53,41,-1,41,53,54,-1,41,54,29,-1,29,54,55,-1,35,56,33,-1,33,56,29,-1,33,29,57,-1,57,29,55,-1,57,55,58,-1,58,55,59,-1,32,36,30,-1,30,36,38,-1,30,38,45,-1,45,38,29,-1,45,29,44,-1,44,29,56,-1,38,47,60,-1,38,60,61,-1,61,60,62,-1,61,62,63,-1,63,62,64,-1,63,64,65,-1,65,64,66,-1,65,66,67,-1,67,66,68,-1,67,68,69,-1,69,68,70,-1,69,70,71,-1,71,70,72,-1,71,72,73,-1,72,74,75,-1,72,75,73,-1,73,75,76,-1,73,76,77,-1,78,79,80,-1,81,82,77,-1,80,81,78,-1,78,81,77,-1,78,77,83,-1,83,77,76,-1,83,76,84,-1,84,76,85,-1,86,87,88,-1,88,87,77,-1,88,77,89,-1,89,77,82,-1,89,82,90,-1,90,82,91,-1,77,87,92,-1,77,92,93,-1,93,92,94,-1,93,94,95,-1,95,94,96,-1,95,96,97,-1,97,96,98,-1,97,98,99,-1,99,98,100,-1,99,100,101,-1,101,100,102,-1,101,102,103,-1,103,102,104,-1,103,104,105,-1,29,106,107,-1,108,109,110,-1,111,112,113,-1,110,109,111,-1,114,111,109,-1,114,109,115,-1,115,109,108,-1,115,108,116,-1,117,111,114,-1,118,119,120,-1,120,119,113,-1,120,113,121,-1,121,113,112,-1,121,112,122,-1,117,114,123,-1,123,114,115,-1,123,115,124,-1,124,115,116,-1,124,116,125,-1,126,118,127,-1,127,118,120,-1,127,120,128,-1,128,120,121,-1,128,121,129,-1,129,121,122,-1,129,122,130,-1,131,126,132,-1,132,126,127,-1,132,127,133,-1,133,127,128,-1,133,128,134,-1,134,128,129,-1,134,129,135,-1,135,129,130,-1,135,130,136,-1,106,131,107,-1,107,131,132,-1,107,132,137,-1,137,132,133,-1,137,133,138,-1,138,133,134,-1,138,134,139,-1,139,134,135,-1,139,135,140,-1,140,135,136,-1,140,136,141,-1,29,107,27,-1,27,107,137,-1,27,137,25,-1,25,137,138,-1,25,138,23,-1,23,138,139,-1,23,139,21,-1,21,139,140,-1,21,140,19,-1,19,140,141,-1,19,141,16,-1,119,111,113,-1,106,125,131,-1,131,125,116,-1,131,116,126,-1,126,116,108,-1,126,108,118,-1,118,108,110,-1,118,110,119,-1,119,110,111,-1,142,111,117,-1,142,117,143,-1,143,117,123,-1,143,123,144,-1,144,123,124,-1,144,124,145,-1,145,124,125,-1,145,125,146,-1,146,125,106,-1,146,106,147,-1,147,106,29,-1,147,29,38,-1,111,148,149,-1,111,149,112,-1,112,149,150,-1,112,150,122,-1,122,150,151,-1,122,151,130,-1,130,151,152,-1,130,152,136,-1,136,152,153,-1,136,153,141,-1,141,153,15,-1,141,15,16,-1,154,155,156,-1,142,157,158,-1,143,157,142,-1,156,155,142,-1,159,142,155,-1,159,155,160,-1,160,155,154,-1,160,154,161,-1,162,142,159,-1,163,158,164,-1,164,158,157,-1,164,157,165,-1,165,157,143,-1,165,143,144,-1,162,159,166,-1,166,159,160,-1,166,160,167,-1,167,160,161,-1,167,161,168,-1,169,142,162,-1,170,163,171,-1,171,163,164,-1,171,164,172,-1,172,164,165,-1,172,165,173,-1,173,165,144,-1,173,144,145,-1,169,162,174,-1,174,162,166,-1,174,166,175,-1,175,166,167,-1,175,167,176,-1,176,167,168,-1,176,168,177,-1,178,170,179,-1,179,170,171,-1,179,171,180,-1,180,171,172,-1,180,172,181,-1,181,172,173,-1,181,173,182,-1,182,173,145,-1,182,145,146,-1,183,178,184,-1,184,178,179,-1,184,179,185,-1,185,179,180,-1,185,180,186,-1,186,180,181,-1,186,181,187,-1,187,181,182,-1,187,182,188,-1,188,182,146,-1,188,146,147,-1,73,183,71,-1,71,183,184,-1,71,184,69,-1,69,184,185,-1,69,185,67,-1,67,185,186,-1,67,186,65,-1,65,186,187,-1,65,187,63,-1,63,187,188,-1,63,188,61,-1,61,188,147,-1,61,147,38,-1,73,177,183,-1,183,177,168,-1,183,168,178,-1,178,168,161,-1,178,161,170,-1,170,161,154,-1,170,154,163,-1,163,154,156,-1,163,156,158,-1,158,156,142,-1,189,190,191,-1,148,192,193,-1,194,192,148,-1,191,190,148,-1,195,148,190,-1,195,190,196,-1,196,190,189,-1,196,189,197,-1,198,148,195,-1,199,193,200,-1,200,193,192,-1,200,192,201,-1,201,192,194,-1,201,194,202,-1,198,195,203,-1,203,195,196,-1,203,196,204,-1,204,196,197,-1,204,197,205,-1,149,148,198,-1,206,199,207,-1,207,199,200,-1,207,200,208,-1,208,200,201,-1,208,201,209,-1,209,201,202,-1,209,202,210,-1,149,198,150,-1,150,198,203,-1,150,203,151,-1,151,203,204,-1,151,204,152,-1,152,204,205,-1,152,205,153,-1,211,206,212,-1,212,206,207,-1,212,207,213,-1,213,207,208,-1,213,208,214,-1,214,208,209,-1,214,209,215,-1,215,209,210,-1,215,210,216,-1,217,211,218,-1,218,211,212,-1,218,212,219,-1,219,212,213,-1,219,213,220,-1,220,213,214,-1,220,214,221,-1,221,214,215,-1,221,215,222,-1,222,215,216,-1,222,216,223,-1,15,217,13,-1,13,217,218,-1,13,218,11,-1,11,218,219,-1,11,219,9,-1,9,219,220,-1,9,220,7,-1,7,220,221,-1,7,221,5,-1,5,221,222,-1,5,222,3,-1,3,222,223,-1,3,223,0,-1,15,153,217,-1,217,153,205,-1,217,205,211,-1,211,205,197,-1,211,197,206,-1,206,197,189,-1,206,189,199,-1,199,189,191,-1,199,191,193,-1,193,191,148,-1,224,142,169,-1,224,169,225,-1,225,169,174,-1,225,174,226,-1,226,174,175,-1,226,175,227,-1,227,175,176,-1,227,176,228,-1,228,176,177,-1,228,177,229,-1,229,177,73,-1,229,73,77,-1,148,224,230,-1,148,230,194,-1,194,230,231,-1,194,231,202,-1,202,231,232,-1,202,232,210,-1,210,232,233,-1,210,233,216,-1,216,233,234,-1,216,234,223,-1,223,234,105,-1,223,105,0,-1,235,236,237,-1,224,238,239,-1,225,238,224,-1,237,236,224,-1,240,224,236,-1,240,236,241,-1,241,236,235,-1,241,235,242,-1,243,224,240,-1,244,239,245,-1,245,239,238,-1,245,238,246,-1,246,238,225,-1,246,225,226,-1,243,240,247,-1,247,240,241,-1,247,241,248,-1,248,241,242,-1,248,242,249,-1,230,224,243,-1,250,244,251,-1,251,244,245,-1,251,245,252,-1,252,245,246,-1,252,246,253,-1,253,246,226,-1,253,226,227,-1,230,243,231,-1,231,243,247,-1,231,247,232,-1,232,247,248,-1,232,248,233,-1,233,248,249,-1,233,249,234,-1,254,250,255,-1,255,250,251,-1,255,251,256,-1,256,251,252,-1,256,252,257,-1,257,252,253,-1,257,253,258,-1,258,253,227,-1,258,227,228,-1,259,254,260,-1,260,254,255,-1,260,255,261,-1,261,255,256,-1,261,256,262,-1,262,256,257,-1,262,257,263,-1,263,257,258,-1,263,258,264,-1,264,258,228,-1,264,228,229,-1,105,259,103,-1,103,259,260,-1,103,260,101,-1,101,260,261,-1,101,261,99,-1,99,261,262,-1,99,262,97,-1,97,262,263,-1,97,263,95,-1,95,263,264,-1,95,264,93,-1,93,264,229,-1,93,229,77,-1,105,234,259,-1,259,234,249,-1,259,249,254,-1,254,249,242,-1,254,242,250,-1,250,242,235,-1,250,235,244,-1,244,235,237,-1,244,237,239,-1,239,237,224,-1,
        ]
    }
}
Shape{
    appearance Appearance {
        material  Material 	{
            diffuseColor 0.9686274509803922 0.8784313725490196 0.6
            specularColor 0.6784313725490196 0.615686274509804 0.4196078431372549
            ambientIntensity 0.8737
            transparency 0.0
            shininess 0.5
        }
    }
    geometry IndexedFaceSet {
        ccw TRUE
        solid FALSE
        coord DEF co Coordinate {
            point [
                -5.0197 -3.7402 0.4016, -4.9016 -3.7402 0.4016, -5.0277 -3.679 0.4016, -4.9136 -3.6484 0.4016, -5.0513 -3.622 0.4016, -4.949 -3.563 0.4016, -5.0889 -3.5731 0.4016, -5.0054 -3.4896 0.4016, -5.1378 -3.5356 0.4016, -5.0787 -3.4333 0.4016, -5.1948 -3.512 0.4016, -5.1642 -3.3979 0.4016, -5.2559 -3.5039 0.4016, -5.2559 -3.3858 0.4016, -5.317 -3.512 0.4016, -5.3476 -3.3979 0.4016, -5.374 -3.5356 0.4016, -5.4331 -3.4333 0.4016, -5.4229 -3.5731 0.4016, -5.5065 -3.4896 0.4016, -5.4605 -3.622 0.4016, -5.5628 -3.563 0.4016, -5.4841 -3.679 0.4016, -5.5982 -3.6484 0.4016, -5.4921 -3.7402 0.4016, -5.6102 -3.7402 0.4016, -4.9016 -2.9921 0.0, -5.6102 -2.9921 0.0, -4.9016 -2.9921 0.0039, -5.6102 -2.9921 0.0039, -5.6102 -3.7402 0.0, -5.6102 -3.7402 0.0039, -4.9016 -3.7402 0.0, -4.9016 -3.7402 0.0039, -5.0197 -3.7402 0.0, -5.0277 -3.679 0.0, -5.0513 -3.622 0.0, -5.0889 -3.5731 0.0, -5.1378 -3.5356 0.0, -5.1948 -3.512 0.0, -5.2559 -3.5039 0.0, -5.317 -3.512 0.0, -5.374 -3.5356 0.0, -5.4229 -3.5731 0.0, -5.4605 -3.622 0.0, -5.4841 -3.679 0.0, -5.4921 -3.7402 0.0, -5.6102 -2.9921 0.4016, -5.6102 -3.3465 0.4016, -5.6102 -2.9921 0.3976, -5.6102 -3.3465 0.3976, -4.9016 -2.9921 0.3976, -4.9016 -3.3465 0.3976, -4.9016 -2.9921 0.4016, -4.9016 -3.3465 0.4016, -5.6102 -3.7402 0.3976, -5.5982 -3.6484 0.3976, -5.5628 -3.563 0.3976, -5.5065 -3.4896 0.3976, -5.4331 -3.4333 0.3976, -5.3476 -3.3979 0.3976, -5.2559 -3.3858 0.3976, -5.1642 -3.3979 0.3976, -5.0787 -3.4333 0.3976, -5.0054 -3.4896 0.3976, -4.949 -3.563 0.3976, -4.9136 -3.6484 0.3976, -4.9016 -3.7402 0.3976, -3.2677 -3.7402 0.4016, -3.1496 -3.7402 0.4016, -3.2758 -3.679 0.4016, -3.1617 -3.6484 0.4016, -3.2994 -3.622 0.4016, -3.1971 -3.563 0.4016, -3.3369 -3.5731 0.4016, -3.2534 -3.4896 0.4016, -3.3858 -3.5356 0.4016, -3.3268 -3.4333 0.4016, -3.4428 -3.512 0.4016, -3.4122 -3.3979 0.4016, -3.5039 -3.5039 0.4016, -3.5039 -3.3858 0.4016, -3.5651 -3.512 0.4016, -3.5956 -3.3979 0.4016, -3.622 -3.5356 0.4016, -3.6811 -3.4333 0.4016, -3.671 -3.5731 0.4016, -3.7545 -3.4896 0.4016, -3.7085 -3.622 0.4016, -3.8108 -3.563 0.4016, -3.7321 -3.679 0.4016, -3.8462 -3.6484 0.4016, -3.7402 -3.7402 0.4016, -3.8583 -3.7402 0.4016, -3.1496 -2.9921 0.0, -3.8583 -2.9921 0.0, -3.1496 -2.9921 0.0039, -3.8583 -2.9921 0.0039, -3.8583 -3.7402 0.0, -3.8583 -3.7402 0.0039, -3.1496 -3.7402 0.0, -3.1496 -3.7402 0.0039, -3.2994 -3.622 0.0, -3.3369 -3.5731 0.0, -3.2758 -3.679 0.0, -3.2677 -3.7402 0.0, -3.5651 -3.512 0.0, -3.622 -3.5356 0.0, -3.671 -3.5731 0.0, -3.7085 -3.622 0.0, -3.7321 -3.679 0.0, -3.7402 -3.7402 0.0, -3.3858 -3.5356 0.0, -3.4428 -3.512 0.0, -3.5039 -3.5039 0.0, -1.5157 -3.7402 0.4016, -1.3976 -3.7402 0.4016, -1.5238 -3.679 0.4016, -1.4097 -3.6484 0.4016, -1.5474 -3.622 0.4016, -1.4451 -3.563 0.4016, -1.5849 -3.5731 0.4016, -1.5014 -3.4896 0.4016, -1.6339 -3.5356 0.4016, -1.5748 -3.4333 0.4016, -1.6908 -3.512 0.4016, -1.6603 -3.3979 0.4016, -1.752 -3.5039 0.4016, -1.752 -3.3858 0.4016, -1.8131 -3.512 0.4016, -1.8437 -3.3979 0.4016, -1.8701 -3.5356 0.4016, -1.9291 -3.4333 0.4016, -1.919 -3.5731 0.4016, -2.0025 -3.4896 0.4016, -1.9565 -3.622 0.4016, -2.0588 -3.563 0.4016, -1.9801 -3.679 0.4016, -2.0942 -3.6484 0.4016, -1.9882 -3.7402 0.4016, -2.1063 -3.7402 0.4016, -1.3976 -2.9921 0.0, -2.1063 -2.9921 0.0, -1.3976 -2.9921 0.0039, -2.1063 -2.9921 0.0039, -2.1063 -3.7402 0.0, -2.1063 -3.7402 0.0039, -1.3976 -3.7402 0.0, -1.3976 -3.7402 0.0039, -1.5474 -3.622 0.0, -1.5849 -3.5731 0.0, -1.8131 -3.512 0.0, -1.8701 -3.5356 0.0, -1.919 -3.5731 0.0, -1.9565 -3.622 0.0, -1.9801 -3.679 0.0, -1.9882 -3.7402 0.0, -1.5238 -3.679 0.0, -1.5157 -3.7402 0.0, -1.6339 -3.5356 0.0, -1.6908 -3.512 0.0, -1.752 -3.5039 0.0, 0.2362 -3.7402 0.4016, 0.3543 -3.7402 0.4016, 0.2282 -3.679 0.4016, 0.3423 -3.6484 0.4016, 0.2046 -3.622 0.4016, 0.3069 -3.563 0.4016, 0.167 -3.5731 0.4016, 0.2505 -3.4896 0.4016, 0.1181 -3.5356 0.4016, 0.1772 -3.4333 0.4016, 0.0611 -3.512 0.4016, 0.0917 -3.3979 0.4016, 0.0 -3.5039 0.4016, 0.0 -3.3858 0.4016, -0.0611 -3.512 0.4016, -0.0917 -3.3979 0.4016, -0.1181 -3.5356 0.4016, -0.1772 -3.4333 0.4016, -0.167 -3.5731 0.4016, -0.2505 -3.4896 0.4016, -0.2046 -3.622 0.4016, -0.3069 -3.563 0.4016, -0.2282 -3.679 0.4016, -0.3423 -3.6484 0.4016, -0.2362 -3.7402 0.4016, -0.3543 -3.7402 0.4016, 0.3543 -2.9921 0.0, -0.3543 -2.9921 0.0, 0.3543 -2.9921 0.0039, -0.3543 -2.9921 0.0039, -0.3543 -3.7402 0.0, -0.3543 -3.7402 0.0039, 0.3543 -3.7402 0.0, 0.3543 -3.7402 0.0039, 0.2362 -3.7402 0.0, 0.2282 -3.679 0.0, -0.0611 -3.512 0.0, -0.1181 -3.5356 0.0, 0.2046 -3.622 0.0, 0.167 -3.5731 0.0, 0.1181 -3.5356 0.0, 0.0611 -3.512 0.0, 0.0 -3.5039 0.0, -0.167 -3.5731 0.0, -0.2046 -3.622 0.0, -0.2282 -3.679 0.0, -0.2362 -3.7402 0.0, 1.9882 -3.7402 0.4016, 2.1063 -3.7402 0.4016, 1.9801 -3.679 0.4016, 2.0942 -3.6484 0.4016, 1.9565 -3.622 0.4016, 2.0588 -3.563 0.4016, 1.919 -3.5731 0.4016, 2.0025 -3.4896 0.4016, 1.8701 -3.5356 0.4016, 1.9291 -3.4333 0.4016, 1.8131 -3.512 0.4016, 1.8437 -3.3979 0.4016, 1.752 -3.5039 0.4016, 1.752 -3.3858 0.4016, 1.6908 -3.512 0.4016, 1.6603 -3.3979 0.4016, 1.6339 -3.5356 0.4016, 1.5748 -3.4333 0.4016, 1.5849 -3.5731 0.4016, 1.5014 -3.4896 0.4016, 1.5474 -3.622 0.4016, 1.4451 -3.563 0.4016, 1.5238 -3.679 0.4016, 1.4097 -3.6484 0.4016, 1.5157 -3.7402 0.4016, 1.3976 -3.7402 0.4016, 2.1063 -2.9921 0.0, 1.3976 -2.9921 0.0, 2.1063 -2.9921 0.0039, 1.3976 -2.9921 0.0039, 1.3976 -3.7402 0.0, 1.3976 -3.7402 0.0039, 2.1063 -3.7402 0.0, 2.1063 -3.7402 0.0039, 1.9565 -3.622 0.0, 1.919 -3.5731 0.0, 1.6908 -3.512 0.0, 1.6339 -3.5356 0.0, 1.5849 -3.5731 0.0, 1.5474 -3.622 0.0, 1.5238 -3.679 0.0, 1.5157 -3.7402 0.0, 1.9801 -3.679 0.0, 1.9882 -3.7402 0.0, 1.8701 -3.5356 0.0, 1.8131 -3.512 0.0, 1.752 -3.5039 0.0, 3.7402 -3.7402 0.4016, 3.8583 -3.7402 0.4016, 3.7321 -3.679 0.4016, 3.8462 -3.6484 0.4016, 3.7085 -3.622 0.4016, 3.8108 -3.563 0.4016, 3.671 -3.5731 0.4016, 3.7545 -3.4896 0.4016, 3.622 -3.5356 0.4016, 3.6811 -3.4333 0.4016, 3.5651 -3.512 0.4016, 3.5956 -3.3979 0.4016, 3.5039 -3.5039 0.4016, 3.5039 -3.3858 0.4016, 3.4428 -3.512 0.4016, 3.4122 -3.3979 0.4016, 3.3858 -3.5356 0.4016, 3.3268 -3.4333 0.4016, 3.3369 -3.5731 0.4016, 3.2534 -3.4896 0.4016, 3.2994 -3.622 0.4016, 3.1971 -3.563 0.4016, 3.2758 -3.679 0.4016, 3.1617 -3.6484 0.4016, 3.2677 -3.7402 0.4016, 3.1496 -3.7402 0.4016, 3.8583 -2.9921 0.0, 3.1496 -2.9921 0.0, 3.8583 -2.9921 0.0039, 3.1496 -2.9921 0.0039, 3.1496 -3.7402 0.0, 3.1496 -3.7402 0.0039, 3.8583 -3.7402 0.0, 3.8583 -3.7402 0.0039, 3.7402 -3.7402 0.0, 3.7321 -3.679 0.0, 3.7085 -3.622 0.0, 3.671 -3.5731 0.0, 3.622 -3.5356 0.0, 3.5651 -3.512 0.0, 3.5039 -3.5039 0.0, 3.4428 -3.512 0.0, 3.3858 -3.5356 0.0, 3.3369 -3.5731 0.0, 3.2994 -3.622 0.0, 3.2758 -3.679 0.0, 3.2677 -3.7402 0.0, 5.4921 -3.7402 0.4016, 5.6102 -3.7402 0.4016, 5.4841 -3.679 0.4016, 5.5982 -3.6484 0.4016, 5.4605 -3.622 0.4016, 5.5628 -3.563 0.4016, 5.4229 -3.5731 0.4016, 5.5065 -3.4896 0.4016, 5.374 -3.5356 0.4016, 5.4331 -3.4333 0.4016, 5.317 -3.512 0.4016, 5.3476 -3.3979 0.4016, 5.2559 -3.5039 0.4016, 5.2559 -3.3858 0.4016, 5.1948 -3.512 0.4016, 5.1642 -3.3979 0.4016, 5.1378 -3.5356 0.4016, 5.0787 -3.4333 0.4016, 5.0889 -3.5731 0.4016, 5.0054 -3.4896 0.4016, 5.0513 -3.622 0.4016, 4.949 -3.563 0.4016, 5.0277 -3.679 0.4016, 4.9136 -3.6484 0.4016, 5.0197 -3.7402 0.4016, 4.9016 -3.7402 0.4016, 5.6102 -2.9921 0.0, 4.9016 -2.9921 0.0, 5.6102 -2.9921 0.0039, 4.9016 -2.9921 0.0039, 4.9016 -3.7402 0.0, 4.9016 -3.7402 0.0039, 5.6102 -3.7402 0.0, 5.6102 -3.7402 0.0039, 5.4921 -3.7402 0.0, 5.4841 -3.679 0.0, 5.4605 -3.622 0.0, 5.4229 -3.5731 0.0, 5.374 -3.5356 0.0, 5.317 -3.512 0.0, 5.2559 -3.5039 0.0, 5.1948 -3.512 0.0, 5.1378 -3.5356 0.0, 5.0889 -3.5731 0.0, 5.0513 -3.622 0.0, 5.0277 -3.679 0.0, 5.0197 -3.7402 0.0, 4.9016 -2.9921 0.4016, 4.9016 -3.3465 0.4016, 4.9016 -2.9921 0.3976, 4.9016 -3.3465 0.3976, 5.6102 -2.9921 0.3976, 5.6102 -3.3465 0.3976, 5.6102 -2.9921 0.4016, 5.6102 -3.3465 0.4016, 4.9016 -3.7402 0.3976, 4.9136 -3.6484 0.3976, 4.949 -3.563 0.3976, 5.0054 -3.4896 0.3976, 5.0787 -3.4333 0.3976, 5.1642 -3.3979 0.3976, 5.2559 -3.3858 0.3976, 5.3476 -3.3979 0.3976, 5.4331 -3.4333 0.3976, 5.5065 -3.4896 0.3976, 5.5628 -3.563 0.3976, 5.5982 -3.6484 0.3976, 5.6102 -3.7402 0.3976, 3.1496 -2.9921 0.4016, 3.1496 -3.3465 0.4016, 3.1496 -2.9921 0.3976, 3.1496 -3.3465 0.3976, 3.8583 -2.9921 0.3976, 3.8583 -3.3465 0.3976, 3.8583 -2.9921 0.4016, 3.8583 -3.3465 0.4016, 3.1496 -3.7402 0.3976, 3.1617 -3.6484 0.3976, 3.1971 -3.563 0.3976, 3.2534 -3.4896 0.3976, 3.3268 -3.4333 0.3976, 3.4122 -3.3979 0.3976, 3.5039 -3.3858 0.3976, 3.5956 -3.3979 0.3976, 3.6811 -3.4333 0.3976, 3.7545 -3.4896 0.3976, 3.8108 -3.563 0.3976, 3.8462 -3.6484 0.3976, 3.8583 -3.7402 0.3976, 1.3976 -2.9921 0.4016, 1.3976 -3.3465 0.4016, 1.3976 -2.9921 0.3976, 1.3976 -3.3465 0.3976, 2.1063 -2.9921 0.3976, 2.1063 -3.3465 0.3976, 2.1063 -2.9921 0.4016, 2.1063 -3.3465 0.4016, 1.3976 -3.7402 0.3976, 1.4097 -3.6484 0.3976, 1.4451 -3.563 0.3976, 1.5014 -3.4896 0.3976, 1.5748 -3.4333 0.3976, 1.6603 -3.3979 0.3976, 1.752 -3.3858 0.3976, 1.8437 -3.3979 0.3976, 1.9291 -3.4333 0.3976, 2.0025 -3.4896 0.3976, 2.0588 -3.563 0.3976, 2.0942 -3.6484 0.3976, 2.1063 -3.7402 0.3976, -0.3543 -2.9921 0.4016, -0.3543 -3.3465 0.4016, -0.3543 -2.9921 0.3976, -0.3543 -3.3465 0.3976, 0.3543 -2.9921 0.3976, 0.3543 -3.3465 0.3976, 0.3543 -2.9921 0.4016, 0.3543 -3.3465 0.4016, -0.3543 -3.7402 0.3976, -0.3423 -3.6484 0.3976, -0.3069 -3.563 0.3976, -0.2505 -3.4896 0.3976, -0.1772 -3.4333 0.3976, -0.0917 -3.3979 0.3976, 0.0 -3.3858 0.3976, 0.0917 -3.3979 0.3976, 0.1772 -3.4333 0.3976, 0.2505 -3.4896 0.3976, 0.3069 -3.563 0.3976, 0.3423 -3.6484 0.3976, 0.3543 -3.7402 0.3976, -2.1063 -2.9921 0.4016, -2.1063 -3.3465 0.4016, -2.1063 -2.9921 0.3976, -2.1063 -3.3465 0.3976, -1.3976 -2.9921 0.3976, -1.3976 -3.3465 0.3976, -1.3976 -2.9921 0.4016, -1.3976 -3.3465 0.4016, -2.1063 -3.7402 0.3976, -2.0942 -3.6484 0.3976, -2.0588 -3.563 0.3976, -2.0025 -3.4896 0.3976, -1.9291 -3.4333 0.3976, -1.8437 -3.3979 0.3976, -1.752 -3.3858 0.3976, -1.6603 -3.3979 0.3976, -1.5748 -3.4333 0.3976, -1.5014 -3.4896 0.3976, -1.4451 -3.563 0.3976, -1.4097 -3.6484 0.3976, -1.3976 -3.7402 0.3976, -3.8583 -2.9921 0.4016, -3.8583 -3.3465 0.4016, -3.8583 -2.9921 0.3976, -3.8583 -3.3465 0.3976, -3.1496 -2.9921 0.3976, -3.1496 -3.3465 0.3976, -3.1496 -2.9921 0.4016, -3.1496 -3.3465 0.4016, -3.8583 -3.7402 0.3976, -3.8462 -3.6484 0.3976, -3.8108 -3.563 0.3976, -3.7545 -3.4896 0.3976, -3.6811 -3.4333 0.3976, -3.5956 -3.3979 0.3976, -3.5039 -3.3858 0.3976, -3.4122 -3.3979 0.3976, -3.3268 -3.4333 0.3976, -3.2534 -3.4896 0.3976, -3.1971 -3.563 0.3976, -3.1617 -3.6484 0.3976, -3.1496 -3.7402 0.3976, -5.6102 2.9921 0.0039, -5.6102 2.9921 0.0, -4.9016 2.9921 0.0039, -4.9016 2.9921 0.0, -5.6102 3.7402 0.0039, -5.6102 3.7402 0.0, -4.9016 3.7402 0.0039, -4.9016 3.7402 0.0, -5.4327 3.5835 0.0, -5.3901 3.5458 0.0, -5.4651 3.6304 0.0, -5.1721 3.5193 0.0, -5.1217 3.5458 0.0, -5.4853 3.6836 0.0, -5.4921 3.7402 0.0, -5.3397 3.5193 0.0, -5.2844 3.5057 0.0, -5.2274 3.5057 0.0, -5.0791 3.5835 0.0, -5.0467 3.6304 0.0, -5.0265 3.6836 0.0, -5.0197 3.7402 0.0, -3.8583 2.9921 0.0039, -3.8583 2.9921 0.0, -3.1496 2.9921 0.0039, -3.1496 2.9921 0.0, -3.8583 3.7402 0.0039, -3.8583 3.7402 0.0, -3.1496 3.7402 0.0039, -3.1496 3.7402 0.0, -3.7402 3.7402 0.0, -3.7333 3.6836 0.0, -3.6808 3.5835 0.0, -3.6381 3.5458 0.0, -3.4202 3.5193 0.0, -3.3697 3.5458 0.0, -3.3271 3.5835 0.0, -3.2948 3.6304 0.0, -3.2746 3.6836 0.0, -3.2677 3.7402 0.0, -3.7131 3.6304 0.0, -3.5877 3.5193 0.0, -3.5324 3.5057 0.0, -3.4755 3.5057 0.0, -2.1063 2.9921 0.0039, -2.1063 2.9921 0.0, -1.3976 2.9921 0.0039, -1.3976 2.9921 0.0, -2.1063 3.7402 0.0039, -2.1063 3.7402 0.0, -1.3976 3.7402 0.0039, -1.3976 3.7402 0.0, -1.6682 3.5193 0.0, -1.6178 3.5458 0.0, -1.9882 3.7402 0.0, -1.9813 3.6836 0.0, -1.9288 3.5835 0.0, -1.8862 3.5458 0.0, -1.9611 3.6304 0.0, -1.5752 3.5835 0.0, -1.5428 3.6304 0.0, -1.5226 3.6836 0.0, -1.5157 3.7402 0.0, -1.8357 3.5193 0.0, -1.7804 3.5057 0.0, -1.7235 3.5057 0.0, -0.3543 2.9921 0.0039, -0.3543 2.9921 0.0, 0.3543 2.9921 0.0039, 0.3543 2.9921 0.0, -0.3543 3.7402 0.0039, -0.3543 3.7402 0.0, 0.3543 3.7402 0.0039, 0.3543 3.7402 0.0, -0.1768 3.5835 0.0, -0.1342 3.5458 0.0, -0.2092 3.6304 0.0, 0.0838 3.5193 0.0, 0.1342 3.5458 0.0, -0.2294 3.6836 0.0, -0.2362 3.7402 0.0, -0.0838 3.5193 0.0, -0.0285 3.5057 0.0, 0.0285 3.5057 0.0, 0.1768 3.5835 0.0, 0.2092 3.6304 0.0, 0.2294 3.6836 0.0, 0.2362 3.7402 0.0, 1.3976 2.9921 0.0039, 1.3976 2.9921 0.0, 2.1063 2.9921 0.0039, 2.1063 2.9921 0.0, 1.3976 3.7402 0.0039, 1.3976 3.7402 0.0, 2.1063 3.7402 0.0039, 2.1063 3.7402 0.0, 1.8357 3.5193 0.0, 1.8862 3.5458 0.0, 1.5157 3.7402 0.0, 1.5226 3.6836 0.0, 1.5752 3.5835 0.0, 1.6178 3.5458 0.0, 1.5428 3.6304 0.0, 1.9288 3.5835 0.0, 1.9611 3.6304 0.0, 1.9813 3.6836 0.0, 1.9882 3.7402 0.0, 1.6682 3.5193 0.0, 1.7235 3.5057 0.0, 1.7804 3.5057 0.0, 3.1496 2.9921 0.0039, 3.1496 2.9921 0.0, 3.8583 2.9921 0.0039, 3.8583 2.9921 0.0, 3.1496 3.7402 0.0039, 3.1496 3.7402 0.0, 3.8583 3.7402 0.0039, 3.8583 3.7402 0.0, 3.3271 3.5835 0.0, 3.3697 3.5458 0.0, 3.2948 3.6304 0.0, 3.5877 3.5193 0.0, 3.6381 3.5458 0.0, 3.2746 3.6836 0.0, 3.2677 3.7402 0.0, 3.4202 3.5193 0.0, 3.4755 3.5057 0.0, 3.5324 3.5057 0.0, 3.6808 3.5835 0.0, 3.7131 3.6304 0.0, 3.7333 3.6836 0.0, 3.7402 3.7402 0.0, 4.9016 2.9921 0.0039, 4.9016 2.9921 0.0, 5.6102 2.9921 0.0039, 5.6102 2.9921 0.0, 4.9016 3.7402 0.0039, 4.9016 3.7402 0.0, 5.6102 3.7402 0.0039, 5.6102 3.7402 0.0, 5.0791 3.5835 0.0, 5.1217 3.5458 0.0, 5.0467 3.6304 0.0, 5.3397 3.5193 0.0, 5.3901 3.5458 0.0, 5.0265 3.6836 0.0, 5.0197 3.7402 0.0, 5.1721 3.5193 0.0, 5.2274 3.5057 0.0, 5.2844 3.5057 0.0, 5.4327 3.5835 0.0, 5.4651 3.6304 0.0, 5.4853 3.6836 0.0, 5.4921 3.7402 0.0, 5.4921 3.7402 0.4016, 5.4853 3.6836 0.4016, 5.4651 3.6304 0.4016, 5.4327 3.5835 0.4016, 5.3901 3.5458 0.4016, 5.3397 3.5193 0.4016, 5.2844 3.5057 0.4016, 5.2274 3.5057 0.4016, 5.1721 3.5193 0.4016, 5.1217 3.5458 0.4016, 5.0791 3.5835 0.4016, 5.0467 3.6304 0.4016, 5.0265 3.6836 0.4016, 5.0197 3.7402 0.4016, 3.7402 3.7402 0.4016, 3.7333 3.6836 0.4016, 3.7131 3.6304 0.4016, 3.6808 3.5835 0.4016, 3.6381 3.5458 0.4016, 3.5877 3.5193 0.4016, 3.5324 3.5057 0.4016, 3.4755 3.5057 0.4016, 3.4202 3.5193 0.4016, 3.3697 3.5458 0.4016, 3.3271 3.5835 0.4016, 3.2948 3.6304 0.4016, 3.2746 3.6836 0.4016, 3.2677 3.7402 0.4016, 1.9882 3.7402 0.4016, 1.9813 3.6836 0.4016, 1.9611 3.6304 0.4016, 1.9288 3.5835 0.4016, 1.8862 3.5458 0.4016, 1.8357 3.5193 0.4016, 1.7804 3.5057 0.4016, 1.7235 3.5057 0.4016, 1.6682 3.5193 0.4016, 1.6178 3.5458 0.4016, 1.5752 3.5835 0.4016, 1.5428 3.6304 0.4016, 1.5226 3.6836 0.4016, 1.5157 3.7402 0.4016, 0.2362 3.7402 0.4016, 0.2294 3.6836 0.4016, 0.2092 3.6304 0.4016, 0.1768 3.5835 0.4016, 0.1342 3.5458 0.4016, 0.0838 3.5193 0.4016, 0.0285 3.5057 0.4016, -0.0285 3.5057 0.4016, -0.0838 3.5193 0.4016, -0.1342 3.5458 0.4016, -0.1768 3.5835 0.4016, -0.2092 3.6304 0.4016, -0.2294 3.6836 0.4016, -0.2362 3.7402 0.4016, -1.5157 3.7402 0.4016, -1.5226 3.6836 0.4016, -1.5428 3.6304 0.4016, -1.5752 3.5835 0.4016, -1.6178 3.5458 0.4016, -1.6682 3.5193 0.4016, -1.7235 3.5057 0.4016, -1.7804 3.5057 0.4016, -1.8357 3.5193 0.4016, -1.8862 3.5458 0.4016, -1.9288 3.5835 0.4016, -1.9611 3.6304 0.4016, -1.9813 3.6836 0.4016, -1.9882 3.7402 0.4016, -3.2677 3.7402 0.4016, -3.2746 3.6836 0.4016, -3.2948 3.6304 0.4016, -3.3271 3.5835 0.4016, -3.3697 3.5458 0.4016, -3.4202 3.5193 0.4016, -3.4755 3.5057 0.4016, -3.5324 3.5057 0.4016, -3.5877 3.5193 0.4016, -3.6381 3.5458 0.4016, -3.6808 3.5835 0.4016, -3.7131 3.6304 0.4016, -3.7333 3.6836 0.4016, -3.7402 3.7402 0.4016, -5.0197 3.7402 0.4016, -5.0265 3.6836 0.4016, -5.0467 3.6304 0.4016, -5.0791 3.5835 0.4016, -5.1217 3.5458 0.4016, -5.1721 3.5193 0.4016, -5.2274 3.5057 0.4016, -5.2844 3.5057 0.4016, -5.3397 3.5193 0.4016, -5.3901 3.5458 0.4016, -5.4327 3.5835 0.4016, -5.4651 3.6304 0.4016, -5.4853 3.6836 0.4016, -5.4921 3.7402 0.4016, 5.6102 2.9921 0.3976, 5.6102 2.9921 0.4016, 5.6102 3.3465 0.3976, 5.6102 3.3465 0.4016, 4.9016 2.9921 0.4016, 4.9016 2.9921 0.3976, 4.9016 3.3465 0.4016, 4.9016 3.3465 0.3976, 5.6102 3.7402 0.3976, 5.6102 3.7402 0.4016, 5.5982 3.6484 0.4016, 5.5982 3.6484 0.3976, 5.5628 3.563 0.4016, 5.5628 3.563 0.3976, 5.5065 3.4896 0.4016, 5.5065 3.4896 0.3976, 5.4331 3.4333 0.4016, 5.4331 3.4333 0.3976, 5.3476 3.3979 0.4016, 5.3476 3.3979 0.3976, 5.2559 3.3858 0.4016, 5.2559 3.3858 0.3976, 5.1642 3.3979 0.4016, 5.1642 3.3979 0.3976, 5.0787 3.4333 0.4016, 5.0787 3.4333 0.3976, 5.0054 3.4896 0.4016, 5.0054 3.4896 0.3976, 4.949 3.563 0.4016, 4.949 3.563 0.3976, 4.9136 3.6484 0.4016, 4.9136 3.6484 0.3976, 4.9016 3.7402 0.4016, 4.9016 3.7402 0.3976, 3.8583 2.9921 0.3976, 3.8583 2.9921 0.4016, 3.8583 3.3465 0.3976, 3.8583 3.3465 0.4016, 3.1496 2.9921 0.4016, 3.1496 2.9921 0.3976, 3.1496 3.3465 0.4016, 3.1496 3.3465 0.3976, 3.8583 3.7402 0.3976, 3.8583 3.7402 0.4016, 3.8462 3.6484 0.4016, 3.8462 3.6484 0.3976, 3.8108 3.563 0.4016, 3.8108 3.563 0.3976, 3.7545 3.4896 0.4016, 3.7545 3.4896 0.3976, 3.6811 3.4333 0.4016, 3.6811 3.4333 0.3976, 3.5956 3.3979 0.4016, 3.5956 3.3979 0.3976, 3.5039 3.3858 0.4016, 3.5039 3.3858 0.3976, 3.4122 3.3979 0.4016, 3.4122 3.3979 0.3976, 3.3268 3.4333 0.4016, 3.3268 3.4333 0.3976, 3.2534 3.4896 0.4016, 3.2534 3.4896 0.3976, 3.1971 3.563 0.4016, 3.1971 3.563 0.3976, 3.1617 3.6484 0.4016, 3.1617 3.6484 0.3976, 3.1496 3.7402 0.4016, 3.1496 3.7402 0.3976, 2.1063 2.9921 0.3976, 2.1063 2.9921 0.4016, 2.1063 3.3465 0.3976, 2.1063 3.3465 0.4016, 1.3976 2.9921 0.4016, 1.3976 2.9921 0.3976, 1.3976 3.3465 0.4016, 1.3976 3.3465 0.3976, 2.1063 3.7402 0.3976, 2.1063 3.7402 0.4016, 2.0942 3.6484 0.4016, 2.0942 3.6484 0.3976, 2.0588 3.563 0.4016, 2.0588 3.563 0.3976, 2.0025 3.4896 0.4016, 2.0025 3.4896 0.3976, 1.9291 3.4333 0.4016, 1.9291 3.4333 0.3976, 1.8437 3.3979 0.4016, 1.8437 3.3979 0.3976, 1.752 3.3858 0.4016, 1.752 3.3858 0.3976, 1.6603 3.3979 0.4016, 1.6603 3.3979 0.3976, 1.5748 3.4333 0.4016, 1.5748 3.4333 0.3976, 1.5014 3.4896 0.4016, 1.5014 3.4896 0.3976, 1.4451 3.563 0.4016, 1.4451 3.563 0.3976, 1.4097 3.6484 0.4016, 1.4097 3.6484 0.3976, 1.3976 3.7402 0.4016, 1.3976 3.7402 0.3976, 0.3543 2.9921 0.3976, 0.3543 2.9921 0.4016, 0.3543 3.3465 0.3976, 0.3543 3.3465 0.4016, -0.3543 2.9921 0.4016, -0.3543 2.9921 0.3976, -0.3543 3.3465 0.4016, -0.3543 3.3465 0.3976, 0.3543 3.7402 0.3976, 0.3543 3.7402 0.4016, 0.3423 3.6484 0.4016, 0.3423 3.6484 0.3976, 0.3069 3.563 0.4016, 0.3069 3.563 0.3976, 0.2505 3.4896 0.4016, 0.2505 3.4896 0.3976, 0.1772 3.4333 0.4016, 0.1772 3.4333 0.3976, 0.0917 3.3979 0.4016, 0.0917 3.3979 0.3976, 0.0 3.3858 0.4016, 0.0 3.3858 0.3976, -0.0917 3.3979 0.4016, -0.0917 3.3979 0.3976, -0.1772 3.4333 0.4016, -0.1772 3.4333 0.3976, -0.2505 3.4896 0.4016, -0.2505 3.4896 0.3976, -0.3069 3.563 0.4016, -0.3069 3.563 0.3976, -0.3423 3.6484 0.4016, -0.3423 3.6484 0.3976, -0.3543 3.7402 0.4016, -0.3543 3.7402 0.3976, -1.3976 2.9921 0.3976, -1.3976 2.9921 0.4016, -1.3976 3.3465 0.3976, -1.3976 3.3465 0.4016, -2.1063 2.9921 0.4016, -2.1063 2.9921 0.3976, -2.1063 3.3465 0.4016, -2.1063 3.3465 0.3976, -1.3976 3.7402 0.3976, -1.3976 3.7402 0.4016, -1.4097 3.6484 0.4016, -1.4097 3.6484 0.3976, -1.4451 3.563 0.4016, -1.4451 3.563 0.3976, -1.5014 3.4896 0.4016, -1.5014 3.4896 0.3976, -1.5748 3.4333 0.4016, -1.5748 3.4333 0.3976, -1.6603 3.3979 0.4016, -1.6603 3.3979 0.3976, -1.752 3.3858 0.4016, -1.752 3.3858 0.3976, -1.8437 3.3979 0.4016, -1.8437 3.3979 0.3976, -1.9291 3.4333 0.4016, -1.9291 3.4333 0.3976, -2.0025 3.4896 0.4016, -2.0025 3.4896 0.3976, -2.0588 3.563 0.4016, -2.0588 3.563 0.3976, -2.0942 3.6484 0.4016, -2.0942 3.6484 0.3976, -2.1063 3.7402 0.4016, -2.1063 3.7402 0.3976, -3.1496 2.9921 0.3976, -3.1496 2.9921 0.4016, -3.1496 3.3465 0.3976, -3.1496 3.3465 0.4016, -3.8583 2.9921 0.4016, -3.8583 2.9921 0.3976, -3.8583 3.3465 0.4016, -3.8583 3.3465 0.3976, -3.1496 3.7402 0.3976, -3.1496 3.7402 0.4016, -3.1617 3.6484 0.4016, -3.1617 3.6484 0.3976, -3.1971 3.563 0.4016, -3.1971 3.563 0.3976, -3.2534 3.4896 0.4016, -3.2534 3.4896 0.3976, -3.3268 3.4333 0.4016, -3.3268 3.4333 0.3976, -3.4122 3.3979 0.4016, -3.4122 3.3979 0.3976, -3.5039 3.3858 0.4016, -3.5039 3.3858 0.3976, -3.5956 3.3979 0.4016, -3.5956 3.3979 0.3976, -3.6811 3.4333 0.4016, -3.6811 3.4333 0.3976, -3.7545 3.4896 0.4016, -3.7545 3.4896 0.3976, -3.8108 3.563 0.4016, -3.8108 3.563 0.3976, -3.8462 3.6484 0.4016, -3.8462 3.6484 0.3976, -3.8583 3.7402 0.4016, -3.8583 3.7402 0.3976, -4.9016 2.9921 0.3976, -4.9016 2.9921 0.4016, -4.9016 3.3465 0.3976, -4.9016 3.3465 0.4016, -5.6102 2.9921 0.4016, -5.6102 2.9921 0.3976, -5.6102 3.3465 0.4016, -5.6102 3.3465 0.3976, -4.9016 3.7402 0.3976, -4.9016 3.7402 0.4016, -4.9136 3.6484 0.4016, -4.9136 3.6484 0.3976, -4.949 3.563 0.4016, -4.949 3.563 0.3976, -5.0054 3.4896 0.4016, -5.0054 3.4896 0.3976, -5.0787 3.4333 0.4016, -5.0787 3.4333 0.3976, -5.1642 3.3979 0.4016, -5.1642 3.3979 0.3976, -5.2559 3.3858 0.4016, -5.2559 3.3858 0.3976, -5.3476 3.3979 0.4016, -5.3476 3.3979 0.3976, -5.4331 3.4333 0.4016, -5.4331 3.4333 0.3976, -5.5065 3.4896 0.4016, -5.5065 3.4896 0.3976, -5.5628 3.563 0.4016, -5.5628 3.563 0.3976, -5.5982 3.6484 0.4016, -5.5982 3.6484 0.3976, -5.6102 3.7402 0.4016, -5.6102 3.7402 0.3976, 7.0079 2.9764 0.4016, 7.0079 3.0945 0.4016, 6.9467 2.9683 0.4016, 6.9162 3.0824 0.4016, 6.8898 2.9447 0.4016, 6.8307 3.047 0.4016, 6.8408 2.9072 0.4016, 6.7573 2.9907 0.4016, 6.8033 2.8583 0.4016, 6.701 2.9173 0.4016, 6.7797 2.8013 0.4016, 6.6656 2.8319 0.4016, 6.7717 2.7402 0.4016, 6.6535 2.7402 0.4016, 6.7797 2.679 0.4016, 6.6656 2.6484 0.4016, 6.8033 2.622 0.4016, 6.701 2.563 0.4016, 6.8408 2.5731 0.4016, 6.7573 2.4896 0.4016, 6.8898 2.5356 0.4016, 6.8307 2.4333 0.4016, 6.9467 2.512 0.4016, 6.9162 2.3979 0.4016, 7.0079 2.5039 0.4016, 7.0079 2.3858 0.4016, 6.2598 3.0945 0.0, 6.2598 2.3858 0.0, 6.2598 3.0945 0.0039, 6.2598 2.3858 0.0039, 7.0079 3.0945 0.0, 7.0079 3.0945 0.0039, 7.0079 2.3858 0.0, 7.0079 2.3858 0.0039, 7.0079 2.9764 0.0, 6.9467 2.9683 0.0, 6.7717 2.7402 0.0, 6.7797 2.679 0.0, 6.8033 2.622 0.0, 6.8408 2.9072 0.0, 6.8033 2.8583 0.0, 6.7797 2.8013 0.0, 6.8408 2.5731 0.0, 6.8898 2.5356 0.0, 6.9467 2.512 0.0, 7.0079 2.5039 0.0, 6.8898 2.9447 0.0
            ]
        }
        coordIndex [
            0,1,2,-1,2,1,3,-1,2,3,4,-1,4,3,5,-1,4,5,6,-1,6,5,7,-1,6,7,8,-1,8,7,9,-1,8,9,10,-1,10,9,11,-1,10,11,12,-1,12,11,13,-1,12,13,14,-1,14,13,15,-1,14,15,16,-1,16,15,17,-1,16,17,18,-1,18,17,19,-1,18,19,20,-1,20,19,21,-1,20,21,22,-1,22,21,23,-1,22,23,24,-1,24,23,25,-1,26,27,28,-1,28,27,29,-1,27,30,29,-1,29,30,31,-1,32,26,33,-1,33,26,28,-1,32,34,35,-1,32,35,26,-1,26,35,36,-1,26,36,37,-1,37,38,26,-1,26,38,39,-1,26,39,27,-1,39,40,27,-1,27,40,41,-1,27,41,42,-1,42,43,27,-1,27,43,44,-1,27,44,30,-1,30,44,45,-1,30,45,46,-1,24,46,22,-1,22,46,45,-1,22,45,20,-1,20,45,44,-1,20,44,18,-1,18,44,43,-1,18,43,16,-1,16,43,42,-1,16,42,14,-1,14,42,41,-1,14,41,12,-1,12,41,40,-1,12,40,10,-1,10,40,39,-1,10,39,8,-1,8,39,38,-1,8,38,6,-1,6,38,37,-1,6,37,4,-1,4,37,36,-1,4,36,2,-1,2,36,35,-1,2,35,0,-1,0,35,34,-1,47,48,49,-1,49,48,50,-1,51,52,53,-1,53,52,54,-1,53,54,47,-1,47,54,48,-1,55,25,23,-1,55,23,56,-1,56,23,21,-1,56,21,57,-1,57,21,19,-1,57,19,58,-1,58,19,17,-1,58,17,59,-1,59,17,15,-1,59,15,60,-1,60,15,13,-1,60,13,61,-1,61,13,11,-1,61,11,62,-1,62,11,9,-1,62,9,63,-1,63,9,7,-1,63,7,64,-1,64,7,5,-1,64,5,65,-1,65,5,3,-1,65,3,66,-1,66,3,1,-1,66,1,67,-1,49,51,47,-1,47,51,53,-1,68,69,70,-1,70,69,71,-1,70,71,72,-1,72,71,73,-1,72,73,74,-1,74,73,75,-1,74,75,76,-1,76,75,77,-1,76,77,78,-1,78,77,79,-1,78,79,80,-1,80,79,81,-1,80,81,82,-1,82,81,83,-1,82,83,84,-1,84,83,85,-1,84,85,86,-1,86,85,87,-1,86,87,88,-1,88,87,89,-1,88,89,90,-1,90,89,91,-1,90,91,92,-1,92,91,93,-1,94,95,96,-1,96,95,97,-1,95,98,97,-1,97,98,99,-1,100,94,101,-1,101,94,96,-1,102,103,94,-1,102,94,104,-1,104,94,100,-1,104,100,105,-1,106,107,95,-1,107,108,95,-1,95,108,109,-1,95,109,98,-1,98,109,110,-1,98,110,111,-1,103,112,94,-1,94,112,113,-1,94,113,95,-1,95,113,114,-1,95,114,106,-1,115,116,117,-1,117,116,118,-1,117,118,119,-1,119,118,120,-1,119,120,121,-1,121,120,122,-1,121,122,123,-1,123,122,124,-1,123,124,125,-1,125,124,126,-1,125,126,127,-1,127,126,128,-1,127,128,129,-1,129,128,130,-1,129,130,131,-1,131,130,132,-1,131,132,133,-1,133,132,134,-1,133,134,135,-1,135,134,136,-1,135,136,137,-1,137,136,138,-1,137,138,139,-1,139,138,140,-1,141,142,143,-1,143,142,144,-1,142,145,144,-1,144,145,146,-1,147,141,148,-1,148,141,143,-1,141,149,150,-1,142,151,152,-1,152,153,142,-1,142,153,154,-1,142,154,145,-1,145,154,155,-1,145,155,156,-1,149,141,157,-1,157,141,147,-1,157,147,158,-1,150,159,141,-1,141,159,160,-1,141,160,142,-1,142,160,161,-1,142,161,151,-1,162,163,164,-1,164,163,165,-1,164,165,166,-1,166,165,167,-1,166,167,168,-1,168,167,169,-1,168,169,170,-1,170,169,171,-1,170,171,172,-1,172,171,173,-1,172,173,174,-1,174,173,175,-1,174,175,176,-1,176,175,177,-1,176,177,178,-1,178,177,179,-1,178,179,180,-1,180,179,181,-1,180,181,182,-1,182,181,183,-1,182,183,184,-1,184,183,185,-1,184,185,186,-1,186,185,187,-1,188,189,190,-1,190,189,191,-1,189,192,191,-1,191,192,193,-1,194,188,195,-1,195,188,190,-1,194,196,197,-1,189,198,199,-1,194,197,188,-1,188,197,200,-1,188,200,201,-1,201,202,188,-1,188,202,203,-1,188,203,189,-1,189,203,204,-1,189,204,198,-1,199,205,189,-1,189,205,206,-1,189,206,192,-1,192,206,207,-1,192,207,208,-1,209,210,211,-1,211,210,212,-1,211,212,213,-1,213,212,214,-1,213,214,215,-1,215,214,216,-1,215,216,217,-1,217,216,218,-1,217,218,219,-1,219,218,220,-1,219,220,221,-1,221,220,222,-1,221,222,223,-1,223,222,224,-1,223,224,225,-1,225,224,226,-1,225,226,227,-1,227,226,228,-1,227,228,229,-1,229,228,230,-1,229,230,231,-1,231,230,232,-1,231,232,233,-1,233,232,234,-1,235,236,237,-1,237,236,238,-1,236,239,238,-1,238,239,240,-1,241,235,242,-1,242,235,237,-1,235,243,244,-1,236,245,246,-1,246,247,236,-1,236,247,248,-1,236,248,239,-1,239,248,249,-1,239,249,250,-1,243,235,251,-1,251,235,241,-1,251,241,252,-1,244,253,235,-1,235,253,254,-1,235,254,236,-1,236,254,255,-1,236,255,245,-1,256,257,258,-1,258,257,259,-1,258,259,260,-1,260,259,261,-1,260,261,262,-1,262,261,263,-1,262,263,264,-1,264,263,265,-1,264,265,266,-1,266,265,267,-1,266,267,268,-1,268,267,269,-1,268,269,270,-1,270,269,271,-1,270,271,272,-1,272,271,273,-1,272,273,274,-1,274,273,275,-1,274,275,276,-1,276,275,277,-1,276,277,278,-1,278,277,279,-1,278,279,280,-1,280,279,281,-1,282,283,284,-1,284,283,285,-1,283,286,285,-1,285,286,287,-1,288,282,289,-1,289,282,284,-1,288,290,291,-1,288,291,282,-1,282,291,292,-1,282,292,293,-1,293,294,282,-1,282,294,295,-1,282,295,283,-1,295,296,283,-1,283,296,297,-1,283,297,298,-1,298,299,283,-1,283,299,300,-1,283,300,286,-1,286,300,301,-1,286,301,302,-1,303,304,305,-1,305,304,306,-1,305,306,307,-1,307,306,308,-1,307,308,309,-1,309,308,310,-1,309,310,311,-1,311,310,312,-1,311,312,313,-1,313,312,314,-1,313,314,315,-1,315,314,316,-1,315,316,317,-1,317,316,318,-1,317,318,319,-1,319,318,320,-1,319,320,321,-1,321,320,322,-1,321,322,323,-1,323,322,324,-1,323,324,325,-1,325,324,326,-1,325,326,327,-1,327,326,328,-1,329,330,331,-1,331,330,332,-1,330,333,332,-1,332,333,334,-1,335,329,336,-1,336,329,331,-1,335,337,338,-1,335,338,329,-1,329,338,339,-1,329,339,340,-1,340,341,329,-1,329,341,342,-1,329,342,330,-1,342,343,330,-1,330,343,344,-1,330,344,345,-1,345,346,330,-1,330,346,347,-1,330,347,333,-1,333,347,348,-1,333,348,349,-1,327,349,325,-1,325,349,348,-1,325,348,323,-1,323,348,347,-1,323,347,321,-1,321,347,346,-1,321,346,319,-1,319,346,345,-1,319,345,317,-1,317,345,344,-1,317,344,315,-1,315,344,343,-1,315,343,313,-1,313,343,342,-1,313,342,311,-1,311,342,341,-1,311,341,309,-1,309,341,340,-1,309,340,307,-1,307,340,339,-1,307,339,305,-1,305,339,338,-1,305,338,303,-1,303,338,337,-1,280,302,278,-1,278,302,301,-1,278,301,276,-1,276,301,300,-1,276,300,274,-1,274,300,299,-1,274,299,272,-1,272,299,298,-1,272,298,270,-1,270,298,297,-1,270,297,268,-1,268,297,296,-1,268,296,266,-1,266,296,295,-1,266,295,264,-1,264,295,294,-1,264,294,262,-1,262,294,293,-1,262,293,260,-1,260,293,292,-1,260,292,258,-1,258,292,291,-1,258,291,256,-1,256,291,290,-1,233,250,231,-1,231,250,249,-1,231,249,229,-1,229,249,248,-1,229,248,227,-1,227,248,247,-1,227,247,225,-1,225,247,246,-1,225,246,223,-1,223,246,245,-1,223,245,221,-1,221,245,255,-1,221,255,219,-1,219,255,254,-1,219,254,217,-1,217,254,253,-1,217,253,215,-1,215,253,244,-1,215,244,213,-1,213,244,243,-1,213,243,211,-1,211,243,251,-1,211,251,209,-1,209,251,252,-1,186,208,184,-1,184,208,207,-1,184,207,182,-1,182,207,206,-1,182,206,180,-1,180,206,205,-1,180,205,178,-1,178,205,199,-1,178,199,176,-1,176,199,198,-1,176,198,174,-1,174,198,204,-1,174,204,172,-1,172,204,203,-1,172,203,170,-1,170,203,202,-1,170,202,168,-1,168,202,201,-1,168,201,166,-1,166,201,200,-1,166,200,164,-1,164,200,197,-1,164,197,162,-1,162,197,196,-1,139,156,137,-1,137,156,155,-1,137,155,135,-1,135,155,154,-1,135,154,133,-1,133,154,153,-1,133,153,131,-1,131,153,152,-1,131,152,129,-1,129,152,151,-1,129,151,127,-1,127,151,161,-1,127,161,125,-1,125,161,160,-1,125,160,123,-1,123,160,159,-1,123,159,121,-1,121,159,150,-1,121,150,119,-1,119,150,149,-1,119,149,117,-1,117,149,157,-1,117,157,115,-1,115,157,158,-1,92,111,90,-1,90,111,110,-1,90,110,88,-1,88,110,109,-1,88,109,86,-1,86,109,108,-1,86,108,84,-1,84,108,107,-1,84,107,82,-1,82,107,106,-1,82,106,80,-1,80,106,114,-1,80,114,78,-1,78,114,113,-1,78,113,76,-1,76,113,112,-1,76,112,74,-1,74,112,103,-1,74,103,72,-1,72,103,102,-1,72,102,70,-1,70,102,104,-1,70,104,68,-1,68,104,105,-1,350,351,352,-1,352,351,353,-1,354,355,356,-1,356,355,357,-1,356,357,350,-1,350,357,351,-1,358,328,326,-1,358,326,359,-1,359,326,324,-1,359,324,360,-1,360,324,322,-1,360,322,361,-1,361,322,320,-1,361,320,362,-1,362,320,318,-1,362,318,363,-1,363,318,316,-1,363,316,364,-1,364,316,314,-1,364,314,365,-1,365,314,312,-1,365,312,366,-1,366,312,310,-1,366,310,367,-1,367,310,308,-1,367,308,368,-1,368,308,306,-1,368,306,369,-1,369,306,304,-1,369,304,370,-1,352,354,350,-1,350,354,356,-1,371,372,373,-1,373,372,374,-1,375,376,377,-1,377,376,378,-1,377,378,371,-1,371,378,372,-1,379,281,279,-1,379,279,380,-1,380,279,277,-1,380,277,381,-1,381,277,275,-1,381,275,382,-1,382,275,273,-1,382,273,383,-1,383,273,271,-1,383,271,384,-1,384,271,269,-1,384,269,385,-1,385,269,267,-1,385,267,386,-1,386,267,265,-1,386,265,387,-1,387,265,263,-1,387,263,388,-1,388,263,261,-1,388,261,389,-1,389,261,259,-1,389,259,390,-1,390,259,257,-1,390,257,391,-1,373,375,371,-1,371,375,377,-1,392,393,394,-1,394,393,395,-1,396,397,398,-1,398,397,399,-1,398,399,392,-1,392,399,393,-1,400,234,232,-1,400,232,401,-1,401,232,230,-1,401,230,402,-1,402,230,228,-1,402,228,403,-1,403,228,226,-1,403,226,404,-1,404,226,224,-1,404,224,405,-1,405,224,222,-1,405,222,406,-1,406,222,220,-1,406,220,407,-1,407,220,218,-1,407,218,408,-1,408,218,216,-1,408,216,409,-1,409,216,214,-1,409,214,410,-1,410,214,212,-1,410,212,411,-1,411,212,210,-1,411,210,412,-1,394,396,392,-1,392,396,398,-1,413,414,415,-1,415,414,416,-1,417,418,419,-1,419,418,420,-1,419,420,413,-1,413,420,414,-1,421,187,185,-1,421,185,422,-1,422,185,183,-1,422,183,423,-1,423,183,181,-1,423,181,424,-1,424,181,179,-1,424,179,425,-1,425,179,177,-1,425,177,426,-1,426,177,175,-1,426,175,427,-1,427,175,173,-1,427,173,428,-1,428,173,171,-1,428,171,429,-1,429,171,169,-1,429,169,430,-1,430,169,167,-1,430,167,431,-1,431,167,165,-1,431,165,432,-1,432,165,163,-1,432,163,433,-1,415,417,413,-1,413,417,419,-1,434,435,436,-1,436,435,437,-1,438,439,440,-1,440,439,441,-1,440,441,434,-1,434,441,435,-1,442,140,138,-1,442,138,443,-1,443,138,136,-1,443,136,444,-1,444,136,134,-1,444,134,445,-1,445,134,132,-1,445,132,446,-1,446,132,130,-1,446,130,447,-1,447,130,128,-1,447,128,448,-1,448,128,126,-1,448,126,449,-1,449,126,124,-1,449,124,450,-1,450,124,122,-1,450,122,451,-1,451,122,120,-1,451,120,452,-1,452,120,118,-1,452,118,453,-1,453,118,116,-1,453,116,454,-1,436,438,434,-1,434,438,440,-1,455,456,457,-1,457,456,458,-1,459,460,461,-1,461,460,462,-1,461,462,455,-1,455,462,456,-1,463,93,91,-1,463,91,464,-1,464,91,89,-1,464,89,465,-1,465,89,87,-1,465,87,466,-1,466,87,85,-1,466,85,467,-1,467,85,83,-1,467,83,468,-1,468,83,81,-1,468,81,469,-1,469,81,79,-1,469,79,470,-1,470,79,77,-1,470,77,471,-1,471,77,75,-1,471,75,472,-1,472,75,73,-1,472,73,473,-1,473,73,71,-1,473,71,474,-1,474,71,69,-1,474,69,475,-1,457,459,455,-1,455,459,461,-1,476,477,478,-1,478,477,479,-1,480,481,476,-1,476,481,477,-1,478,479,482,-1,482,479,483,-1,484,485,477,-1,484,477,486,-1,487,488,479,-1,486,477,489,-1,489,477,481,-1,489,481,490,-1,485,491,477,-1,477,491,492,-1,477,492,479,-1,479,492,493,-1,479,493,487,-1,488,494,479,-1,479,494,495,-1,479,495,483,-1,483,495,496,-1,483,496,497,-1,498,499,500,-1,500,499,501,-1,502,503,498,-1,498,503,499,-1,500,501,504,-1,504,501,505,-1,503,506,507,-1,508,509,499,-1,510,511,501,-1,511,512,501,-1,501,512,513,-1,501,513,505,-1,505,513,514,-1,505,514,515,-1,503,507,499,-1,499,507,516,-1,499,516,508,-1,509,517,499,-1,499,517,518,-1,499,518,501,-1,501,518,519,-1,501,519,510,-1,520,521,522,-1,522,521,523,-1,524,525,520,-1,520,525,521,-1,522,523,526,-1,526,523,527,-1,528,529,523,-1,525,530,531,-1,521,532,533,-1,525,531,521,-1,521,531,534,-1,521,534,532,-1,529,535,523,-1,523,535,536,-1,523,536,527,-1,527,536,537,-1,527,537,538,-1,533,539,521,-1,521,539,540,-1,521,540,523,-1,523,540,541,-1,523,541,528,-1,542,543,544,-1,544,543,545,-1,546,547,542,-1,542,547,543,-1,544,545,548,-1,548,545,549,-1,550,551,543,-1,550,543,552,-1,553,554,545,-1,552,543,555,-1,555,543,547,-1,555,547,556,-1,551,557,543,-1,543,557,558,-1,543,558,545,-1,545,558,559,-1,545,559,553,-1,554,560,545,-1,545,560,561,-1,545,561,549,-1,549,561,562,-1,549,562,563,-1,564,565,566,-1,566,565,567,-1,568,569,564,-1,564,569,565,-1,566,567,570,-1,570,567,571,-1,572,573,567,-1,569,574,575,-1,565,576,577,-1,569,575,565,-1,565,575,578,-1,565,578,576,-1,573,579,567,-1,567,579,580,-1,567,580,571,-1,571,580,581,-1,571,581,582,-1,577,583,565,-1,565,583,584,-1,565,584,567,-1,567,584,585,-1,567,585,572,-1,586,587,588,-1,588,587,589,-1,590,591,586,-1,586,591,587,-1,588,589,592,-1,592,589,593,-1,594,595,587,-1,594,587,596,-1,597,598,589,-1,596,587,599,-1,599,587,591,-1,599,591,600,-1,595,601,587,-1,587,601,602,-1,587,602,589,-1,589,602,603,-1,589,603,597,-1,598,604,589,-1,589,604,605,-1,589,605,593,-1,593,605,606,-1,593,606,607,-1,608,609,610,-1,610,609,611,-1,612,613,608,-1,608,613,609,-1,610,611,614,-1,614,611,615,-1,616,617,609,-1,616,609,618,-1,619,620,611,-1,618,609,621,-1,621,609,613,-1,621,613,622,-1,617,623,609,-1,609,623,624,-1,609,624,611,-1,611,624,625,-1,611,625,619,-1,620,626,611,-1,611,626,627,-1,611,627,615,-1,615,627,628,-1,615,628,629,-1,630,629,631,-1,631,629,628,-1,631,628,632,-1,632,628,627,-1,632,627,633,-1,633,627,626,-1,633,626,634,-1,634,626,620,-1,634,620,635,-1,635,620,619,-1,635,619,636,-1,636,619,625,-1,636,625,637,-1,637,625,624,-1,637,624,638,-1,638,624,623,-1,638,623,639,-1,639,623,617,-1,639,617,640,-1,640,617,616,-1,640,616,641,-1,641,616,618,-1,641,618,642,-1,642,618,621,-1,642,621,643,-1,643,621,622,-1,644,607,645,-1,645,607,606,-1,645,606,646,-1,646,606,605,-1,646,605,647,-1,647,605,604,-1,647,604,648,-1,648,604,598,-1,648,598,649,-1,649,598,597,-1,649,597,650,-1,650,597,603,-1,650,603,651,-1,651,603,602,-1,651,602,652,-1,652,602,601,-1,652,601,653,-1,653,601,595,-1,653,595,654,-1,654,595,594,-1,654,594,655,-1,655,594,596,-1,655,596,656,-1,656,596,599,-1,656,599,657,-1,657,599,600,-1,658,582,659,-1,659,582,581,-1,659,581,660,-1,660,581,580,-1,660,580,661,-1,661,580,579,-1,661,579,662,-1,662,579,573,-1,662,573,663,-1,663,573,572,-1,663,572,664,-1,664,572,585,-1,664,585,665,-1,665,585,584,-1,665,584,666,-1,666,584,583,-1,666,583,667,-1,667,583,577,-1,667,577,668,-1,668,577,576,-1,668,576,669,-1,669,576,578,-1,669,578,670,-1,670,578,575,-1,670,575,671,-1,671,575,574,-1,672,563,673,-1,673,563,562,-1,673,562,674,-1,674,562,561,-1,674,561,675,-1,675,561,560,-1,675,560,676,-1,676,560,554,-1,676,554,677,-1,677,554,553,-1,677,553,678,-1,678,553,559,-1,678,559,679,-1,679,559,558,-1,679,558,680,-1,680,558,557,-1,680,557,681,-1,681,557,551,-1,681,551,682,-1,682,551,550,-1,682,550,683,-1,683,550,552,-1,683,552,684,-1,684,552,555,-1,684,555,685,-1,685,555,556,-1,686,538,687,-1,687,538,537,-1,687,537,688,-1,688,537,536,-1,688,536,689,-1,689,536,535,-1,689,535,690,-1,690,535,529,-1,690,529,691,-1,691,529,528,-1,691,528,692,-1,692,528,541,-1,692,541,693,-1,693,541,540,-1,693,540,694,-1,694,540,539,-1,694,539,695,-1,695,539,533,-1,695,533,696,-1,696,533,532,-1,696,532,697,-1,697,532,534,-1,697,534,698,-1,698,534,531,-1,698,531,699,-1,699,531,530,-1,700,515,701,-1,701,515,514,-1,701,514,702,-1,702,514,513,-1,702,513,703,-1,703,513,512,-1,703,512,704,-1,704,512,511,-1,704,511,705,-1,705,511,510,-1,705,510,706,-1,706,510,519,-1,706,519,707,-1,707,519,518,-1,707,518,708,-1,708,518,517,-1,708,517,709,-1,709,517,509,-1,709,509,710,-1,710,509,508,-1,710,508,711,-1,711,508,516,-1,711,516,712,-1,712,516,507,-1,712,507,713,-1,713,507,506,-1,714,497,715,-1,715,497,496,-1,715,496,716,-1,716,496,495,-1,716,495,717,-1,717,495,494,-1,717,494,718,-1,718,494,488,-1,718,488,719,-1,719,488,487,-1,719,487,720,-1,720,487,493,-1,720,493,721,-1,721,493,492,-1,721,492,722,-1,722,492,491,-1,722,491,723,-1,723,491,485,-1,723,485,724,-1,724,485,484,-1,724,484,725,-1,725,484,486,-1,725,486,726,-1,726,486,489,-1,726,489,727,-1,727,489,490,-1,728,729,730,-1,730,729,731,-1,732,733,734,-1,734,733,735,-1,732,734,729,-1,729,734,731,-1,736,737,738,-1,736,738,739,-1,739,738,740,-1,739,740,741,-1,741,740,742,-1,741,742,743,-1,743,742,744,-1,743,744,745,-1,745,744,746,-1,745,746,747,-1,747,746,748,-1,747,748,749,-1,749,748,750,-1,749,750,751,-1,751,750,752,-1,751,752,753,-1,753,752,754,-1,753,754,755,-1,755,754,756,-1,755,756,757,-1,757,756,758,-1,757,758,759,-1,759,758,760,-1,759,760,761,-1,728,733,729,-1,729,733,732,-1,762,763,764,-1,764,763,765,-1,766,767,768,-1,768,767,769,-1,766,768,763,-1,763,768,765,-1,770,771,772,-1,770,772,773,-1,773,772,774,-1,773,774,775,-1,775,774,776,-1,775,776,777,-1,777,776,778,-1,777,778,779,-1,779,778,780,-1,779,780,781,-1,781,780,782,-1,781,782,783,-1,783,782,784,-1,783,784,785,-1,785,784,786,-1,785,786,787,-1,787,786,788,-1,787,788,789,-1,789,788,790,-1,789,790,791,-1,791,790,792,-1,791,792,793,-1,793,792,794,-1,793,794,795,-1,762,767,763,-1,763,767,766,-1,796,797,798,-1,798,797,799,-1,800,801,802,-1,802,801,803,-1,800,802,797,-1,797,802,799,-1,804,805,806,-1,804,806,807,-1,807,806,808,-1,807,808,809,-1,809,808,810,-1,809,810,811,-1,811,810,812,-1,811,812,813,-1,813,812,814,-1,813,814,815,-1,815,814,816,-1,815,816,817,-1,817,816,818,-1,817,818,819,-1,819,818,820,-1,819,820,821,-1,821,820,822,-1,821,822,823,-1,823,822,824,-1,823,824,825,-1,825,824,826,-1,825,826,827,-1,827,826,828,-1,827,828,829,-1,796,801,797,-1,797,801,800,-1,830,831,832,-1,832,831,833,-1,834,835,836,-1,836,835,837,-1,834,836,831,-1,831,836,833,-1,838,839,840,-1,838,840,841,-1,841,840,842,-1,841,842,843,-1,843,842,844,-1,843,844,845,-1,845,844,846,-1,845,846,847,-1,847,846,848,-1,847,848,849,-1,849,848,850,-1,849,850,851,-1,851,850,852,-1,851,852,853,-1,853,852,854,-1,853,854,855,-1,855,854,856,-1,855,856,857,-1,857,856,858,-1,857,858,859,-1,859,858,860,-1,859,860,861,-1,861,860,862,-1,861,862,863,-1,830,835,831,-1,831,835,834,-1,864,865,866,-1,866,865,867,-1,868,869,870,-1,870,869,871,-1,868,870,865,-1,865,870,867,-1,872,873,874,-1,872,874,875,-1,875,874,876,-1,875,876,877,-1,877,876,878,-1,877,878,879,-1,879,878,880,-1,879,880,881,-1,881,880,882,-1,881,882,883,-1,883,882,884,-1,883,884,885,-1,885,884,886,-1,885,886,887,-1,887,886,888,-1,887,888,889,-1,889,888,890,-1,889,890,891,-1,891,890,892,-1,891,892,893,-1,893,892,894,-1,893,894,895,-1,895,894,896,-1,895,896,897,-1,864,869,865,-1,865,869,868,-1,898,899,900,-1,900,899,901,-1,902,903,904,-1,904,903,905,-1,902,904,899,-1,899,904,901,-1,906,907,908,-1,906,908,909,-1,909,908,910,-1,909,910,911,-1,911,910,912,-1,911,912,913,-1,913,912,914,-1,913,914,915,-1,915,914,916,-1,915,916,917,-1,917,916,918,-1,917,918,919,-1,919,918,920,-1,919,920,921,-1,921,920,922,-1,921,922,923,-1,923,922,924,-1,923,924,925,-1,925,924,926,-1,925,926,927,-1,927,926,928,-1,927,928,929,-1,929,928,930,-1,929,930,931,-1,898,903,899,-1,899,903,902,-1,932,933,934,-1,934,933,935,-1,936,937,938,-1,938,937,939,-1,936,938,933,-1,933,938,935,-1,940,941,942,-1,940,942,943,-1,943,942,944,-1,943,944,945,-1,945,944,946,-1,945,946,947,-1,947,946,948,-1,947,948,949,-1,949,948,950,-1,949,950,951,-1,951,950,952,-1,951,952,953,-1,953,952,954,-1,953,954,955,-1,955,954,956,-1,955,956,957,-1,957,956,958,-1,957,958,959,-1,959,958,960,-1,959,960,961,-1,961,960,962,-1,961,962,963,-1,963,962,964,-1,963,964,965,-1,932,937,933,-1,933,937,936,-1,966,967,968,-1,968,967,969,-1,968,969,970,-1,970,969,971,-1,970,971,972,-1,972,971,973,-1,972,973,974,-1,974,973,975,-1,974,975,976,-1,976,975,977,-1,976,977,978,-1,978,977,979,-1,978,979,980,-1,980,979,981,-1,980,981,982,-1,982,981,983,-1,982,983,984,-1,984,983,985,-1,984,985,986,-1,986,985,987,-1,986,987,988,-1,988,987,989,-1,988,989,990,-1,990,989,991,-1,992,993,994,-1,994,993,995,-1,996,992,997,-1,997,992,994,-1,993,998,995,-1,995,998,999,-1,996,1000,1001,-1,992,1002,993,-1,993,1002,1003,-1,993,1003,1004,-1,1005,1006,992,-1,992,1006,1007,-1,992,1007,1002,-1,1004,1008,993,-1,993,1008,1009,-1,993,1009,998,-1,998,1009,1010,-1,998,1010,1011,-1,996,1001,992,-1,992,1001,1012,-1,992,1012,1005,-1,990,1011,988,-1,988,1011,1010,-1,988,1010,986,-1,986,1010,1009,-1,986,1009,984,-1,984,1009,1008,-1,984,1008,982,-1,982,1008,1004,-1,982,1004,980,-1,980,1004,1003,-1,980,1003,978,-1,978,1003,1002,-1,978,1002,976,-1,976,1002,1007,-1,976,1007,974,-1,974,1007,1006,-1,974,1006,972,-1,972,1006,1005,-1,972,1005,970,-1,970,1005,1012,-1,970,1012,968,-1,968,1012,1001,-1,968,1001,966,-1,966,1001,1000,-1,
        ]
    }
}
Shape{
    appearance Appearance {
        material  Material 	{
            diffuseColor 1.0 1.0 1.0
            specularColor 0.8784313725490196 0.8784313725490196 0.8784313725490196
            ambientIntensity 1.0
            transparency 0.0
            shininess 0.5
        }
    }
    geometry IndexedFaceSet {
        ccw TRUE
        solid FALSE
        coord DEF co Coordinate {
            point [
                6.2598 2.3858 0.4016, 6.6142 2.3858 0.4016, 6.2598 2.3858 0.3976, 6.6142 2.3858 0.3976, 6.2598 3.0945 0.3976, 6.6142 3.0945 0.3976, 6.2598 3.0945 0.4016, 6.6142 3.0945 0.4016, 7.0079 2.3858 0.3976, 7.0079 2.3858 0.4016, 6.9162 2.3979 0.4016, 6.9162 2.3979 0.3976, 6.8307 2.4333 0.4016, 6.8307 2.4333 0.3976, 6.7573 2.4896 0.4016, 6.7573 2.4896 0.3976, 6.701 2.563 0.4016, 6.701 2.563 0.3976, 6.6656 2.6484 0.4016, 6.6656 2.6484 0.3976, 6.6535 2.7402 0.4016, 6.6535 2.7402 0.3976, 6.6656 2.8319 0.4016, 6.6656 2.8319 0.3976, 6.701 2.9173 0.4016, 6.701 2.9173 0.3976, 6.7573 2.9907 0.4016, 6.7573 2.9907 0.3976, 6.8307 3.047 0.4016, 6.8307 3.047 0.3976, 6.9162 3.0824 0.4016, 6.9162 3.0824 0.3976, 7.0079 3.0945 0.4016, 7.0079 3.0945 0.3976
            ]
        }
        coordIndex [
            0,1,2,-1,2,1,3,-1,4,5,6,-1,6,5,7,-1,6,7,0,-1,0,7,1,-1,8,9,10,-1,8,10,11,-1,11,10,12,-1,11,12,13,-1,13,12,14,-1,13,14,15,-1,15,14,16,-1,15,16,17,-1,17,16,18,-1,17,18,19,-1,19,18,20,-1,19,20,21,-1,21,20,22,-1,21,22,23,-1,23,22,24,-1,23,24,25,-1,25,24,26,-1,25,26,27,-1,27,26,28,-1,27,28,29,-1,29,28,30,-1,29,30,31,-1,31,30,32,-1,31,32,33,-1,2,4,0,-1,0,4,6,-1,
        ]
    }
}
Shape{
    appearance Appearance {
        material  Material 	{
            diffuseColor 0.9686274509803922 0.8784313725490196 0.6
            specularColor 0.6784313725490196 0.615686274509804 0.4196078431372549
            ambientIntensity 0.8737
            transparency 0.0
            shininess 0.5
        }
    }
    geometry IndexedFaceSet {
        ccw TRUE
        solid FALSE
        coord DEF co Coordinate {
            point [
                7.0079 1.1654 0.4016, 7.0079 1.2835 0.4016, 6.9467 1.1573 0.4016, 6.9162 1.2714 0.4016, 6.8898 1.1337 0.4016, 6.8307 1.236 0.4016, 6.8408 1.0962 0.4016, 6.7573 1.1797 0.4016, 6.8033 1.0472 0.4016, 6.701 1.1063 0.4016, 6.7797 0.9903 0.4016, 6.6656 1.0208 0.4016, 6.7717 0.9291 0.4016, 6.6535 0.9291 0.4016, 6.7797 0.868 0.4016, 6.6656 0.8374 0.4016, 6.8033 0.811 0.4016, 6.701 0.752 0.4016, 6.8408 0.7621 0.4016, 6.7573 0.6786 0.4016, 6.8898 0.7246 0.4016, 6.8307 0.6223 0.4016, 6.9467 0.701 0.4016, 6.9162 0.5869 0.4016, 7.0079 0.6929 0.4016, 7.0079 0.5748 0.4016, 6.2598 1.2835 0.0, 6.2598 0.5748 0.0, 6.2598 1.2835 0.0039, 6.2598 0.5748 0.0039, 7.0079 1.2835 0.0, 7.0079 1.2835 0.0039, 7.0079 0.5748 0.0, 7.0079 0.5748 0.0039, 6.8898 1.1337 0.0, 6.8408 1.0962 0.0, 6.9467 1.1573 0.0, 7.0079 1.1654 0.0, 6.8033 1.0472 0.0, 6.7797 0.9903 0.0, 6.7717 0.9291 0.0, 6.7797 0.868 0.0, 6.8898 0.7246 0.0, 6.9467 0.701 0.0, 7.0079 0.6929 0.0, 6.8033 0.811 0.0, 6.8408 0.7621 0.0, 7.0079 -0.6457 0.4016, 7.0079 -0.5276 0.4016, 6.9467 -0.6537 0.4016, 6.9162 -0.5396 0.4016, 6.8898 -0.6773 0.4016, 6.8307 -0.575 0.4016, 6.8408 -0.7149 0.4016, 6.7573 -0.6313 0.4016, 6.8033 -0.7638 0.4016, 6.701 -0.7047 0.4016, 6.7797 -0.8208 0.4016, 6.6656 -0.7902 0.4016, 6.7717 -0.8819 0.4016, 6.6535 -0.8819 0.4016, 6.7797 -0.943 0.4016, 6.6656 -0.9736 0.4016, 6.8033 -1.0 0.4016, 6.701 -1.0591 0.4016, 6.8408 -1.0489 0.4016, 6.7573 -1.1324 0.4016, 6.8898 -1.0865 0.4016, 6.8307 -1.1887 0.4016, 6.9467 -1.1101 0.4016, 6.9162 -1.2241 0.4016, 7.0079 -1.1181 0.4016, 7.0079 -1.2362 0.4016, 6.2598 -0.5276 0.0, 6.2598 -1.2362 0.0, 6.2598 -0.5276 0.0039, 6.2598 -1.2362 0.0039, 7.0079 -0.5276 0.0, 7.0079 -0.5276 0.0039, 7.0079 -1.2362 0.0, 7.0079 -1.2362 0.0039, 6.8898 -0.6773 0.0, 6.8408 -0.7149 0.0, 6.7717 -0.8819 0.0, 6.7797 -0.943 0.0, 6.8033 -1.0 0.0, 6.8408 -1.0489 0.0, 6.8898 -1.0865 0.0, 6.9467 -1.1101 0.0, 7.0079 -1.1181 0.0, 6.9467 -0.6537 0.0, 7.0079 -0.6457 0.0, 6.8033 -0.7638 0.0, 6.7797 -0.8208 0.0, 7.0079 -2.4567 0.4016, 7.0079 -2.3386 0.4016, 6.9467 -2.4647 0.4016, 6.9162 -2.3507 0.4016, 6.8898 -2.4883 0.4016, 6.8307 -2.3861 0.4016, 6.8408 -2.5259 0.4016, 6.7573 -2.4424 0.4016, 6.8033 -2.5748 0.4016, 6.701 -2.5157 0.4016, 6.7797 -2.6318 0.4016, 6.6656 -2.6012 0.4016, 6.7717 -2.6929 0.4016, 6.6535 -2.6929 0.4016, 6.7797 -2.7541 0.4016, 6.6656 -2.7846 0.4016, 6.8033 -2.811 0.4016, 6.701 -2.8701 0.4016, 6.8408 -2.8599 0.4016, 6.7573 -2.9435 0.4016, 6.8898 -2.8975 0.4016, 6.8307 -2.9998 0.4016, 6.9467 -2.9211 0.4016, 6.9162 -3.0352 0.4016, 7.0079 -2.9291 0.4016, 7.0079 -3.0472 0.4016, 6.2598 -2.3386 0.0, 6.2598 -3.0472 0.0, 6.2598 -2.3386 0.0039, 6.2598 -3.0472 0.0039, 7.0079 -2.3386 0.0, 7.0079 -2.3386 0.0039, 7.0079 -3.0472 0.0, 7.0079 -3.0472 0.0039, 7.0079 -2.4567 0.0, 6.9467 -2.4647 0.0, 6.7717 -2.6929 0.0, 6.7797 -2.7541 0.0, 6.8033 -2.811 0.0, 6.8408 -2.5259 0.0, 6.8033 -2.5748 0.0, 6.7797 -2.6318 0.0, 6.8408 -2.8599 0.0, 6.8898 -2.8975 0.0, 6.9467 -2.9211 0.0, 7.0079 -2.9291 0.0, 6.8898 -2.4883 0.0, 6.2598 -3.0472 0.4016, 6.6142 -3.0472 0.4016, 6.2598 -3.0472 0.3976, 6.6142 -3.0472 0.3976, 6.2598 -2.3386 0.3976, 6.6142 -2.3386 0.3976, 6.2598 -2.3386 0.4016, 6.6142 -2.3386 0.4016, 7.0079 -3.0472 0.3976, 6.9162 -3.0352 0.3976, 6.8307 -2.9998 0.3976, 6.7573 -2.9435 0.3976, 6.701 -2.8701 0.3976, 6.6656 -2.7846 0.3976, 6.6535 -2.6929 0.3976, 6.6656 -2.6012 0.3976, 6.701 -2.5157 0.3976, 6.7573 -2.4424 0.3976, 6.8307 -2.3861 0.3976, 6.9162 -2.3507 0.3976, 7.0079 -2.3386 0.3976, 6.2598 -1.2362 0.4016, 6.6142 -1.2362 0.4016, 6.2598 -1.2362 0.3976, 6.6142 -1.2362 0.3976, 6.2598 -0.5276 0.3976, 6.6142 -0.5276 0.3976, 6.2598 -0.5276 0.4016, 6.6142 -0.5276 0.4016, 7.0079 -1.2362 0.3976, 6.9162 -1.2241 0.3976, 6.8307 -1.1887 0.3976, 6.7573 -1.1324 0.3976, 6.701 -1.0591 0.3976, 6.6656 -0.9736 0.3976, 6.6535 -0.8819 0.3976, 6.6656 -0.7902 0.3976, 6.701 -0.7047 0.3976, 6.7573 -0.6313 0.3976, 6.8307 -0.575 0.3976, 6.9162 -0.5396 0.3976, 7.0079 -0.5276 0.3976, 6.2598 0.5748 0.4016, 6.6142 0.5748 0.4016, 6.2598 0.5748 0.3976, 6.6142 0.5748 0.3976, 6.2598 1.2835 0.3976, 6.6142 1.2835 0.3976, 6.2598 1.2835 0.4016, 6.6142 1.2835 0.4016, 7.0079 0.5748 0.3976, 6.9162 0.5869 0.3976, 6.8307 0.6223 0.3976, 6.7573 0.6786 0.3976, 6.701 0.752 0.3976, 6.6656 0.8374 0.3976, 6.6535 0.9291 0.3976, 6.6656 1.0208 0.3976, 6.701 1.1063 0.3976, 6.7573 1.1797 0.3976, 6.8307 1.236 0.3976, 6.9162 1.2714 0.3976, 7.0079 1.2835 0.3976, -6.2598 0.5748 0.0039, -6.2598 0.5748 0.0, -6.2598 3.0945 0.0039, -6.2598 3.0945 0.0, -7.0079 3.0945 0.0039, -7.0079 3.0945 0.0, -7.0079 0.5748 0.0, -7.0079 0.6929 0.0, -6.9467 0.701 0.0, -6.8408 0.7621 0.0, -6.8033 0.811 0.0, -6.7797 0.868 0.0, -6.7717 0.9291 0.0, -6.7717 2.7402 0.0, -6.7797 2.8013 0.0, -6.8033 2.8583 0.0, -6.8898 0.7246 0.0, -7.0079 1.1654 0.0, -7.0079 2.5039 0.0, -6.9467 1.1573 0.0, -6.9467 2.512 0.0, -6.8898 1.1337 0.0, -6.8898 2.5356 0.0, -6.8408 2.9072 0.0, -6.8898 2.9447 0.0, -6.9467 2.9683 0.0, -7.0079 2.9764 0.0, -6.8408 2.5731 0.0, -6.8033 2.622 0.0, -6.7797 2.679 0.0, -6.7797 0.9903 0.0, -6.8033 1.0472 0.0, -6.8408 1.0962 0.0, -7.0079 0.5748 0.0039, -6.2598 -3.0472 0.0039, -6.2598 -3.0472 0.0, -6.2598 -0.5276 0.0039, -6.2598 -0.5276 0.0, -7.0079 -0.5276 0.0039, -7.0079 -0.5276 0.0, -7.0079 -3.0472 0.0, -7.0079 -2.9291 0.0, -6.9467 -2.9211 0.0, -6.7797 -2.7541 0.0, -6.8033 -2.811 0.0, -6.8408 -2.8599 0.0, -6.7717 -0.8819 0.0, -6.7797 -0.8208 0.0, -6.8033 -0.7638 0.0, -6.8898 -2.8975 0.0, -6.9467 -2.4647 0.0, -6.8898 -2.4883 0.0, -6.8408 -2.5259 0.0, -6.8408 -0.7149 0.0, -6.8898 -0.6773 0.0, -6.9467 -0.6537 0.0, -7.0079 -0.6457 0.0, -6.7717 -2.6929 0.0, -6.7797 -2.6318 0.0, -6.8033 -2.5748 0.0, -7.0079 -2.4567 0.0, -7.0079 -1.1181 0.0, -6.9467 -1.1101 0.0, -6.8898 -1.0865 0.0, -6.8408 -1.0489 0.0, -6.8033 -1.0 0.0, -6.7797 -0.943 0.0, -7.0079 -3.0472 0.0039, -7.0079 -2.4567 0.4016, -6.9467 -2.4647 0.4016, -6.8898 -2.4883 0.4016, -6.8408 -2.5259 0.4016, -6.8033 -2.5748 0.4016, -6.7797 -2.6318 0.4016, -6.7717 -2.6929 0.4016, -6.7797 -2.7541 0.4016, -6.8033 -2.811 0.4016, -6.8408 -2.8599 0.4016, -6.8898 -2.8975 0.4016, -6.9467 -2.9211 0.4016, -7.0079 -2.9291 0.4016, -7.0079 -0.6457 0.4016, -6.9467 -0.6537 0.4016, -6.8898 -0.6773 0.4016, -6.8408 -0.7149 0.4016, -6.8033 -0.7638 0.4016, -6.7797 -0.8208 0.4016, -6.7717 -0.8819 0.4016, -6.7797 -0.943 0.4016, -6.8033 -1.0 0.4016, -6.8408 -1.0489 0.4016, -6.8898 -1.0865 0.4016, -6.9467 -1.1101 0.4016, -7.0079 -1.1181 0.4016, -7.0079 1.1654 0.4016, -6.9467 1.1573 0.4016, -6.8898 1.1337 0.4016, -6.8408 1.0962 0.4016, -6.8033 1.0472 0.4016, -6.7797 0.9903 0.4016, -6.7717 0.9291 0.4016, -6.7797 0.868 0.4016, -6.8033 0.811 0.4016, -6.8408 0.7621 0.4016, -6.8898 0.7246 0.4016, -6.9467 0.701 0.4016, -7.0079 0.6929 0.4016, -7.0079 2.9764 0.4016, -6.9467 2.9683 0.4016, -6.8898 2.9447 0.4016, -6.8408 2.9072 0.4016, -6.8033 2.8583 0.4016, -6.7797 2.8013 0.4016, -6.7717 2.7402 0.4016, -6.7797 2.679 0.4016, -6.8033 2.622 0.4016, -6.8408 2.5731 0.4016, -6.8898 2.5356 0.4016, -6.9467 2.512 0.4016, -7.0079 2.5039 0.4016, -6.2598 -2.3386 0.3976, -6.2598 -2.3386 0.4016, -6.6142 -2.3386 0.3976, -6.6142 -2.3386 0.4016, -6.2598 -3.0472 0.4016, -6.2598 -3.0472 0.3976, -6.6142 -3.0472 0.4016, -6.6142 -3.0472 0.3976, -7.0079 -2.3386 0.3976, -7.0079 -2.3386 0.4016, -6.9162 -2.3507 0.4016, -6.9162 -2.3507 0.3976, -6.8307 -2.3861 0.4016, -6.8307 -2.3861 0.3976, -6.7573 -2.4424 0.4016, -6.7573 -2.4424 0.3976, -6.701 -2.5157 0.4016, -6.701 -2.5157 0.3976, -6.6656 -2.6012 0.4016, -6.6656 -2.6012 0.3976, -6.6535 -2.6929 0.4016, -6.6535 -2.6929 0.3976, -6.6656 -2.7846 0.4016, -6.6656 -2.7846 0.3976, -6.701 -2.8701 0.4016, -6.701 -2.8701 0.3976, -6.7573 -2.9435 0.4016, -6.7573 -2.9435 0.3976, -6.8307 -2.9998 0.4016, -6.8307 -2.9998 0.3976, -6.9162 -3.0352 0.4016, -6.9162 -3.0352 0.3976, -7.0079 -3.0472 0.4016, -7.0079 -3.0472 0.3976, -6.2598 -0.5276 0.3976, -6.2598 -0.5276 0.4016, -6.6142 -0.5276 0.3976, -6.6142 -0.5276 0.4016, -6.2598 -1.2362 0.4016, -6.2598 -1.2362 0.3976, -6.6142 -1.2362 0.4016, -6.6142 -1.2362 0.3976, -7.0079 -0.5276 0.3976, -7.0079 -0.5276 0.4016, -6.9162 -0.5396 0.4016, -6.9162 -0.5396 0.3976, -6.8307 -0.575 0.4016, -6.8307 -0.575 0.3976, -6.7573 -0.6313 0.4016, -6.7573 -0.6313 0.3976, -6.701 -0.7047 0.4016, -6.701 -0.7047 0.3976, -6.6656 -0.7902 0.4016, -6.6656 -0.7902 0.3976, -6.6535 -0.8819 0.4016, -6.6535 -0.8819 0.3976, -6.6656 -0.9736 0.4016, -6.6656 -0.9736 0.3976, -6.701 -1.0591 0.4016, -6.701 -1.0591 0.3976, -6.7573 -1.1324 0.4016, -6.7573 -1.1324 0.3976, -6.8307 -1.1887 0.4016, -6.8307 -1.1887 0.3976, -6.9162 -1.2241 0.4016, -6.9162 -1.2241 0.3976, -7.0079 -1.2362 0.4016, -7.0079 -1.2362 0.3976, -6.2598 1.2835 0.3976, -6.2598 1.2835 0.4016, -6.6142 1.2835 0.3976, -6.6142 1.2835 0.4016, -6.2598 0.5748 0.4016, -6.2598 0.5748 0.3976, -6.6142 0.5748 0.4016, -6.6142 0.5748 0.3976, -7.0079 1.2835 0.3976, -7.0079 1.2835 0.4016, -6.9162 1.2714 0.4016, -6.9162 1.2714 0.3976, -6.8307 1.236 0.4016, -6.8307 1.236 0.3976, -6.7573 1.1797 0.4016, -6.7573 1.1797 0.3976, -6.701 1.1063 0.4016, -6.701 1.1063 0.3976, -6.6656 1.0208 0.4016, -6.6656 1.0208 0.3976, -6.6535 0.9291 0.4016, -6.6535 0.9291 0.3976, -6.6656 0.8374 0.4016, -6.6656 0.8374 0.3976, -6.701 0.752 0.4016, -6.701 0.752 0.3976, -6.7573 0.6786 0.4016, -6.7573 0.6786 0.3976, -6.8307 0.6223 0.4016, -6.8307 0.6223 0.3976, -6.9162 0.5869 0.4016, -6.9162 0.5869 0.3976, -7.0079 0.5748 0.4016, -7.0079 0.5748 0.3976, -6.2598 3.0945 0.3976, -6.2598 3.0945 0.4016, -6.6142 3.0945 0.3976, -6.6142 3.0945 0.4016, -6.2598 2.3858 0.4016, -6.2598 2.3858 0.3976, -6.6142 2.3858 0.4016, -6.6142 2.3858 0.3976, -7.0079 3.0945 0.3976, -7.0079 3.0945 0.4016, -6.9162 3.0824 0.4016, -6.9162 3.0824 0.3976, -6.8307 3.047 0.4016, -6.8307 3.047 0.3976, -6.7573 2.9907 0.4016, -6.7573 2.9907 0.3976, -6.701 2.9173 0.4016, -6.701 2.9173 0.3976, -6.6656 2.8319 0.4016, -6.6656 2.8319 0.3976, -6.6535 2.7402 0.4016, -6.6535 2.7402 0.3976, -6.6656 2.6484 0.4016, -6.6656 2.6484 0.3976, -6.701 2.563 0.4016, -6.701 2.563 0.3976, -6.7573 2.4896 0.4016, -6.7573 2.4896 0.3976, -6.8307 2.4333 0.4016, -6.8307 2.4333 0.3976, -6.9162 2.3979 0.4016, -6.9162 2.3979 0.3976, -7.0079 2.3858 0.4016, -7.0079 2.3858 0.3976
            ]
        }
        coordIndex [
            0,1,2,-1,2,1,3,-1,2,3,4,-1,4,3,5,-1,4,5,6,-1,6,5,7,-1,6,7,8,-1,8,7,9,-1,8,9,10,-1,10,9,11,-1,10,11,12,-1,12,11,13,-1,12,13,14,-1,14,13,15,-1,14,15,16,-1,16,15,17,-1,16,17,18,-1,18,17,19,-1,18,19,20,-1,20,19,21,-1,20,21,22,-1,22,21,23,-1,22,23,24,-1,24,23,25,-1,26,27,28,-1,28,27,29,-1,30,26,31,-1,31,26,28,-1,27,32,29,-1,29,32,33,-1,26,34,35,-1,34,26,36,-1,36,26,30,-1,36,30,37,-1,35,38,26,-1,26,38,39,-1,26,39,27,-1,27,39,40,-1,27,40,41,-1,27,42,32,-1,32,42,43,-1,32,43,44,-1,41,45,27,-1,27,45,46,-1,27,46,42,-1,47,48,49,-1,49,48,50,-1,49,50,51,-1,51,50,52,-1,51,52,53,-1,53,52,54,-1,53,54,55,-1,55,54,56,-1,55,56,57,-1,57,56,58,-1,57,58,59,-1,59,58,60,-1,59,60,61,-1,61,60,62,-1,61,62,63,-1,63,62,64,-1,63,64,65,-1,65,64,66,-1,65,66,67,-1,67,66,68,-1,67,68,69,-1,69,68,70,-1,69,70,71,-1,71,70,72,-1,73,74,75,-1,75,74,76,-1,77,73,78,-1,78,73,75,-1,74,79,76,-1,76,79,80,-1,73,81,82,-1,73,83,74,-1,74,83,84,-1,74,84,85,-1,85,86,74,-1,74,86,87,-1,74,87,79,-1,79,87,88,-1,79,88,89,-1,81,73,90,-1,90,73,77,-1,90,77,91,-1,82,92,73,-1,73,92,93,-1,73,93,83,-1,94,95,96,-1,96,95,97,-1,96,97,98,-1,98,97,99,-1,98,99,100,-1,100,99,101,-1,100,101,102,-1,102,101,103,-1,102,103,104,-1,104,103,105,-1,104,105,106,-1,106,105,107,-1,106,107,108,-1,108,107,109,-1,108,109,110,-1,110,109,111,-1,110,111,112,-1,112,111,113,-1,112,113,114,-1,114,113,115,-1,114,115,116,-1,116,115,117,-1,116,117,118,-1,118,117,119,-1,120,121,122,-1,122,121,123,-1,124,120,125,-1,125,120,122,-1,121,126,123,-1,123,126,127,-1,124,128,129,-1,120,130,121,-1,121,130,131,-1,121,131,132,-1,133,134,120,-1,120,134,135,-1,120,135,130,-1,132,136,121,-1,121,136,137,-1,121,137,126,-1,126,137,138,-1,126,138,139,-1,124,129,120,-1,120,129,140,-1,120,140,133,-1,118,139,116,-1,116,139,138,-1,116,138,114,-1,114,138,137,-1,114,137,112,-1,112,137,136,-1,112,136,110,-1,110,136,132,-1,110,132,108,-1,108,132,131,-1,108,131,106,-1,106,131,130,-1,106,130,104,-1,104,130,135,-1,104,135,102,-1,102,135,134,-1,102,134,100,-1,100,134,133,-1,100,133,98,-1,98,133,140,-1,98,140,96,-1,96,140,129,-1,96,129,94,-1,94,129,128,-1,71,89,69,-1,69,89,88,-1,69,88,67,-1,67,88,87,-1,67,87,65,-1,65,87,86,-1,65,86,63,-1,63,86,85,-1,63,85,61,-1,61,85,84,-1,61,84,59,-1,59,84,83,-1,59,83,57,-1,57,83,93,-1,57,93,55,-1,55,93,92,-1,55,92,53,-1,53,92,82,-1,53,82,51,-1,51,82,81,-1,51,81,49,-1,49,81,90,-1,49,90,47,-1,47,90,91,-1,24,44,22,-1,22,44,43,-1,22,43,20,-1,20,43,42,-1,20,42,18,-1,18,42,46,-1,18,46,16,-1,16,46,45,-1,16,45,14,-1,14,45,41,-1,14,41,12,-1,12,41,40,-1,12,40,10,-1,10,40,39,-1,10,39,8,-1,8,39,38,-1,8,38,6,-1,6,38,35,-1,6,35,4,-1,4,35,34,-1,4,34,2,-1,2,34,36,-1,2,36,0,-1,0,36,37,-1,141,142,143,-1,143,142,144,-1,145,146,147,-1,147,146,148,-1,147,148,141,-1,141,148,142,-1,149,119,117,-1,149,117,150,-1,150,117,115,-1,150,115,151,-1,151,115,113,-1,151,113,152,-1,152,113,111,-1,152,111,153,-1,153,111,109,-1,153,109,154,-1,154,109,107,-1,154,107,155,-1,155,107,105,-1,155,105,156,-1,156,105,103,-1,156,103,157,-1,157,103,101,-1,157,101,158,-1,158,101,99,-1,158,99,159,-1,159,99,97,-1,159,97,160,-1,160,97,95,-1,160,95,161,-1,143,145,141,-1,141,145,147,-1,162,163,164,-1,164,163,165,-1,166,167,168,-1,168,167,169,-1,168,169,162,-1,162,169,163,-1,170,72,70,-1,170,70,171,-1,171,70,68,-1,171,68,172,-1,172,68,66,-1,172,66,173,-1,173,66,64,-1,173,64,174,-1,174,64,62,-1,174,62,175,-1,175,62,60,-1,175,60,176,-1,176,60,58,-1,176,58,177,-1,177,58,56,-1,177,56,178,-1,178,56,54,-1,178,54,179,-1,179,54,52,-1,179,52,180,-1,180,52,50,-1,180,50,181,-1,181,50,48,-1,181,48,182,-1,164,166,162,-1,162,166,168,-1,183,184,185,-1,185,184,186,-1,187,188,189,-1,189,188,190,-1,189,190,183,-1,183,190,184,-1,191,25,23,-1,191,23,192,-1,192,23,21,-1,192,21,193,-1,193,21,19,-1,193,19,194,-1,194,19,17,-1,194,17,195,-1,195,17,15,-1,195,15,196,-1,196,15,13,-1,196,13,197,-1,197,13,11,-1,197,11,198,-1,198,11,9,-1,198,9,199,-1,199,9,7,-1,199,7,200,-1,200,7,5,-1,200,5,201,-1,201,5,3,-1,201,3,202,-1,202,3,1,-1,202,1,203,-1,185,187,183,-1,183,187,189,-1,204,205,206,-1,206,205,207,-1,208,206,209,-1,209,206,207,-1,210,211,212,-1,213,214,205,-1,205,214,215,-1,205,215,216,-1,217,218,207,-1,207,218,219,-1,210,212,205,-1,205,212,220,-1,205,220,213,-1,221,222,223,-1,223,222,224,-1,223,224,225,-1,205,224,226,-1,219,227,207,-1,207,227,228,-1,207,228,209,-1,209,228,229,-1,209,229,230,-1,226,231,205,-1,205,231,232,-1,205,232,207,-1,207,232,233,-1,207,233,217,-1,216,234,205,-1,205,234,235,-1,205,235,224,-1,224,235,236,-1,224,236,225,-1,210,205,237,-1,237,205,204,-1,238,239,240,-1,240,239,241,-1,242,240,243,-1,243,240,241,-1,244,245,246,-1,247,239,248,-1,248,239,249,-1,250,251,241,-1,241,251,252,-1,244,246,239,-1,239,246,253,-1,239,253,249,-1,254,241,255,-1,255,241,256,-1,252,257,241,-1,241,257,258,-1,241,258,243,-1,243,258,259,-1,243,259,260,-1,247,261,239,-1,239,261,262,-1,239,262,241,-1,241,262,263,-1,241,263,256,-1,264,265,254,-1,254,265,266,-1,254,266,267,-1,267,268,254,-1,254,268,269,-1,254,269,241,-1,241,269,270,-1,241,270,250,-1,244,239,271,-1,271,239,238,-1,272,264,273,-1,273,264,254,-1,273,254,274,-1,274,254,255,-1,274,255,275,-1,275,255,256,-1,275,256,276,-1,276,256,263,-1,276,263,277,-1,277,263,262,-1,277,262,278,-1,278,262,261,-1,278,261,279,-1,279,261,247,-1,279,247,280,-1,280,247,248,-1,280,248,281,-1,281,248,249,-1,281,249,282,-1,282,249,253,-1,282,253,283,-1,283,253,246,-1,283,246,284,-1,284,246,245,-1,285,260,286,-1,286,260,259,-1,286,259,287,-1,287,259,258,-1,287,258,288,-1,288,258,257,-1,288,257,289,-1,289,257,252,-1,289,252,290,-1,290,252,251,-1,290,251,291,-1,291,251,250,-1,291,250,292,-1,292,250,270,-1,292,270,293,-1,293,270,269,-1,293,269,294,-1,294,269,268,-1,294,268,295,-1,295,268,267,-1,295,267,296,-1,296,267,266,-1,296,266,297,-1,297,266,265,-1,298,221,299,-1,299,221,223,-1,299,223,300,-1,300,223,225,-1,300,225,301,-1,301,225,236,-1,301,236,302,-1,302,236,235,-1,302,235,303,-1,303,235,234,-1,303,234,304,-1,304,234,216,-1,304,216,305,-1,305,216,215,-1,305,215,306,-1,306,215,214,-1,306,214,307,-1,307,214,213,-1,307,213,308,-1,308,213,220,-1,308,220,309,-1,309,220,212,-1,309,212,310,-1,310,212,211,-1,311,230,312,-1,312,230,229,-1,312,229,313,-1,313,229,228,-1,313,228,314,-1,314,228,227,-1,314,227,315,-1,315,227,219,-1,315,219,316,-1,316,219,218,-1,316,218,317,-1,317,218,217,-1,317,217,318,-1,318,217,233,-1,318,233,319,-1,319,233,232,-1,319,232,320,-1,320,232,231,-1,320,231,321,-1,321,231,226,-1,321,226,322,-1,322,226,224,-1,322,224,323,-1,323,224,222,-1,324,325,326,-1,326,325,327,-1,328,329,330,-1,330,329,331,-1,328,330,325,-1,325,330,327,-1,332,333,334,-1,332,334,335,-1,335,334,336,-1,335,336,337,-1,337,336,338,-1,337,338,339,-1,339,338,340,-1,339,340,341,-1,341,340,342,-1,341,342,343,-1,343,342,344,-1,343,344,345,-1,345,344,346,-1,345,346,347,-1,347,346,348,-1,347,348,349,-1,349,348,350,-1,349,350,351,-1,351,350,352,-1,351,352,353,-1,353,352,354,-1,353,354,355,-1,355,354,356,-1,355,356,357,-1,324,329,325,-1,325,329,328,-1,358,359,360,-1,360,359,361,-1,362,363,364,-1,364,363,365,-1,362,364,359,-1,359,364,361,-1,366,367,368,-1,366,368,369,-1,369,368,370,-1,369,370,371,-1,371,370,372,-1,371,372,373,-1,373,372,374,-1,373,374,375,-1,375,374,376,-1,375,376,377,-1,377,376,378,-1,377,378,379,-1,379,378,380,-1,379,380,381,-1,381,380,382,-1,381,382,383,-1,383,382,384,-1,383,384,385,-1,385,384,386,-1,385,386,387,-1,387,386,388,-1,387,388,389,-1,389,388,390,-1,389,390,391,-1,358,363,359,-1,359,363,362,-1,392,393,394,-1,394,393,395,-1,396,397,398,-1,398,397,399,-1,396,398,393,-1,393,398,395,-1,400,401,402,-1,400,402,403,-1,403,402,404,-1,403,404,405,-1,405,404,406,-1,405,406,407,-1,407,406,408,-1,407,408,409,-1,409,408,410,-1,409,410,411,-1,411,410,412,-1,411,412,413,-1,413,412,414,-1,413,414,415,-1,415,414,416,-1,415,416,417,-1,417,416,418,-1,417,418,419,-1,419,418,420,-1,419,420,421,-1,421,420,422,-1,421,422,423,-1,423,422,424,-1,423,424,425,-1,392,397,393,-1,393,397,396,-1,426,427,428,-1,428,427,429,-1,430,431,432,-1,432,431,433,-1,430,432,427,-1,427,432,429,-1,434,435,436,-1,434,436,437,-1,437,436,438,-1,437,438,439,-1,439,438,440,-1,439,440,441,-1,441,440,442,-1,441,442,443,-1,443,442,444,-1,443,444,445,-1,445,444,446,-1,445,446,447,-1,447,446,448,-1,447,448,449,-1,449,448,450,-1,449,450,451,-1,451,450,452,-1,451,452,453,-1,453,452,454,-1,453,454,455,-1,455,454,456,-1,455,456,457,-1,457,456,458,-1,457,458,459,-1,426,431,427,-1,427,431,430,-1,
        ]
    }
}
Shape{
    appearance Appearance {
        material  Material 	{
            diffuseColor 0.0 0.0 0.0
            specularColor 0.0 0.0 0.0
            ambientIntensity 0.0
            transparency 0.0
            shininess 0.5
        }
    }
    geometry IndexedFaceSet {
        ccw TRUE
        solid FALSE
        coord DEF co Coordinate {
            point [
                -5.1172 -2.7538 1.2598, -5.1172 -2.7538 1.2638, -5.1239 -2.7029 1.2598, -5.1239 -2.7029 1.2638, -5.1435 -2.6554 1.2598, -5.1435 -2.6554 1.2638, -5.1748 -2.6146 1.2598, -5.1748 -2.6146 1.2638, -5.2156 -2.5833 1.2598, -5.2156 -2.5833 1.2638, -5.2631 -2.5637 1.2598, -5.2631 -2.5637 1.2638, -5.314 -2.5569 1.2598, -5.314 -2.5569 1.2638, -5.365 -2.5637 1.2598, -5.365 -2.5637 1.2638, -5.4124 -2.5833 1.2598, -5.4124 -2.5833 1.2638, -5.4532 -2.6146 1.2598, -5.4532 -2.6146 1.2638, -5.4845 -2.6554 1.2598, -5.4845 -2.6554 1.2638, -5.5042 -2.7029 1.2598, -5.5042 -2.7029 1.2638, -5.5109 -2.7538 1.2598, -5.5109 -2.7538 1.2638, -5.5042 -2.8047 1.2598, -5.5042 -2.8047 1.2638, -5.4845 -2.8522 1.2598, -5.4845 -2.8522 1.2638, -5.4532 -2.893 1.2598, -5.4532 -2.893 1.2638, -5.4124 -2.9243 1.2598, -5.4124 -2.9243 1.2638, -5.365 -2.9439 1.2598, -5.365 -2.9439 1.2638, -5.314 -2.9506 1.2598, -5.314 -2.9506 1.2638, -5.2631 -2.9439 1.2598, -5.2631 -2.9439 1.2638, -5.2156 -2.9243 1.2598, -5.2156 -2.9243 1.2638, -5.1748 -2.893 1.2598, -5.1748 -2.893 1.2638, -5.1435 -2.8522 1.2598, -5.1435 -2.8522 1.2638, -5.1239 -2.8047 1.2598, -5.1239 -2.8047 1.2638, -5.314 -2.7538 1.2598, 5.1748 -2.6012 1.2677, 5.1748 -2.6164 1.2677, 5.1748 -2.6012 1.2638, 5.1748 -2.6164 1.2638, 5.1217 -2.6012 1.2677, 5.1217 -2.6012 1.2638, 5.1217 -2.483 1.2677, 5.1217 -2.483 1.2638, 5.1044 -2.483 1.2677, 5.1044 -2.483 1.2638, 5.1044 -2.6164 1.2677, 5.1044 -2.6164 1.2638, 5.2802 -2.6109 1.2638, 5.2802 -2.6109 1.2677, 5.2655 -2.6163 1.2677, 5.2432 -2.6187 1.2677, 5.2432 -2.6187 1.2638, 5.2538 -2.6175 1.2638, 5.2655 -2.6163 1.2638, 5.2802 -2.5944 1.2677, 5.2802 -2.5944 1.2638, 5.2665 -2.6004 1.2638, 5.2665 -2.6004 1.2677, 5.2513 -2.6031 1.2638, 5.2513 -2.6031 1.2677, 5.2457 -2.6033 1.2638, 5.2457 -2.6033 1.2677, 5.2333 -2.6019 1.2638, 5.2333 -2.6019 1.2677, 5.2236 -2.5984 1.2638, 5.2236 -2.5984 1.2677, 5.2147 -2.5924 1.2638, 5.2147 -2.5924 1.2677, 5.2114 -2.5893 1.2638, 5.2114 -2.5893 1.2677, 5.2047 -2.5797 1.2638, 5.2047 -2.5797 1.2677, 5.2005 -2.5688 1.2638, 5.2005 -2.5688 1.2677, 5.1984 -2.5524 1.2638, 5.1984 -2.5524 1.2677, 5.1983 -2.5512 1.2638, 5.1983 -2.5512 1.2677, 5.2002 -2.5343 1.2638, 5.2002 -2.5343 1.2677, 5.2044 -2.5224 1.2638, 5.2044 -2.5224 1.2677, 5.2107 -2.513 1.2638, 5.2107 -2.513 1.2677, 5.2124 -2.5111 1.2638, 5.2124 -2.5111 1.2677, 5.2209 -2.5039 1.2638, 5.2209 -2.5039 1.2677, 5.2313 -2.4989 1.2638, 5.2313 -2.4989 1.2677, 5.2428 -2.4965 1.2638, 5.2428 -2.4965 1.2677, 5.2487 -2.4963 1.2638, 5.2487 -2.4963 1.2677, 5.2645 -2.4981 1.2638, 5.2645 -2.4981 1.2677, 5.2781 -2.5031 1.2638, 5.2781 -2.5031 1.2677, 5.2802 -2.5042 1.2638, 5.2802 -2.5042 1.2677, 5.2802 -2.4862 1.2677, 5.2802 -2.4862 1.2638, 5.267 -2.4823 1.2638, 5.267 -2.4823 1.2677, 5.2498 -2.4807 1.2638, 5.2498 -2.4807 1.2677, 5.2486 -2.4807 1.2638, 5.2486 -2.4807 1.2677, 5.2293 -2.483 1.2638, 5.2293 -2.483 1.2677, 5.2154 -2.4884 1.2638, 5.2154 -2.4884 1.2677, 5.2025 -2.4975 1.2638, 5.2025 -2.4975 1.2677, 5.1995 -2.5004 1.2638, 5.1995 -2.5004 1.2677, 5.1903 -2.5123 1.2638, 5.1862 -2.5214 1.2638, 5.1838 -2.527 1.2677, 5.1903 -2.5123 1.2677, 5.1838 -2.527 1.2638, 5.1806 -2.5442 1.2638, 5.1806 -2.5442 1.2677, 5.1803 -2.5522 1.2638, 5.1803 -2.5522 1.2677, 5.1826 -2.5728 1.2638, 5.1862 -2.5826 1.2638, 5.1879 -2.587 1.2677, 5.1826 -2.5728 1.2677, 5.1879 -2.587 1.2638, 5.1957 -2.5985 1.2638, 5.1957 -2.5985 1.2677, 5.1974 -2.6004 1.2638, 5.1974 -2.6004 1.2677, 5.22 -2.6151 1.2638, 5.2075 -2.609 1.2677, 5.2075 -2.609 1.2638, 5.2313 -2.6175 1.2638, 5.2343 -2.6182 1.2677, 5.22 -2.6151 1.2677, 5.2343 -2.6182 1.2638, 5.3787 -2.6012 1.2677, 5.3787 -2.6164 1.2677, 5.3787 -2.6012 1.2638, 5.3787 -2.6164 1.2638, 5.3241 -2.6012 1.2638, 5.3241 -2.6012 1.2677, 5.3602 -2.6012 1.2638, 5.3241 -2.5563 1.2677, 5.3241 -2.5563 1.2638, 5.3718 -2.5563 1.2677, 5.3602 -2.5563 1.2638, 5.3718 -2.5563 1.2638, 5.3718 -2.541 1.2677, 5.3718 -2.541 1.2638, 5.3241 -2.541 1.2638, 5.3241 -2.541 1.2677, 5.3602 -2.541 1.2638, 5.3241 -2.4983 1.2677, 5.3241 -2.4983 1.2638, 5.3756 -2.4983 1.2638, 5.3756 -2.4983 1.2677, 5.3602 -2.4983 1.2638, 5.3756 -2.483 1.2677, 5.3756 -2.483 1.2638, 5.3069 -2.483 1.2638, 5.3069 -2.483 1.2677, 5.3602 -2.483 1.2638, 5.3069 -2.6164 1.2677, 5.3069 -2.6164 1.2638, 5.3602 -2.6164 1.2638, 5.4405 -2.6012 1.2677, 5.4406 -2.6164 1.2677, 5.4574 -2.5994 1.2677, 5.4616 -2.6141 1.2677, 5.4688 -2.5953 1.2677, 5.4771 -2.6084 1.2677, 5.4777 -2.5895 1.2677, 5.4902 -2.5997 1.2677, 5.4802 -2.5873 1.2677, 5.4924 -2.5977 1.2677, 5.4871 -2.5785 1.2677, 5.5019 -2.5866 1.2677, 5.4916 -2.5685 1.2677, 5.5086 -2.5729 1.2677, 5.4941 -2.556 1.2677, 5.512 -2.5575 1.2677, 5.4944 -2.5485 1.2677, 5.5125 -2.548 1.2677, 5.4928 -2.5332 1.2677, 5.5102 -2.5292 1.2677, 5.4892 -2.5231 1.2677, 5.5052 -2.5166 1.2677, 5.4842 -2.5154 1.2677, 5.4969 -2.505 1.2677, 5.4798 -2.5109 1.2677, 5.4924 -2.5006 1.2677, 5.4695 -2.5041 1.2677, 5.4777 -2.4907 1.2677, 5.4578 -2.5001 1.2677, 5.4614 -2.485 1.2677, 5.4413 -2.4983 1.2677, 5.4419 -2.483 1.2677, 5.4211 -2.4983 1.2677, 5.4039 -2.483 1.2677, 5.4211 -2.6012 1.2677, 5.4039 -2.6164 1.2677, 5.4406 -2.6164 1.2638, 5.4039 -2.6164 1.2638, 5.4616 -2.6141 1.2638, 5.465 -2.6128 1.2638, 5.4771 -2.6084 1.2638, 5.4902 -2.5997 1.2638, 5.4924 -2.5977 1.2638, 5.5019 -2.5866 1.2638, 5.5086 -2.5729 1.2638, 5.512 -2.5575 1.2638, 5.5125 -2.548 1.2638, 5.5102 -2.5292 1.2638, 5.5052 -2.5166 1.2638, 5.4969 -2.505 1.2638, 5.4924 -2.5006 1.2638, 5.4777 -2.4907 1.2638, 5.465 -2.4863 1.2638, 5.4614 -2.485 1.2638, 5.4419 -2.483 1.2638, 5.4039 -2.483 1.2638, 5.4413 -2.4983 1.2638, 5.4211 -2.4983 1.2638, 5.4211 -2.6012 1.2638, 5.4405 -2.6012 1.2638, 5.4802 -2.5873 1.2638, 5.4777 -2.5895 1.2638, 5.4688 -2.5953 1.2638, 5.4574 -2.5994 1.2638, 5.4944 -2.5485 1.2638, 5.4941 -2.556 1.2638, 5.4916 -2.5685 1.2638, 5.4871 -2.5785 1.2638, 5.4798 -2.5109 1.2638, 5.4842 -2.5154 1.2638, 5.4892 -2.5231 1.2638, 5.4928 -2.5332 1.2638, 5.4578 -2.5001 1.2638, 5.4695 -2.5041 1.2638
            ]
        }
        coordIndex [
            0,1,2,-1,2,1,3,-1,2,3,4,-1,4,3,5,-1,4,5,6,-1,6,5,7,-1,6,7,8,-1,8,7,9,-1,8,9,10,-1,10,9,11,-1,10,11,12,-1,12,11,13,-1,12,13,14,-1,14,13,15,-1,14,15,16,-1,16,15,17,-1,16,17,18,-1,18,17,19,-1,18,19,20,-1,20,19,21,-1,20,21,22,-1,22,21,23,-1,22,23,24,-1,24,23,25,-1,24,25,26,-1,26,25,27,-1,26,27,28,-1,28,27,29,-1,28,29,30,-1,30,29,31,-1,30,31,32,-1,32,31,33,-1,32,33,34,-1,34,33,35,-1,34,35,36,-1,36,35,37,-1,36,37,38,-1,38,37,39,-1,38,39,40,-1,40,39,41,-1,40,41,42,-1,42,41,43,-1,42,43,44,-1,44,43,45,-1,44,45,46,-1,46,45,47,-1,46,47,0,-1,0,47,1,-1,44,46,48,-1,48,46,0,-1,48,0,2,-1,38,40,48,-1,48,40,42,-1,48,42,44,-1,32,34,48,-1,48,34,36,-1,48,36,38,-1,26,28,48,-1,48,28,30,-1,48,30,32,-1,20,22,48,-1,48,22,24,-1,48,24,26,-1,14,16,48,-1,48,16,18,-1,48,18,20,-1,8,10,48,-1,48,10,12,-1,48,12,14,-1,2,4,48,-1,48,4,6,-1,48,6,8,-1,49,50,51,-1,51,50,52,-1,53,49,54,-1,54,49,51,-1,55,53,56,-1,56,53,54,-1,57,55,58,-1,58,55,56,-1,59,57,60,-1,60,57,58,-1,50,59,52,-1,52,59,60,-1,55,57,53,-1,53,57,59,-1,53,59,49,-1,49,59,50,-1,61,62,63,-1,64,65,66,-1,64,66,63,-1,63,66,67,-1,63,67,61,-1,68,62,69,-1,69,62,61,-1,68,69,70,-1,68,70,71,-1,71,70,72,-1,71,72,73,-1,73,72,74,-1,73,74,75,-1,75,74,76,-1,75,76,77,-1,77,76,78,-1,77,78,79,-1,79,78,80,-1,79,80,81,-1,81,80,82,-1,81,82,83,-1,83,82,84,-1,83,84,85,-1,85,84,86,-1,85,86,87,-1,87,86,88,-1,87,88,89,-1,89,88,90,-1,89,90,91,-1,91,90,92,-1,91,92,93,-1,93,92,94,-1,93,94,95,-1,95,94,96,-1,95,96,97,-1,97,96,98,-1,97,98,99,-1,99,98,100,-1,99,100,101,-1,101,100,102,-1,101,102,103,-1,103,102,104,-1,103,104,105,-1,105,104,106,-1,105,106,107,-1,107,106,108,-1,107,108,109,-1,109,108,110,-1,109,110,111,-1,111,110,112,-1,111,112,113,-1,114,113,115,-1,115,113,112,-1,114,115,116,-1,114,116,117,-1,117,116,118,-1,117,118,119,-1,119,118,120,-1,119,120,121,-1,121,120,122,-1,121,122,123,-1,123,122,124,-1,123,124,125,-1,125,124,126,-1,125,126,127,-1,127,126,128,-1,127,128,129,-1,129,128,130,-1,131,132,130,-1,130,132,133,-1,130,133,129,-1,131,134,132,-1,132,134,135,-1,132,135,136,-1,136,135,137,-1,136,137,138,-1,138,137,139,-1,140,141,139,-1,139,141,142,-1,139,142,138,-1,140,143,141,-1,141,143,144,-1,141,144,145,-1,145,144,146,-1,145,146,147,-1,148,149,150,-1,150,149,147,-1,150,147,146,-1,151,152,148,-1,148,152,153,-1,148,153,149,-1,151,154,152,-1,152,154,65,-1,152,65,64,-1,111,113,114,-1,85,87,142,-1,93,95,133,-1,142,87,138,-1,133,95,129,-1,111,114,109,-1,109,114,117,-1,109,117,107,-1,107,117,119,-1,107,119,105,-1,105,119,121,-1,105,121,103,-1,103,121,123,-1,103,123,101,-1,62,68,63,-1,63,68,71,-1,63,71,64,-1,123,125,101,-1,101,125,127,-1,101,127,99,-1,99,127,129,-1,99,129,97,-1,97,129,95,-1,142,141,85,-1,85,141,145,-1,85,145,83,-1,83,145,147,-1,83,147,81,-1,81,147,149,-1,81,149,79,-1,79,149,153,-1,79,153,77,-1,77,153,152,-1,77,152,75,-1,75,152,64,-1,75,64,73,-1,73,64,71,-1,87,89,138,-1,138,89,91,-1,138,91,136,-1,136,91,93,-1,136,93,132,-1,132,93,133,-1,155,156,157,-1,157,156,158,-1,159,160,161,-1,161,160,155,-1,161,155,157,-1,162,160,163,-1,163,160,159,-1,162,163,164,-1,164,163,165,-1,164,165,166,-1,167,164,168,-1,168,164,166,-1,169,170,171,-1,171,170,167,-1,171,167,168,-1,172,170,173,-1,173,170,169,-1,174,175,176,-1,176,175,172,-1,176,172,173,-1,177,175,178,-1,178,175,174,-1,179,180,181,-1,181,180,177,-1,181,177,178,-1,182,180,183,-1,183,180,179,-1,158,156,184,-1,184,156,182,-1,184,182,183,-1,182,156,155,-1,155,160,182,-1,182,160,162,-1,182,162,180,-1,175,177,172,-1,172,177,180,-1,172,180,170,-1,170,180,162,-1,170,162,167,-1,167,162,164,-1,185,186,187,-1,187,186,188,-1,187,188,189,-1,189,188,190,-1,189,190,191,-1,191,190,192,-1,191,192,193,-1,193,192,194,-1,193,194,195,-1,195,194,196,-1,195,196,197,-1,197,196,198,-1,197,198,199,-1,199,198,200,-1,199,200,201,-1,201,200,202,-1,201,202,203,-1,203,202,204,-1,203,204,205,-1,205,204,206,-1,205,206,207,-1,207,206,208,-1,207,208,209,-1,209,208,210,-1,209,210,211,-1,211,210,212,-1,211,212,213,-1,213,212,214,-1,213,214,215,-1,215,214,216,-1,215,216,217,-1,217,216,218,-1,217,218,219,-1,219,218,220,-1,219,220,185,-1,185,220,186,-1,186,220,221,-1,221,220,222,-1,186,221,223,-1,186,223,188,-1,188,223,224,-1,188,224,190,-1,224,225,190,-1,190,225,226,-1,190,226,192,-1,192,226,227,-1,192,227,194,-1,194,227,228,-1,194,228,196,-1,196,228,229,-1,196,229,198,-1,198,229,230,-1,198,230,200,-1,200,230,231,-1,200,231,202,-1,202,231,232,-1,202,232,204,-1,204,232,233,-1,204,233,206,-1,206,233,234,-1,206,234,208,-1,208,234,235,-1,208,235,210,-1,210,235,236,-1,237,214,236,-1,236,214,212,-1,236,212,210,-1,237,238,214,-1,214,238,239,-1,214,239,216,-1,218,216,240,-1,240,216,239,-1,220,218,222,-1,222,218,240,-1,215,217,241,-1,241,217,242,-1,217,219,242,-1,242,219,243,-1,219,185,243,-1,243,185,244,-1,193,245,246,-1,193,246,191,-1,191,246,247,-1,191,247,189,-1,189,247,248,-1,189,248,187,-1,187,248,244,-1,187,244,185,-1,201,249,250,-1,201,250,199,-1,199,250,251,-1,199,251,197,-1,197,251,252,-1,197,252,195,-1,195,252,245,-1,195,245,193,-1,209,253,254,-1,209,254,207,-1,207,254,255,-1,207,255,205,-1,205,255,256,-1,205,256,203,-1,203,256,249,-1,203,249,201,-1,215,241,257,-1,215,257,213,-1,213,257,258,-1,213,258,211,-1,211,258,253,-1,211,253,209,-1,
        ]
    }
}
Shape{
    appearance Appearance {
        material  Material 	{
            diffuseColor 0.6666666666666666 0.6980392156862745 0.7686274509803922
            specularColor 0.3333333333333333 0.34901960784313724 0.3843137254901961
            ambientIntensity 0.6967
            transparency 0.0
            shininess 0.5
        }
    }
    geometry IndexedFaceSet {
        ccw TRUE
        solid FALSE
        coord DEF co Coordinate {
            point [
                5.4211 -2.4983 1.2638, 5.4211 -2.6012 1.2638, 5.4413 -2.4983 1.2638, 5.4405 -2.6012 1.2638, 5.4574 -2.5994 1.2638, 5.4688 -2.5953 1.2638, 5.4777 -2.5895 1.2638, 5.4802 -2.5873 1.2638, 5.4871 -2.5785 1.2638, 5.4916 -2.5685 1.2638, 5.4941 -2.556 1.2638, 5.4944 -2.5485 1.2638, 5.4928 -2.5332 1.2638, 5.4892 -2.5231 1.2638, 5.4842 -2.5154 1.2638, 5.4798 -2.5109 1.2638, 5.4578 -2.5001 1.2638, 5.4695 -2.5041 1.2638
            ]
        }
        coordIndex [
            0,1,2,-1,2,1,3,-1,2,3,4,-1,4,5,2,-1,2,5,6,-1,2,6,7,-1,7,8,2,-1,2,8,9,-1,2,9,10,-1,10,11,2,-1,2,11,12,-1,2,12,13,-1,13,14,2,-1,2,14,15,-1,2,15,16,-1,16,15,17,-1,
        ]
    }
}
Shape{
    appearance Appearance {
        material  Material 	{
            diffuseColor 0.0 0.0 0.0
            specularColor 0.0 0.0 0.0
            ambientIntensity 0.0
            transparency 0.0
            shininess 0.5
        }
    }
    geometry IndexedFaceSet {
        ccw TRUE
        solid FALSE
        coord DEF co Coordinate {
            point [
                5.5572 -2.5648 1.2677, 5.5518 -2.5799 1.2677, 5.602 -2.5648 1.2677, 5.6074 -2.5799 1.2677, 5.5772 -2.5094 1.2677, 5.5708 -2.483 1.2677, 5.5199 -2.6164 1.2677, 5.539 -2.6164 1.2677, 5.5784 -2.5054 1.2677, 5.5794 -2.5 1.2677, 5.5892 -2.483 1.2677, 5.5798 -2.5 1.2677, 5.5809 -2.5057 1.2677, 5.5819 -2.5094 1.2677, 5.64 -2.6164 1.2677, 5.621 -2.6164 1.2677, 5.5892 -2.483 1.2638, 5.64 -2.6164 1.2638, 5.5708 -2.483 1.2638, 5.5199 -2.6164 1.2638, 5.5584 -2.5154 1.2638, 5.539 -2.6164 1.2638, 5.5518 -2.5799 1.2638, 5.6074 -2.5799 1.2638, 5.5584 -2.5799 1.2638, 5.621 -2.6164 1.2638, 5.5572 -2.5648 1.2638, 5.602 -2.5648 1.2638, 5.5819 -2.5094 1.2638, 5.5798 -2.5 1.2638, 5.5809 -2.5057 1.2638, 5.5794 -2.5 1.2638, 5.5772 -2.5094 1.2638, 5.5784 -2.5054 1.2638
            ]
        }
        coordIndex [
            0,1,2,-1,2,1,3,-1,4,5,0,-1,0,5,6,-1,0,6,1,-1,1,6,7,-1,4,8,5,-1,5,8,9,-1,5,9,10,-1,10,9,11,-1,10,11,12,-1,12,13,10,-1,10,13,2,-1,10,2,14,-1,14,2,3,-1,14,3,15,-1,10,14,16,-1,16,14,17,-1,5,10,18,-1,18,10,16,-1,19,6,20,-1,20,6,5,-1,20,5,18,-1,7,6,21,-1,21,6,19,-1,1,7,22,-1,22,7,21,-1,23,3,24,-1,24,3,1,-1,24,1,22,-1,15,3,25,-1,25,3,23,-1,14,15,17,-1,17,15,25,-1,0,2,26,-1,26,2,27,-1,2,13,27,-1,27,13,28,-1,11,29,30,-1,11,30,12,-1,12,30,28,-1,12,28,13,-1,11,9,29,-1,29,9,31,-1,4,32,33,-1,4,33,8,-1,8,33,31,-1,8,31,9,-1,4,0,32,-1,32,0,26,-1,
        ]
    }
}
Shape{
    appearance Appearance {
        material  Material 	{
            diffuseColor 0.6666666666666666 0.6980392156862745 0.7686274509803922
            specularColor 0.3333333333333333 0.34901960784313724 0.3843137254901961
            ambientIntensity 0.6967
            transparency 0.0
            shininess 0.5
        }
    }
    geometry IndexedFaceSet {
        ccw TRUE
        solid FALSE
        coord DEF co Coordinate {
            point [
                5.5798 -2.5 1.2638, 5.5794 -2.5 1.2638, 5.5809 -2.5057 1.2638, 5.5784 -2.5054 1.2638, 5.5819 -2.5094 1.2638, 5.5772 -2.5094 1.2638, 5.602 -2.5648 1.2638, 5.5572 -2.5648 1.2638
            ]
        }
        coordIndex [
            0,1,2,-1,2,1,3,-1,2,3,4,-1,4,3,5,-1,4,5,6,-1,6,5,7,-1,
        ]
    }
}
Shape{
    appearance Appearance {
        material  Material 	{
            diffuseColor 0.0 0.0 0.0
            specularColor 0.0 0.0 0.0
            ambientIntensity 0.0
            transparency 0.0
            shininess 0.5
        }
    }
    geometry IndexedFaceSet {
        ccw TRUE
        solid FALSE
        coord DEF co Coordinate {
            point [
                5.1762 -2.8129 1.2677, 5.1762 -2.8281 1.2677, 5.1762 -2.8129 1.2638, 5.1762 -2.8281 1.2638, 5.1217 -2.8129 1.2677, 5.1217 -2.8129 1.2638, 5.1217 -2.768 1.2677, 5.1217 -2.768 1.2638, 5.1694 -2.768 1.2677, 5.1694 -2.768 1.2638, 5.1694 -2.7527 1.2677, 5.1694 -2.7527 1.2638, 5.1217 -2.7527 1.2677, 5.1217 -2.7527 1.2638, 5.1217 -2.71 1.2677, 5.1217 -2.71 1.2638, 5.1732 -2.71 1.2677, 5.1732 -2.71 1.2638, 5.1732 -2.6947 1.2677, 5.1732 -2.6947 1.2638, 5.1044 -2.6947 1.2677, 5.1044 -2.6947 1.2638, 5.1044 -2.8281 1.2677, 5.1044 -2.8281 1.2638, 5.2521 -2.8281 1.2677, 5.2688 -2.8281 1.2677, 5.2521 -2.8134 1.2677, 5.2688 -2.7668 1.2677, 5.2521 -2.7675 1.2677, 5.2159 -2.7874 1.2677, 5.2199 -2.7856 1.2677, 5.2516 -2.8134 1.2677, 5.2428 -2.8109 1.2677, 5.249 -2.8173 1.2677, 5.2381 -2.8141 1.2677, 5.2298 -2.7833 1.2677, 5.2521 -2.7803 1.2677, 5.2521 -2.7894 1.2677, 5.2521 -2.7905 1.2677, 5.251 -2.798 1.2677, 5.2485 -2.804 1.2677, 5.2449 -2.8089 1.2677, 5.2515 -2.7601 1.2677, 5.2675 -2.7543 1.2677, 5.2498 -2.7542 1.2677, 5.2649 -2.7466 1.2677, 5.2478 -2.7507 1.2677, 5.2615 -2.7412 1.2677, 5.2453 -2.7481 1.2677, 5.2571 -2.7369 1.2677, 5.2423 -2.7461 1.2677, 5.2515 -2.7337 1.2677, 5.2384 -2.7448 1.2677, 5.2445 -2.7315 1.2677, 5.2328 -2.7442 1.2677, 5.2343 -2.7306 1.2677, 5.2227 -2.7453 1.2677, 5.2186 -2.7324 1.2677, 5.2122 -2.7489 1.2677, 5.206 -2.737 1.2677, 5.2015 -2.7557 1.2677, 5.2015 -2.7395 1.2677, 5.2126 -2.8109 1.2677, 5.2004 -2.8229 1.2677, 5.214 -2.8124 1.2677, 5.206 -2.8268 1.2677, 5.2173 -2.8146 1.2677, 5.2124 -2.8292 1.2677, 5.2211 -2.816 1.2677, 5.2224 -2.8304 1.2677, 5.2268 -2.8167 1.2677, 5.231 -2.8294 1.2677, 5.233 -2.816 1.2677, 5.2378 -2.827 1.2677, 5.2437 -2.823 1.2677, 5.2093 -2.7986 1.2677, 5.1923 -2.8003 1.2677, 5.2092 -2.8012 1.2677, 5.1922 -2.8026 1.2677, 5.2096 -2.8051 1.2677, 5.193 -2.8102 1.2677, 5.2107 -2.8081 1.2677, 5.1951 -2.8158 1.2677, 5.1985 -2.821 1.2677, 5.2238 -2.7715 1.2677, 5.2115 -2.7745 1.2677, 5.2136 -2.7892 1.2677, 5.2043 -2.7781 1.2677, 5.2116 -2.7916 1.2677, 5.1991 -2.7825 1.2677, 5.2101 -2.7947 1.2677, 5.1957 -2.7873 1.2677, 5.1934 -2.7932 1.2677, 5.2343 -2.7306 1.2638, 5.2186 -2.7324 1.2638, 5.206 -2.737 1.2638, 5.2015 -2.7395 1.2638, 5.2015 -2.7557 1.2638, 5.2122 -2.7489 1.2638, 5.2227 -2.7453 1.2638, 5.2328 -2.7442 1.2638, 5.2384 -2.7448 1.2638, 5.2423 -2.7461 1.2638, 5.2453 -2.7481 1.2638, 5.2478 -2.7507 1.2638, 5.2498 -2.7542 1.2638, 5.2515 -2.7601 1.2638, 5.2521 -2.7675 1.2638, 5.2238 -2.7715 1.2638, 5.2115 -2.7745 1.2638, 5.2043 -2.7781 1.2638, 5.1991 -2.7825 1.2638, 5.1957 -2.7873 1.2638, 5.1934 -2.7932 1.2638, 5.1923 -2.8003 1.2638, 5.1922 -2.8026 1.2638, 5.193 -2.8102 1.2638, 5.1951 -2.8158 1.2638, 5.1985 -2.821 1.2638, 5.2004 -2.8229 1.2638, 5.2224 -2.8304 1.2638, 5.2127 -2.8292 1.2638, 5.2124 -2.8292 1.2638, 5.206 -2.8268 1.2638, 5.231 -2.8294 1.2638, 5.2315 -2.8292 1.2638, 5.2378 -2.827 1.2638, 5.2437 -2.823 1.2638, 5.249 -2.8173 1.2638, 5.2516 -2.8134 1.2638, 5.2521 -2.8134 1.2638, 5.2521 -2.8281 1.2638, 5.2688 -2.8281 1.2638, 5.2688 -2.7668 1.2638, 5.2675 -2.7543 1.2638, 5.2649 -2.7466 1.2638, 5.2615 -2.7412 1.2638, 5.2571 -2.7369 1.2638, 5.2515 -2.7337 1.2638, 5.2445 -2.7315 1.2638, 5.2136 -2.7892 1.2638, 5.2159 -2.7874 1.2638, 5.2199 -2.7856 1.2638, 5.2298 -2.7833 1.2638, 5.2092 -2.8012 1.2638, 5.2093 -2.7986 1.2638, 5.2101 -2.7947 1.2638, 5.2116 -2.7916 1.2638, 5.214 -2.8124 1.2638, 5.2126 -2.8109 1.2638, 5.2107 -2.8081 1.2638, 5.2096 -2.8051 1.2638, 5.2268 -2.8167 1.2638, 5.2211 -2.816 1.2638, 5.2173 -2.8146 1.2638, 5.2449 -2.8089 1.2638, 5.2428 -2.8109 1.2638, 5.2381 -2.8141 1.2638, 5.233 -2.816 1.2638, 5.2521 -2.7894 1.2638, 5.2521 -2.7905 1.2638, 5.251 -2.798 1.2638, 5.2485 -2.804 1.2638, 5.2521 -2.7803 1.2638
            ]
        }
        coordIndex [
            0,1,2,-1,2,1,3,-1,4,0,5,-1,5,0,2,-1,6,4,7,-1,7,4,5,-1,8,6,9,-1,9,6,7,-1,10,8,11,-1,11,8,9,-1,12,10,13,-1,13,10,11,-1,14,12,15,-1,15,12,13,-1,16,14,17,-1,17,14,15,-1,18,16,19,-1,19,16,17,-1,20,18,21,-1,21,18,19,-1,22,20,23,-1,23,20,21,-1,1,22,3,-1,3,22,23,-1,22,1,0,-1,0,4,22,-1,22,4,6,-1,22,6,20,-1,16,18,14,-1,14,18,20,-1,14,20,12,-1,12,20,6,-1,12,6,10,-1,10,6,8,-1,24,25,26,-1,26,25,27,-1,28,29,30,-1,31,32,33,-1,33,32,34,-1,35,36,27,-1,27,36,37,-1,37,38,27,-1,27,38,39,-1,27,39,26,-1,26,39,40,-1,26,40,31,-1,31,40,41,-1,31,41,32,-1,30,35,28,-1,28,35,27,-1,28,27,42,-1,42,27,43,-1,42,43,44,-1,44,43,45,-1,44,45,46,-1,46,45,47,-1,46,47,48,-1,48,47,49,-1,48,49,50,-1,50,49,51,-1,50,51,52,-1,52,51,53,-1,52,53,54,-1,54,53,55,-1,54,55,56,-1,56,55,57,-1,56,57,58,-1,58,57,59,-1,58,59,60,-1,60,59,61,-1,62,63,64,-1,64,63,65,-1,64,65,66,-1,66,65,67,-1,66,67,68,-1,68,67,69,-1,68,69,70,-1,70,69,71,-1,70,71,72,-1,72,71,73,-1,72,73,34,-1,34,73,74,-1,34,74,33,-1,75,76,77,-1,77,76,78,-1,77,78,79,-1,79,78,80,-1,79,80,81,-1,81,80,82,-1,81,82,62,-1,62,82,83,-1,62,83,63,-1,28,84,29,-1,29,84,85,-1,29,85,86,-1,86,85,87,-1,86,87,88,-1,88,87,89,-1,88,89,90,-1,90,89,91,-1,90,91,75,-1,75,91,92,-1,75,92,76,-1,55,93,94,-1,55,94,57,-1,57,94,95,-1,57,95,59,-1,59,95,96,-1,59,96,61,-1,60,61,97,-1,97,61,96,-1,60,97,98,-1,60,98,58,-1,58,98,99,-1,58,99,56,-1,56,99,100,-1,56,100,54,-1,54,100,101,-1,54,101,52,-1,52,101,102,-1,52,102,50,-1,50,102,103,-1,50,103,48,-1,48,103,104,-1,48,104,46,-1,46,104,105,-1,46,105,44,-1,44,105,106,-1,44,106,42,-1,42,106,107,-1,42,107,28,-1,84,28,108,-1,108,28,107,-1,84,108,109,-1,84,109,85,-1,85,109,110,-1,85,110,87,-1,87,110,111,-1,87,111,89,-1,89,111,112,-1,89,112,91,-1,91,112,113,-1,91,113,92,-1,92,113,114,-1,92,114,76,-1,76,114,115,-1,76,115,78,-1,78,115,116,-1,78,116,80,-1,80,116,117,-1,80,117,82,-1,82,117,118,-1,82,118,83,-1,83,118,119,-1,83,119,63,-1,120,69,121,-1,121,69,67,-1,121,67,122,-1,122,67,65,-1,122,65,123,-1,123,65,63,-1,123,63,119,-1,69,120,124,-1,69,124,71,-1,71,124,125,-1,71,125,73,-1,125,126,73,-1,73,126,127,-1,73,127,74,-1,74,127,128,-1,74,128,33,-1,33,128,129,-1,33,129,31,-1,26,31,130,-1,130,31,129,-1,24,26,131,-1,131,26,130,-1,25,24,132,-1,132,24,131,-1,27,25,133,-1,133,25,132,-1,27,133,134,-1,27,134,43,-1,43,134,135,-1,43,135,45,-1,45,135,136,-1,45,136,47,-1,47,136,137,-1,47,137,49,-1,49,137,138,-1,49,138,51,-1,51,138,139,-1,51,139,53,-1,53,139,93,-1,53,93,55,-1,86,140,141,-1,86,141,29,-1,29,141,142,-1,29,142,30,-1,30,142,143,-1,30,143,35,-1,77,144,145,-1,77,145,75,-1,75,145,146,-1,75,146,90,-1,90,146,147,-1,90,147,88,-1,88,147,140,-1,88,140,86,-1,64,148,149,-1,64,149,62,-1,62,149,150,-1,62,150,81,-1,81,150,151,-1,81,151,79,-1,79,151,144,-1,79,144,77,-1,70,152,153,-1,70,153,68,-1,68,153,154,-1,68,154,66,-1,66,154,148,-1,66,148,64,-1,41,155,156,-1,41,156,32,-1,32,156,157,-1,32,157,34,-1,34,157,158,-1,34,158,72,-1,72,158,152,-1,72,152,70,-1,37,159,160,-1,37,160,38,-1,38,160,161,-1,38,161,39,-1,39,161,162,-1,39,162,40,-1,40,162,155,-1,40,155,41,-1,37,36,159,-1,159,36,163,-1,36,35,163,-1,163,35,143,-1,
        ]
    }
}
Shape{
    appearance Appearance {
        material  Material 	{
            diffuseColor 0.6666666666666666 0.6980392156862745 0.7686274509803922
            specularColor 0.3333333333333333 0.34901960784313724 0.3843137254901961
            ambientIntensity 0.6967
            transparency 0.0
            shininess 0.5
        }
    }
    geometry IndexedFaceSet {
        ccw TRUE
        solid FALSE
        coord DEF co Coordinate {
            point [
                5.2521 -2.7803 1.2638, 5.2298 -2.7833 1.2638, 5.2521 -2.7894 1.2638, 5.2199 -2.7856 1.2638, 5.2159 -2.7874 1.2638, 5.2136 -2.7892 1.2638, 5.2521 -2.7905 1.2638, 5.251 -2.798 1.2638, 5.2116 -2.7916 1.2638, 5.2485 -2.804 1.2638, 5.2126 -2.8109 1.2638, 5.214 -2.8124 1.2638, 5.2428 -2.8109 1.2638, 5.2107 -2.8081 1.2638, 5.2381 -2.8141 1.2638, 5.233 -2.816 1.2638, 5.2268 -2.8167 1.2638, 5.2101 -2.7947 1.2638, 5.2093 -2.7986 1.2638, 5.2449 -2.8089 1.2638, 5.2092 -2.8012 1.2638, 5.2096 -2.8051 1.2638, 5.2173 -2.8146 1.2638, 5.2211 -2.816 1.2638
            ]
        }
        coordIndex [
            0,1,2,-1,2,1,3,-1,3,4,2,-1,2,4,5,-1,2,5,6,-1,6,5,7,-1,7,5,8,-1,7,8,9,-1,10,11,12,-1,10,12,13,-1,14,12,15,-1,15,12,16,-1,8,17,9,-1,9,17,18,-1,9,18,19,-1,19,18,20,-1,19,20,12,-1,12,20,21,-1,12,21,13,-1,11,22,12,-1,12,22,23,-1,12,23,16,-1,
        ]
    }
}
Shape{
    appearance Appearance {
        material  Material 	{
            diffuseColor 0.0 0.0 0.0
            specularColor 0.0 0.0 0.0
            ambientIntensity 0.0
            transparency 0.0
            shininess 0.5
        }
    }
    geometry IndexedFaceSet {
        ccw TRUE
        solid FALSE
        coord DEF co Coordinate {
            point [
                5.2914 -2.8075 1.2638, 5.2914 -2.8075 1.2677, 5.298 -2.8115 1.2677, 5.3189 -2.8167 1.2677, 5.3189 -2.8167 1.2638, 5.3085 -2.8155 1.2638, 5.3085 -2.8155 1.2677, 5.2992 -2.812 1.2638, 5.298 -2.8115 1.2638, 5.2914 -2.8248 1.2677, 5.2914 -2.8248 1.2638, 5.3034 -2.8289 1.2677, 5.2992 -2.8275 1.2638, 5.3173 -2.8304 1.2638, 5.3173 -2.8304 1.2677, 5.3063 -2.8292 1.2638, 5.3034 -2.8289 1.2638, 5.331 -2.8289 1.2677, 5.328 -2.8292 1.2638, 5.331 -2.8289 1.2638, 5.3401 -2.8257 1.2638, 5.3401 -2.8257 1.2677, 5.3451 -2.8228 1.2638, 5.3451 -2.8228 1.2677, 5.3498 -2.8186 1.2638, 5.3498 -2.8186 1.2677, 5.353 -2.8142 1.2638, 5.353 -2.8142 1.2677, 5.355 -2.8089 1.2638, 5.355 -2.8089 1.2677, 5.3558 -2.8022 1.2638, 5.3558 -2.8022 1.2677, 5.3551 -2.796 1.2638, 5.3551 -2.796 1.2677, 5.3533 -2.791 1.2638, 5.3533 -2.791 1.2677, 5.3502 -2.7864 1.2638, 5.3502 -2.7864 1.2677, 5.3462 -2.7829 1.2638, 5.3462 -2.7829 1.2677, 5.3351 -2.7767 1.2638, 5.3351 -2.7767 1.2677, 5.3287 -2.7741 1.2638, 5.3287 -2.7741 1.2677, 5.3183 -2.7696 1.2638, 5.3183 -2.7696 1.2677, 5.3124 -2.7659 1.2638, 5.3124 -2.7659 1.2677, 5.3108 -2.7641 1.2638, 5.3108 -2.7641 1.2677, 5.3096 -2.7618 1.2638, 5.3096 -2.7618 1.2677, 5.3089 -2.7592 1.2638, 5.3089 -2.7592 1.2677, 5.3088 -2.757 1.2638, 5.3088 -2.757 1.2677, 5.3091 -2.7544 1.2638, 5.3091 -2.7544 1.2677, 5.3099 -2.7521 1.2638, 5.3099 -2.7521 1.2677, 5.3113 -2.75 1.2638, 5.3113 -2.75 1.2677, 5.3139 -2.7477 1.2638, 5.3139 -2.7477 1.2677, 5.3176 -2.7457 1.2638, 5.3176 -2.7457 1.2677, 5.3221 -2.7446 1.2638, 5.3221 -2.7446 1.2677, 5.327 -2.7442 1.2638, 5.327 -2.7442 1.2677, 5.338 -2.7454 1.2638, 5.338 -2.7454 1.2677, 5.3474 -2.7489 1.2638, 5.3474 -2.7489 1.2677, 5.3512 -2.7511 1.2638, 5.3512 -2.7511 1.2677, 5.3512 -2.7348 1.2677, 5.3512 -2.7348 1.2638, 5.3379 -2.7312 1.2638, 5.3379 -2.7312 1.2677, 5.3287 -2.7306 1.2638, 5.3287 -2.7306 1.2677, 5.3164 -2.732 1.2638, 5.3164 -2.732 1.2677, 5.3072 -2.7352 1.2638, 5.3072 -2.7352 1.2677, 5.3023 -2.7382 1.2638, 5.3023 -2.7382 1.2677, 5.2973 -2.7426 1.2677, 5.2992 -2.741 1.2638, 5.2973 -2.7426 1.2638, 5.2942 -2.7472 1.2638, 5.2942 -2.7472 1.2677, 5.2922 -2.7525 1.2638, 5.2922 -2.7525 1.2677, 5.2915 -2.7585 1.2638, 5.2915 -2.7585 1.2677, 5.2923 -2.765 1.2638, 5.2923 -2.765 1.2677, 5.2941 -2.7701 1.2638, 5.2941 -2.7701 1.2677, 5.2963 -2.7736 1.2638, 5.2963 -2.7736 1.2677, 5.3169 -2.7862 1.2638, 5.3169 -2.7862 1.2677, 5.3069 -2.7817 1.2677, 5.299 -2.7765 1.2638, 5.299 -2.7765 1.2677, 5.2992 -2.7766 1.2638, 5.3069 -2.7817 1.2638, 5.3278 -2.7908 1.2638, 5.3278 -2.7908 1.2677, 5.3344 -2.7947 1.2638, 5.3344 -2.7947 1.2677, 5.3364 -2.7969 1.2638, 5.3364 -2.7969 1.2677, 5.3377 -2.7991 1.2638, 5.3377 -2.7991 1.2677, 5.3385 -2.8017 1.2638, 5.3385 -2.8017 1.2677, 5.3387 -2.8038 1.2638, 5.3387 -2.8038 1.2677, 5.3383 -2.807 1.2638, 5.3383 -2.807 1.2677, 5.3375 -2.8094 1.2638, 5.3375 -2.8094 1.2677, 5.336 -2.8115 1.2638, 5.336 -2.8115 1.2677, 5.3341 -2.8133 1.2638, 5.3341 -2.8133 1.2677, 5.3326 -2.8142 1.2638, 5.3326 -2.8142 1.2677, 5.3282 -2.8158 1.2638, 5.3282 -2.8158 1.2677, 5.3197 -2.8167 1.2638, 5.3197 -2.8167 1.2677, 5.4387 -2.7328 1.2677, 5.456 -2.7328 1.2677, 5.4387 -2.7328 1.2638, 5.456 -2.7328 1.2638, 5.4126 -2.8046 1.2677, 5.4126 -2.8046 1.2638, 5.4114 -2.809 1.2638, 5.4114 -2.809 1.2677, 5.4106 -2.8123 1.2638, 5.4106 -2.8123 1.2677, 5.4102 -2.8123 1.2677, 5.4102 -2.8123 1.2638, 5.4081 -2.8044 1.2677, 5.4081 -2.8044 1.2638, 5.3832 -2.7328 1.2638, 5.3832 -2.7328 1.2677, 5.3913 -2.756 1.2638, 5.3645 -2.7328 1.2677, 5.3645 -2.7328 1.2638, 5.4019 -2.8279 1.2638, 5.4019 -2.8279 1.2677, 5.3913 -2.8009 1.2638, 5.3946 -2.8452 1.2638, 5.3946 -2.8452 1.2677, 5.4013 -2.8292 1.2638, 5.3913 -2.8512 1.2638, 5.3913 -2.8512 1.2677, 5.3913 -2.8513 1.2638, 5.3882 -2.8547 1.2677, 5.3882 -2.8547 1.2638, 5.3851 -2.8569 1.2638, 5.3851 -2.8569 1.2677, 5.3815 -2.8582 1.2638, 5.3815 -2.8582 1.2677, 5.3774 -2.8587 1.2638, 5.3774 -2.8587 1.2677, 5.3714 -2.8579 1.2638, 5.3714 -2.8579 1.2677, 5.368 -2.8568 1.2638, 5.368 -2.8568 1.2677, 5.368 -2.8716 1.2677, 5.368 -2.8716 1.2638, 5.375 -2.8729 1.2638, 5.375 -2.8729 1.2677, 5.3787 -2.873 1.2638, 5.3787 -2.873 1.2677, 5.3855 -2.8722 1.2638, 5.3855 -2.8722 1.2677, 5.3913 -2.87 1.2638, 5.3921 -2.8697 1.2677, 5.3921 -2.8697 1.2638, 5.3979 -2.8656 1.2638, 5.3979 -2.8656 1.2677, 5.3991 -2.8646 1.2638, 5.3991 -2.8646 1.2677, 5.4052 -2.8572 1.2638, 5.4052 -2.8572 1.2677, 5.4127 -2.8425 1.2638, 5.4127 -2.8425 1.2677, 5.418 -2.8292 1.2638, 5.5458 -2.8129 1.2677, 5.5458 -2.8281 1.2677, 5.5458 -2.8129 1.2638, 5.5458 -2.8281 1.2638, 5.4912 -2.8129 1.2638, 5.4912 -2.8129 1.2677, 5.5162 -2.8129 1.2638, 5.4912 -2.768 1.2677, 5.4912 -2.768 1.2638, 5.539 -2.768 1.2638, 5.539 -2.768 1.2677, 5.5162 -2.768 1.2638, 5.539 -2.7527 1.2677, 5.539 -2.7527 1.2638, 5.4912 -2.7527 1.2638, 5.4912 -2.7527 1.2677, 5.5162 -2.7527 1.2638, 5.4912 -2.71 1.2677, 5.4912 -2.71 1.2638, 5.5428 -2.71 1.2638, 5.5428 -2.71 1.2677, 5.5162 -2.71 1.2638, 5.5428 -2.6947 1.2677, 5.5428 -2.6947 1.2638, 5.474 -2.6947 1.2638, 5.474 -2.6947 1.2677, 5.5162 -2.6947 1.2638, 5.474 -2.8281 1.2677, 5.474 -2.8281 1.2638, 5.5162 -2.8281 1.2638, 5.6076 -2.8129 1.2677, 5.6077 -2.8281 1.2677, 5.6245 -2.8111 1.2677, 5.6287 -2.8258 1.2677, 5.636 -2.807 1.2677, 5.6443 -2.8201 1.2677, 5.6448 -2.8012 1.2677, 5.6573 -2.8114 1.2677, 5.6473 -2.799 1.2677, 5.6595 -2.8094 1.2677, 5.6542 -2.7902 1.2677, 5.669 -2.7983 1.2677, 5.6587 -2.7802 1.2677, 5.6757 -2.7846 1.2677, 5.6612 -2.7677 1.2677, 5.6791 -2.7692 1.2677, 5.6615 -2.7602 1.2677, 5.6796 -2.7597 1.2677, 5.6599 -2.7449 1.2677, 5.6773 -2.7409 1.2677, 5.6563 -2.7348 1.2677, 5.6723 -2.7283 1.2677, 5.6513 -2.7271 1.2677, 5.664 -2.7167 1.2677, 5.6469 -2.7226 1.2677, 5.6595 -2.7123 1.2677, 5.6366 -2.7158 1.2677, 5.6448 -2.7024 1.2677, 5.625 -2.7118 1.2677, 5.6286 -2.6967 1.2677, 5.6084 -2.71 1.2677, 5.6091 -2.6947 1.2677, 5.5882 -2.71 1.2677, 5.571 -2.6947 1.2677, 5.5882 -2.8129 1.2677, 5.571 -2.8281 1.2677, 5.6077 -2.8281 1.2638, 5.571 -2.8281 1.2638, 5.6287 -2.8258 1.2638, 5.6443 -2.8201 1.2638, 5.6573 -2.8114 1.2638, 5.6595 -2.8094 1.2638, 5.669 -2.7983 1.2638, 5.6757 -2.7846 1.2638, 5.6791 -2.7692 1.2638, 5.6796 -2.7597 1.2638, 5.6773 -2.7409 1.2638, 5.6723 -2.7283 1.2638, 5.664 -2.7167 1.2638, 5.6595 -2.7123 1.2638, 5.6448 -2.7024 1.2638, 5.6286 -2.6967 1.2638, 5.6091 -2.6947 1.2638, 5.571 -2.6947 1.2638, 5.6084 -2.71 1.2638, 5.5882 -2.71 1.2638, 5.5882 -2.8129 1.2638, 5.6076 -2.8129 1.2638, 5.6473 -2.799 1.2638, 5.6448 -2.8012 1.2638, 5.636 -2.807 1.2638, 5.6245 -2.8111 1.2638, 5.6615 -2.7602 1.2638, 5.6612 -2.7677 1.2638, 5.6587 -2.7802 1.2638, 5.6542 -2.7902 1.2638, 5.6469 -2.7226 1.2638, 5.6513 -2.7271 1.2638, 5.6563 -2.7348 1.2638, 5.6599 -2.7449 1.2638, 5.625 -2.7118 1.2638, 5.6366 -2.7158 1.2638
            ]
        }
        coordIndex [
            0,1,2,-1,3,4,5,-1,3,5,6,-1,6,5,7,-1,6,7,2,-1,2,7,8,-1,2,8,0,-1,9,1,10,-1,10,1,0,-1,9,10,11,-1,11,10,12,-1,13,14,15,-1,15,14,11,-1,15,11,16,-1,16,11,12,-1,14,13,17,-1,17,13,18,-1,18,19,17,-1,17,19,20,-1,17,20,21,-1,21,20,22,-1,21,22,23,-1,23,22,24,-1,23,24,25,-1,25,24,26,-1,25,26,27,-1,27,26,28,-1,27,28,29,-1,29,28,30,-1,29,30,31,-1,31,30,32,-1,31,32,33,-1,33,32,34,-1,33,34,35,-1,35,34,36,-1,35,36,37,-1,37,36,38,-1,37,38,39,-1,39,38,40,-1,39,40,41,-1,41,40,42,-1,41,42,43,-1,43,42,44,-1,43,44,45,-1,45,44,46,-1,45,46,47,-1,47,46,48,-1,47,48,49,-1,49,48,50,-1,49,50,51,-1,51,50,52,-1,51,52,53,-1,53,52,54,-1,53,54,55,-1,55,54,56,-1,55,56,57,-1,57,56,58,-1,57,58,59,-1,59,58,60,-1,59,60,61,-1,61,60,62,-1,61,62,63,-1,63,62,64,-1,63,64,65,-1,65,64,66,-1,65,66,67,-1,67,66,68,-1,67,68,69,-1,69,68,70,-1,69,70,71,-1,71,70,72,-1,71,72,73,-1,73,72,74,-1,73,74,75,-1,76,75,77,-1,77,75,74,-1,76,77,78,-1,76,78,79,-1,79,78,80,-1,79,80,81,-1,81,80,82,-1,81,82,83,-1,83,82,84,-1,83,84,85,-1,85,84,86,-1,85,86,87,-1,87,86,88,-1,88,86,89,-1,89,90,88,-1,88,90,91,-1,88,91,92,-1,92,91,93,-1,92,93,94,-1,94,93,95,-1,94,95,96,-1,96,95,97,-1,96,97,98,-1,98,97,99,-1,98,99,100,-1,100,99,101,-1,100,101,102,-1,103,104,105,-1,102,101,106,-1,102,106,107,-1,107,106,108,-1,107,108,105,-1,105,108,109,-1,105,109,103,-1,104,103,110,-1,104,110,111,-1,111,110,112,-1,111,112,113,-1,113,112,114,-1,113,114,115,-1,115,114,116,-1,115,116,117,-1,117,116,118,-1,117,118,119,-1,119,118,120,-1,119,120,121,-1,121,120,122,-1,121,122,123,-1,123,122,124,-1,123,124,125,-1,125,124,126,-1,125,126,127,-1,127,126,128,-1,127,128,129,-1,129,128,130,-1,129,130,131,-1,131,130,132,-1,131,132,133,-1,133,132,134,-1,133,134,135,-1,135,134,4,-1,135,4,3,-1,61,63,85,-1,85,63,83,-1,111,43,104,-1,104,43,45,-1,21,23,127,-1,127,23,25,-1,127,25,125,-1,125,25,27,-1,125,27,123,-1,123,27,29,-1,123,29,121,-1,121,29,31,-1,121,31,119,-1,119,31,33,-1,119,33,117,-1,117,33,35,-1,117,35,115,-1,115,35,37,-1,115,37,113,-1,113,37,39,-1,113,39,111,-1,111,39,41,-1,111,41,43,-1,14,3,11,-1,11,3,6,-1,11,6,9,-1,9,6,2,-1,9,2,1,-1,63,65,83,-1,83,65,67,-1,83,67,81,-1,81,67,69,-1,81,69,79,-1,79,69,71,-1,79,71,76,-1,76,71,73,-1,76,73,75,-1,127,129,21,-1,21,129,131,-1,21,131,17,-1,17,131,133,-1,17,133,14,-1,14,133,135,-1,14,135,3,-1,85,87,61,-1,61,87,88,-1,61,88,59,-1,59,88,92,-1,59,92,57,-1,57,92,94,-1,57,94,55,-1,55,94,96,-1,55,96,53,-1,53,96,98,-1,53,98,51,-1,51,98,100,-1,51,100,49,-1,49,100,102,-1,49,102,47,-1,47,102,107,-1,47,107,45,-1,45,107,105,-1,45,105,104,-1,136,137,138,-1,138,137,139,-1,140,136,141,-1,141,136,138,-1,140,141,142,-1,140,142,143,-1,143,142,144,-1,143,144,145,-1,146,145,147,-1,147,145,144,-1,148,146,149,-1,149,146,147,-1,150,151,152,-1,152,151,148,-1,152,148,149,-1,153,151,154,-1,154,151,150,-1,155,156,157,-1,157,156,153,-1,157,153,154,-1,158,159,160,-1,160,159,156,-1,160,156,155,-1,159,158,161,-1,159,161,162,-1,162,161,163,-1,162,163,164,-1,163,165,164,-1,164,165,166,-1,164,166,167,-1,167,166,168,-1,167,168,169,-1,169,168,170,-1,169,170,171,-1,171,170,172,-1,171,172,173,-1,173,172,174,-1,173,174,175,-1,176,175,177,-1,177,175,174,-1,176,177,178,-1,176,178,179,-1,179,178,180,-1,179,180,181,-1,181,180,182,-1,181,182,183,-1,183,182,184,-1,183,184,185,-1,184,186,185,-1,185,186,187,-1,185,187,188,-1,188,187,189,-1,188,189,190,-1,190,189,191,-1,190,191,192,-1,192,191,193,-1,192,193,194,-1,139,137,195,-1,195,137,194,-1,195,194,193,-1,143,145,194,-1,137,136,194,-1,194,136,140,-1,194,140,143,-1,151,153,148,-1,148,153,156,-1,148,156,146,-1,192,162,190,-1,190,162,164,-1,175,176,173,-1,173,176,179,-1,173,179,171,-1,171,179,181,-1,171,181,169,-1,169,181,183,-1,169,183,167,-1,167,183,185,-1,167,185,164,-1,164,185,188,-1,164,188,190,-1,145,146,194,-1,194,146,156,-1,194,156,192,-1,192,156,159,-1,192,159,162,-1,196,197,198,-1,198,197,199,-1,200,201,202,-1,202,201,196,-1,202,196,198,-1,203,201,204,-1,204,201,200,-1,205,206,207,-1,207,206,203,-1,207,203,204,-1,208,206,209,-1,209,206,205,-1,210,211,212,-1,212,211,208,-1,212,208,209,-1,213,211,214,-1,214,211,210,-1,215,216,217,-1,217,216,213,-1,217,213,214,-1,218,216,219,-1,219,216,215,-1,220,221,222,-1,222,221,218,-1,222,218,219,-1,223,221,224,-1,224,221,220,-1,199,197,225,-1,225,197,223,-1,225,223,224,-1,223,197,196,-1,196,201,223,-1,223,201,203,-1,223,203,221,-1,216,218,213,-1,213,218,221,-1,213,221,211,-1,211,221,203,-1,211,203,208,-1,208,203,206,-1,226,227,228,-1,228,227,229,-1,228,229,230,-1,230,229,231,-1,230,231,232,-1,232,231,233,-1,232,233,234,-1,234,233,235,-1,234,235,236,-1,236,235,237,-1,236,237,238,-1,238,237,239,-1,238,239,240,-1,240,239,241,-1,240,241,242,-1,242,241,243,-1,242,243,244,-1,244,243,245,-1,244,245,246,-1,246,245,247,-1,246,247,248,-1,248,247,249,-1,248,249,250,-1,250,249,251,-1,250,251,252,-1,252,251,253,-1,252,253,254,-1,254,253,255,-1,254,255,256,-1,256,255,257,-1,256,257,258,-1,258,257,259,-1,258,259,260,-1,260,259,261,-1,260,261,226,-1,226,261,227,-1,227,261,262,-1,262,261,263,-1,227,262,264,-1,227,264,229,-1,229,264,265,-1,229,265,231,-1,231,265,266,-1,231,266,233,-1,233,266,267,-1,233,267,235,-1,235,267,268,-1,235,268,237,-1,237,268,269,-1,237,269,239,-1,239,269,270,-1,239,270,241,-1,241,270,271,-1,241,271,243,-1,243,271,272,-1,243,272,245,-1,245,272,273,-1,245,273,247,-1,247,273,274,-1,247,274,249,-1,249,274,275,-1,249,275,251,-1,251,275,276,-1,251,276,253,-1,253,276,277,-1,253,277,255,-1,255,277,278,-1,255,278,257,-1,259,257,279,-1,279,257,278,-1,261,259,263,-1,263,259,279,-1,256,258,280,-1,280,258,281,-1,258,260,281,-1,281,260,282,-1,260,226,282,-1,282,226,283,-1,234,284,285,-1,234,285,232,-1,232,285,286,-1,232,286,230,-1,230,286,287,-1,230,287,228,-1,228,287,283,-1,228,283,226,-1,242,288,289,-1,242,289,240,-1,240,289,290,-1,240,290,238,-1,238,290,291,-1,238,291,236,-1,236,291,284,-1,236,284,234,-1,250,292,293,-1,250,293,248,-1,248,293,294,-1,248,294,246,-1,246,294,295,-1,246,295,244,-1,244,295,288,-1,244,288,242,-1,256,280,296,-1,256,296,254,-1,254,296,297,-1,254,297,252,-1,252,297,292,-1,252,292,250,-1,
        ]
    }
}
Shape{
    appearance Appearance {
        material  Material 	{
            diffuseColor 0.6666666666666666 0.6980392156862745 0.7686274509803922
            specularColor 0.3333333333333333 0.34901960784313724 0.3843137254901961
            ambientIntensity 0.6967
            transparency 0.0
            shininess 0.5
        }
    }
    geometry IndexedFaceSet {
        ccw TRUE
        solid FALSE
        coord DEF co Coordinate {
            point [
                5.5882 -2.71 1.2638, 5.5882 -2.8129 1.2638, 5.6084 -2.71 1.2638, 5.6076 -2.8129 1.2638, 5.6245 -2.8111 1.2638, 5.636 -2.807 1.2638, 5.6448 -2.8012 1.2638, 5.6473 -2.799 1.2638, 5.6542 -2.7902 1.2638, 5.6587 -2.7802 1.2638, 5.6612 -2.7677 1.2638, 5.6615 -2.7602 1.2638, 5.6599 -2.7449 1.2638, 5.6563 -2.7348 1.2638, 5.6513 -2.7271 1.2638, 5.6469 -2.7226 1.2638, 5.625 -2.7118 1.2638, 5.6366 -2.7158 1.2638
            ]
        }
        coordIndex [
            0,1,2,-1,2,1,3,-1,2,3,4,-1,4,5,2,-1,2,5,6,-1,2,6,7,-1,7,8,2,-1,2,8,9,-1,2,9,10,-1,10,11,2,-1,2,11,12,-1,2,12,13,-1,13,14,2,-1,2,14,15,-1,2,15,16,-1,16,15,17,-1,
        ]
    }
}
Shape{
    appearance Appearance {
        material  Material 	{
            diffuseColor 0.0 0.0 0.0
            specularColor 0.0 0.0 0.0
            ambientIntensity 0.0
            transparency 0.0
            shininess 0.5
        }
    }
    geometry IndexedFaceSet {
        ccw TRUE
        solid FALSE
        coord DEF co Coordinate {
            point [
                5.7244 -2.7765 1.2677, 5.7189 -2.7916 1.2677, 5.7692 -2.7765 1.2677, 5.7745 -2.7916 1.2677, 5.7443 -2.7211 1.2677, 5.7379 -2.6947 1.2677, 5.687 -2.8281 1.2677, 5.7061 -2.8281 1.2677, 5.7455 -2.7171 1.2677, 5.7465 -2.7117 1.2677, 5.7563 -2.6947 1.2677, 5.7469 -2.7117 1.2677, 5.748 -2.7174 1.2677, 5.749 -2.7211 1.2677, 5.8071 -2.8281 1.2677, 5.7881 -2.8281 1.2677, 5.7563 -2.6947 1.2638, 5.8071 -2.8281 1.2638, 5.7379 -2.6947 1.2638, 5.687 -2.8281 1.2638, 5.7061 -2.8281 1.2638, 5.7189 -2.7916 1.2638, 5.7745 -2.7916 1.2638, 5.7881 -2.8281 1.2638, 5.7244 -2.7765 1.2638, 5.7692 -2.7765 1.2638, 5.749 -2.7211 1.2638, 5.7469 -2.7117 1.2638, 5.748 -2.7174 1.2638, 5.7465 -2.7117 1.2638, 5.7443 -2.7211 1.2638, 5.7455 -2.7171 1.2638
            ]
        }
        coordIndex [
            0,1,2,-1,2,1,3,-1,4,5,0,-1,0,5,6,-1,0,6,1,-1,1,6,7,-1,4,8,5,-1,5,8,9,-1,5,9,10,-1,10,9,11,-1,10,11,12,-1,12,13,10,-1,10,13,2,-1,10,2,14,-1,14,2,3,-1,14,3,15,-1,10,14,16,-1,16,14,17,-1,5,10,18,-1,18,10,16,-1,6,5,19,-1,19,5,18,-1,7,6,20,-1,20,6,19,-1,1,7,21,-1,21,7,20,-1,3,1,22,-1,22,1,21,-1,15,3,23,-1,23,3,22,-1,14,15,17,-1,17,15,23,-1,0,2,24,-1,24,2,25,-1,2,13,25,-1,25,13,26,-1,11,27,28,-1,11,28,12,-1,12,28,26,-1,12,26,13,-1,11,9,27,-1,27,9,29,-1,4,30,31,-1,4,31,8,-1,8,31,29,-1,8,29,9,-1,4,0,30,-1,30,0,24,-1,
        ]
    }
}
Shape{
    appearance Appearance {
        material  Material 	{
            diffuseColor 0.6666666666666666 0.6980392156862745 0.7686274509803922
            specularColor 0.3333333333333333 0.34901960784313724 0.3843137254901961
            ambientIntensity 0.6967
            transparency 0.0
            shininess 0.5
        }
    }
    geometry IndexedFaceSet {
        ccw TRUE
        solid FALSE
        coord DEF co Coordinate {
            point [
                5.7469 -2.7117 1.2638, 5.7465 -2.7117 1.2638, 5.748 -2.7174 1.2638, 5.7455 -2.7171 1.2638, 5.749 -2.7211 1.2638, 5.7443 -2.7211 1.2638, 5.7692 -2.7765 1.2638, 5.7244 -2.7765 1.2638
            ]
        }
        coordIndex [
            0,1,2,-1,2,1,3,-1,2,3,4,-1,4,3,5,-1,4,5,6,-1,6,5,7,-1,
        ]
    }
}
Shape{
    appearance Appearance {
        material  Material 	{
            diffuseColor 0.0 0.0 0.0
            specularColor 0.0 0.0 0.0
            ambientIntensity 0.0
            transparency 0.0
            shininess 0.5
        }
    }
    geometry IndexedFaceSet {
        ccw TRUE
        solid FALSE
        coord DEF co Coordinate {
            point [
                4.4894 -2.5987 1.2677, 4.5105 -2.5873 1.2677, 4.506 -2.5286 1.2677, 4.5653 -2.5259 1.2677, 4.5947 -2.5952 1.2677, 4.6093 -2.5651 1.2677, 4.5459 -2.8773 1.2677, 4.5065 -2.7631 1.2677, 4.5276 -2.8629 1.2677, 4.514 -2.8452 1.2677, 4.5435 -2.524 1.2677, 4.6026 -2.7611 1.2677, 4.6115 -2.7643 1.2677, 4.6906 -2.7868 1.2677, 4.6191 -2.7694 1.2677, 4.6252 -2.7762 1.2677, 4.8234 -2.7166 1.2677, 4.794 -2.6663 1.2677, 4.6669 -2.7327 1.2677, 4.5947 -2.7603 1.2677, 4.5855 -2.7615 1.2677, 4.5753 -2.7027 1.2677, 4.5772 -2.7647 1.2677, 4.5542 -2.7102 1.2677, 4.5698 -2.77 1.2677, 4.5345 -2.7232 1.2677, 4.566 -2.774 1.2677, 4.5184 -2.7407 1.2677, 4.5611 -2.7818 1.2677, 4.5076 -2.7602 1.2677, 4.5583 -2.7907 1.2677, 4.5578 -2.8 1.2677, 4.632 -2.7076 1.2677, 4.6093 -2.7014 1.2677, 4.5957 -2.7005 1.2677, 4.6293 -2.784 1.2677, 4.6315 -2.7928 1.2677, 4.6906 -2.7963 1.2677, 4.6315 -2.8015 1.2677, 4.8547 -2.6227 1.2677, 4.8623 -2.6227 1.2677, 4.9012 -2.5714 1.2677, 4.8803 -2.6249 1.2677, 4.9057 -2.5729 1.2677, 4.8969 -2.6313 1.2677, 4.9339 -2.5869 1.2677, 4.9597 -2.6086 1.2677, 4.5848 -2.5033 1.2677, 4.6306 -2.5397 1.2677, 4.6071 -2.4842 1.2677, 4.6559 -2.5212 1.2677, 4.6302 -2.4698 1.2677, 4.4882 -2.7522 1.2677, 4.4934 -2.823 1.2677, 4.5056 -2.8267 1.2677, 4.5339 -2.5815 1.2677, 4.5445 -2.5809 1.2677, 4.5544 -2.5246 1.2677, 4.5642 -2.5831 1.2677, 4.5855 -2.5903 1.2677, 4.6519 -2.7188 1.2677, 4.9116 -2.6415 1.2677, 4.9227 -2.654 1.2677, 4.9791 -2.6356 1.2677, 4.9315 -2.6704 1.2677, 4.9907 -2.6646 1.2677, 4.9951 -2.6957 1.2677, 4.96 -2.7859 1.2677, 4.9153 -2.7488 1.2677, 4.9343 -2.8077 1.2677, 4.9011 -2.7601 1.2677, 4.9054 -2.8219 1.2677, 4.8843 -2.7677 1.2677, 4.8737 -2.8286 1.2677, 4.868 -2.7707 1.2677, 4.8177 -2.8286 1.2677, 4.8253 -2.7707 1.2677, 4.8124 -2.8277 1.2677, 4.4709 -2.5423 1.2677, 4.4407 -2.5635 1.2677, 4.472 -2.6147 1.2677, 4.4344 -2.5695 1.2677, 4.4594 -2.6339 1.2677, 4.4115 -2.5989 1.2677, 4.4518 -2.6553 1.2677, 4.9359 -2.6886 1.2677, 4.9363 -2.6967 1.2677, 4.9908 -2.7295 1.2677, 4.9341 -2.7149 1.2677, 4.9789 -2.7595 1.2677, 4.9276 -2.7319 1.2677, 4.9172 -2.7467 1.2677, 4.85 -2.4965 1.2677, 4.8125 -2.5398 1.2677, 4.8813 -2.5326 1.2677, 4.834 -2.5653 1.2677, 4.8487 -2.5958 1.2677, 4.576 -2.8292 1.2677, 4.5846 -2.8328 1.2677, 4.5675 -2.887 1.2677, 4.5931 -2.8342 1.2677, 4.5898 -2.891 1.2677, 4.5947 -2.8343 1.2677, 4.5957 -2.8912 1.2677, 4.6042 -2.833 1.2677, 4.6162 -2.8889 1.2677, 4.6125 -2.8298 1.2677, 4.6376 -2.8814 1.2677, 4.6197 -2.8246 1.2677, 4.6568 -2.8688 1.2677, 4.6248 -2.8188 1.2677, 4.6728 -2.8514 1.2677, 4.6292 -2.8106 1.2677, 4.6842 -2.8303 1.2677, 4.69 -2.8069 1.2677, 4.674 -2.4529 1.2677, 4.6868 -2.5086 1.2677, 4.7209 -2.4472 1.2677, 4.7219 -2.5041 1.2677, 4.76 -2.4513 1.2677, 4.7542 -2.5081 1.2677, 4.8077 -2.468 1.2677, 4.784 -2.5195 1.2677, 4.8106 -2.538 1.2677, 4.5688 -2.8236 1.2677, 4.5634 -2.8169 1.2677, 4.5596 -2.8089 1.2677, 4.8205 -2.7698 1.2677, 4.7977 -2.8186 1.2677, 4.7999 -2.8209 1.2677, 4.3964 -2.6331 1.2677, 4.3901 -2.6688 1.2677, 4.4496 -2.6758 1.2677, 4.3898 -2.6777 1.2677, 4.4509 -2.6919 1.2677, 4.3944 -2.715 1.2677, 4.4581 -2.7151 1.2677, 4.4081 -2.7504 1.2677, 4.4707 -2.7353 1.2677, 4.4297 -2.7811 1.2677, 4.4592 -2.8063 1.2677, 4.8234 -2.7704 1.2677, 4.8061 -2.8252 1.2677, 4.7902 -2.7992 1.2677, 4.7911 -2.8062 1.2677, 4.7936 -2.8127 1.2677, 4.8123 -2.7707 1.2677, 4.8057 -2.7733 1.2677, 4.7904 -2.7954 1.2677, 4.7999 -2.7774 1.2677, 4.796 -2.7817 1.2677, 4.7923 -2.7882 1.2677, 4.8196 -2.7697 1.2677, 4.9661 -2.6175 1.2638, 4.9791 -2.6356 1.2638, 4.9876 -2.6567 1.2638, 4.9907 -2.6646 1.2638, 4.9951 -2.6957 1.2638, 4.9597 -2.6086 1.2638, 4.9339 -2.5869 1.2638, 4.9057 -2.5729 1.2638, 4.9012 -2.5714 1.2638, 4.8813 -2.5326 1.2638, 4.85 -2.4965 1.2638, 4.8077 -2.468 1.2638, 4.76 -2.4513 1.2638, 4.7209 -2.4472 1.2638, 4.674 -2.4529 1.2638, 4.6302 -2.4698 1.2638, 4.6071 -2.4842 1.2638, 4.5848 -2.5033 1.2638, 4.5653 -2.5259 1.2638, 4.5544 -2.5246 1.2638, 4.5435 -2.524 1.2638, 4.506 -2.5286 1.2638, 4.4709 -2.5423 1.2638, 4.4407 -2.5635 1.2638, 4.4344 -2.5695 1.2638, 4.3898 -2.6777 1.2638, 4.4115 -2.5989 1.2638, 4.4033 -2.6175 1.2638, 4.3964 -2.6331 1.2638, 4.3922 -2.6567 1.2638, 4.3901 -2.6688 1.2638, 4.3944 -2.715 1.2638, 4.4081 -2.7504 1.2638, 4.4297 -2.7811 1.2638, 4.4592 -2.8063 1.2638, 4.4934 -2.823 1.2638, 4.5056 -2.8267 1.2638, 4.5067 -2.8292 1.2638, 4.514 -2.8452 1.2638, 4.5276 -2.8629 1.2638, 4.5459 -2.8773 1.2638, 4.5565 -2.8821 1.2638, 4.5675 -2.887 1.2638, 4.5898 -2.891 1.2638, 4.5957 -2.8912 1.2638, 4.6906 -2.7963 1.2638, 4.6162 -2.8889 1.2638, 4.6356 -2.8821 1.2638, 4.6376 -2.8814 1.2638, 4.6568 -2.8688 1.2638, 4.6728 -2.8514 1.2638, 4.6842 -2.8303 1.2638, 4.6845 -2.8292 1.2638, 4.69 -2.8069 1.2638, 4.6906 -2.7868 1.2638, 4.8234 -2.7166 1.2638, 4.794 -2.6663 1.2638, 4.6669 -2.7327 1.2638, 4.6519 -2.7188 1.2638, 4.632 -2.7076 1.2638, 4.6093 -2.7014 1.2638, 4.5957 -2.7005 1.2638, 4.5753 -2.7027 1.2638, 4.5542 -2.7102 1.2638, 4.5345 -2.7232 1.2638, 4.5184 -2.7407 1.2638, 4.5076 -2.7602 1.2638, 4.5065 -2.7631 1.2638, 4.4882 -2.7522 1.2638, 4.4707 -2.7353 1.2638, 4.4581 -2.7151 1.2638, 4.4509 -2.6919 1.2638, 4.4496 -2.6758 1.2638, 4.4517 -2.6567 1.2638, 4.4518 -2.6553 1.2638, 4.4594 -2.6339 1.2638, 4.4702 -2.6175 1.2638, 4.472 -2.6147 1.2638, 4.4894 -2.5987 1.2638, 4.5105 -2.5873 1.2638, 4.5339 -2.5815 1.2638, 4.5445 -2.5809 1.2638, 4.5642 -2.5831 1.2638, 4.5855 -2.5903 1.2638, 4.5947 -2.5952 1.2638, 4.6093 -2.5651 1.2638, 4.6306 -2.5397 1.2638, 4.6559 -2.5212 1.2638, 4.6868 -2.5086 1.2638, 4.7219 -2.5041 1.2638, 4.7542 -2.5081 1.2638, 4.784 -2.5195 1.2638, 4.8106 -2.538 1.2638, 4.8125 -2.5398 1.2638, 4.834 -2.5653 1.2638, 4.8487 -2.5958 1.2638, 4.8536 -2.6175 1.2638, 4.8547 -2.6227 1.2638, 4.8623 -2.6227 1.2638, 4.8803 -2.6249 1.2638, 4.8969 -2.6313 1.2638, 4.9116 -2.6415 1.2638, 4.9227 -2.654 1.2638, 4.9241 -2.6567 1.2638, 4.9315 -2.6704 1.2638, 4.9359 -2.6886 1.2638, 4.9363 -2.6967 1.2638, 4.9341 -2.7149 1.2638, 4.9276 -2.7319 1.2638, 4.9172 -2.7467 1.2638, 4.9153 -2.7488 1.2638, 4.9011 -2.7601 1.2638, 4.8843 -2.7677 1.2638, 4.868 -2.7707 1.2638, 4.8253 -2.7707 1.2638, 4.8234 -2.7704 1.2638, 4.8205 -2.7698 1.2638, 4.8196 -2.7697 1.2638, 4.8123 -2.7707 1.2638, 4.8057 -2.7733 1.2638, 4.7999 -2.7774 1.2638, 4.796 -2.7817 1.2638, 4.7923 -2.7882 1.2638, 4.7904 -2.7954 1.2638, 4.7902 -2.7992 1.2638, 4.7911 -2.8062 1.2638, 4.7936 -2.8127 1.2638, 4.7977 -2.8186 1.2638, 4.7999 -2.8209 1.2638, 4.8061 -2.8252 1.2638, 4.8124 -2.8277 1.2638, 4.8177 -2.8286 1.2638, 4.8737 -2.8286 1.2638, 4.9054 -2.8219 1.2638, 4.9343 -2.8077 1.2638, 4.96 -2.7859 1.2638, 4.9789 -2.7595 1.2638, 4.9908 -2.7295 1.2638, 4.5947 -2.7603 1.2638, 4.6026 -2.7611 1.2638, 4.6115 -2.7643 1.2638, 4.6191 -2.7694 1.2638, 4.6252 -2.7762 1.2638, 4.6293 -2.784 1.2638, 4.6315 -2.7928 1.2638, 4.6315 -2.8015 1.2638, 4.6292 -2.8106 1.2638, 4.6248 -2.8188 1.2638, 4.6197 -2.8246 1.2638, 4.6125 -2.8298 1.2638, 4.6042 -2.833 1.2638, 4.5947 -2.8343 1.2638, 4.5931 -2.8342 1.2638, 4.5846 -2.8328 1.2638, 4.576 -2.8292 1.2638, 4.5688 -2.8236 1.2638, 4.5634 -2.8169 1.2638, 4.5596 -2.8089 1.2638, 4.5578 -2.8 1.2638, 4.5583 -2.7907 1.2638, 4.5611 -2.7818 1.2638, 4.566 -2.774 1.2638, 4.5698 -2.77 1.2638, 4.5772 -2.7647 1.2638, 4.5855 -2.7615 1.2638
            ]
        }
        coordIndex [
            0,1,2,-1,3,4,5,-1,6,7,8,-1,8,7,9,-1,2,1,10,-1,11,12,13,-1,13,12,14,-1,13,14,15,-1,16,17,13,-1,13,17,18,-1,13,18,11,-1,11,18,19,-1,20,21,22,-1,22,21,23,-1,22,23,24,-1,24,23,25,-1,24,25,26,-1,26,25,27,-1,26,27,28,-1,28,27,29,-1,28,29,30,-1,30,29,7,-1,30,7,31,-1,32,33,20,-1,20,33,34,-1,20,34,21,-1,15,35,13,-1,13,35,36,-1,13,36,37,-1,37,36,38,-1,39,40,41,-1,41,40,42,-1,41,42,43,-1,43,42,44,-1,43,44,45,-1,45,44,46,-1,3,5,47,-1,47,5,48,-1,47,48,49,-1,49,48,50,-1,49,50,51,-1,52,53,7,-1,7,53,54,-1,7,54,9,-1,1,55,10,-1,10,55,56,-1,10,56,57,-1,57,56,58,-1,57,58,3,-1,3,58,59,-1,3,59,4,-1,19,18,20,-1,20,18,60,-1,20,60,32,-1,44,61,46,-1,46,61,62,-1,46,62,63,-1,63,62,64,-1,63,64,65,-1,65,64,66,-1,67,68,69,-1,69,68,70,-1,69,70,71,-1,71,70,72,-1,71,72,73,-1,73,72,74,-1,73,74,75,-1,75,74,76,-1,75,76,77,-1,2,78,0,-1,0,78,79,-1,0,79,80,-1,80,79,81,-1,80,81,82,-1,82,81,83,-1,82,83,84,-1,64,85,66,-1,66,85,86,-1,66,86,87,-1,87,86,88,-1,87,88,89,-1,89,88,90,-1,89,90,67,-1,67,90,91,-1,67,91,68,-1,92,93,94,-1,94,93,95,-1,94,95,41,-1,41,95,96,-1,41,96,39,-1,97,6,98,-1,98,6,99,-1,98,99,100,-1,100,99,101,-1,100,101,102,-1,102,101,103,-1,102,103,104,-1,104,103,105,-1,104,105,106,-1,106,105,107,-1,106,107,108,-1,108,107,109,-1,108,109,110,-1,110,109,111,-1,110,111,112,-1,112,111,113,-1,112,113,38,-1,38,113,114,-1,38,114,37,-1,51,50,115,-1,115,50,116,-1,115,116,117,-1,117,116,118,-1,117,118,119,-1,119,118,120,-1,119,120,121,-1,121,120,122,-1,121,122,92,-1,92,122,123,-1,92,123,93,-1,97,124,6,-1,6,124,125,-1,6,125,7,-1,7,125,126,-1,7,126,31,-1,127,128,129,-1,83,130,84,-1,84,130,131,-1,84,131,132,-1,132,131,133,-1,132,133,134,-1,134,133,135,-1,134,135,136,-1,136,135,137,-1,136,137,138,-1,138,137,139,-1,138,139,52,-1,52,139,140,-1,52,140,53,-1,76,141,77,-1,77,141,127,-1,77,127,142,-1,142,127,129,-1,143,144,127,-1,127,144,145,-1,127,145,128,-1,146,147,148,-1,147,149,148,-1,148,149,150,-1,148,150,151,-1,143,127,148,-1,148,127,152,-1,148,152,146,-1,153,46,154,-1,154,46,63,-1,154,63,155,-1,155,63,65,-1,155,65,156,-1,156,65,66,-1,156,66,157,-1,153,158,46,-1,46,158,159,-1,46,159,45,-1,45,159,160,-1,45,160,43,-1,43,160,161,-1,43,161,41,-1,41,161,162,-1,41,162,94,-1,94,162,163,-1,94,163,92,-1,92,163,164,-1,92,164,121,-1,121,164,165,-1,121,165,119,-1,119,165,166,-1,119,166,117,-1,117,166,167,-1,117,167,115,-1,115,167,168,-1,115,168,51,-1,51,168,169,-1,51,169,49,-1,49,169,170,-1,49,170,47,-1,47,170,171,-1,47,171,3,-1,3,171,172,-1,3,172,57,-1,57,172,173,-1,57,173,10,-1,10,173,174,-1,10,174,2,-1,2,174,175,-1,2,175,78,-1,78,175,176,-1,78,176,79,-1,79,176,177,-1,79,177,81,-1,178,133,131,-1,81,177,179,-1,81,179,83,-1,83,179,180,-1,83,180,130,-1,180,181,130,-1,130,181,182,-1,130,182,131,-1,131,182,183,-1,131,183,178,-1,133,178,184,-1,133,184,135,-1,135,184,185,-1,135,185,137,-1,137,185,186,-1,137,186,139,-1,139,186,187,-1,139,187,140,-1,140,187,188,-1,140,188,53,-1,53,188,189,-1,53,189,54,-1,54,189,190,-1,54,190,9,-1,190,191,9,-1,9,191,192,-1,9,192,8,-1,8,192,193,-1,8,193,6,-1,6,193,194,-1,6,194,99,-1,194,195,99,-1,99,195,196,-1,99,196,101,-1,101,196,197,-1,101,197,103,-1,198,37,114,-1,103,197,199,-1,103,199,105,-1,105,199,200,-1,105,200,107,-1,200,201,107,-1,107,201,202,-1,107,202,109,-1,109,202,203,-1,109,203,111,-1,111,203,204,-1,111,204,113,-1,113,204,205,-1,113,205,114,-1,114,205,206,-1,114,206,198,-1,13,37,207,-1,207,37,198,-1,16,13,208,-1,208,13,207,-1,17,16,209,-1,209,16,208,-1,18,17,210,-1,210,17,209,-1,18,210,211,-1,18,211,60,-1,60,211,212,-1,60,212,32,-1,32,212,213,-1,32,213,33,-1,33,213,214,-1,33,214,34,-1,34,214,215,-1,34,215,21,-1,21,215,216,-1,21,216,23,-1,23,216,217,-1,23,217,25,-1,25,217,218,-1,25,218,27,-1,27,218,219,-1,27,219,29,-1,29,219,220,-1,29,220,7,-1,7,220,221,-1,7,221,52,-1,52,221,222,-1,52,222,138,-1,138,222,223,-1,138,223,136,-1,136,223,224,-1,136,224,134,-1,134,224,225,-1,134,225,132,-1,132,225,226,-1,132,226,84,-1,84,226,227,-1,84,227,228,-1,229,80,228,-1,228,80,82,-1,228,82,84,-1,229,230,80,-1,80,230,231,-1,80,231,0,-1,0,231,232,-1,0,232,1,-1,1,232,233,-1,1,233,55,-1,55,233,234,-1,55,234,56,-1,56,234,235,-1,56,235,58,-1,58,235,236,-1,58,236,59,-1,59,236,237,-1,59,237,4,-1,4,237,238,-1,4,238,5,-1,5,238,239,-1,5,239,48,-1,48,239,240,-1,48,240,50,-1,50,240,241,-1,50,241,116,-1,116,241,242,-1,116,242,118,-1,118,242,243,-1,118,243,120,-1,120,243,244,-1,120,244,122,-1,122,244,245,-1,122,245,123,-1,123,245,246,-1,123,246,93,-1,93,246,247,-1,93,247,95,-1,95,247,248,-1,95,248,96,-1,96,248,39,-1,39,248,249,-1,39,249,250,-1,40,39,251,-1,251,39,250,-1,40,251,252,-1,40,252,42,-1,42,252,253,-1,42,253,44,-1,44,253,254,-1,44,254,61,-1,61,254,255,-1,61,255,62,-1,62,255,256,-1,62,256,64,-1,256,257,64,-1,64,257,258,-1,64,258,85,-1,85,258,259,-1,85,259,86,-1,86,259,260,-1,86,260,88,-1,88,260,261,-1,88,261,90,-1,90,261,262,-1,90,262,91,-1,91,262,263,-1,91,263,68,-1,68,263,264,-1,68,264,70,-1,70,264,265,-1,70,265,72,-1,72,265,266,-1,72,266,74,-1,76,74,267,-1,267,74,266,-1,76,267,268,-1,76,268,141,-1,141,268,269,-1,141,269,127,-1,127,269,270,-1,127,270,152,-1,152,270,271,-1,152,271,146,-1,146,271,272,-1,146,272,147,-1,147,272,273,-1,147,273,149,-1,149,273,274,-1,149,274,150,-1,150,274,275,-1,150,275,151,-1,151,275,276,-1,151,276,148,-1,148,276,277,-1,148,277,143,-1,143,277,278,-1,143,278,144,-1,144,278,279,-1,144,279,145,-1,145,279,280,-1,145,280,128,-1,128,280,281,-1,128,281,129,-1,129,281,282,-1,129,282,142,-1,142,282,283,-1,142,283,77,-1,77,283,284,-1,77,284,75,-1,73,75,285,-1,285,75,284,-1,73,285,286,-1,73,286,71,-1,71,286,287,-1,71,287,69,-1,69,287,288,-1,69,288,67,-1,67,288,289,-1,67,289,89,-1,89,289,290,-1,89,290,87,-1,87,290,157,-1,87,157,66,-1,19,291,292,-1,19,292,11,-1,11,292,293,-1,11,293,12,-1,12,293,294,-1,12,294,14,-1,14,294,295,-1,14,295,15,-1,15,295,296,-1,15,296,35,-1,35,296,297,-1,35,297,36,-1,36,297,298,-1,36,298,38,-1,38,298,299,-1,38,299,112,-1,112,299,300,-1,112,300,110,-1,110,300,301,-1,110,301,108,-1,108,301,302,-1,108,302,106,-1,106,302,303,-1,106,303,104,-1,104,303,304,-1,104,304,102,-1,102,304,305,-1,102,305,100,-1,100,305,306,-1,100,306,98,-1,98,306,307,-1,98,307,97,-1,97,307,308,-1,97,308,124,-1,124,308,309,-1,124,309,125,-1,125,309,310,-1,125,310,126,-1,126,310,311,-1,126,311,31,-1,31,311,312,-1,31,312,30,-1,30,312,313,-1,30,313,28,-1,28,313,314,-1,28,314,26,-1,26,314,315,-1,26,315,24,-1,24,315,316,-1,24,316,22,-1,22,316,317,-1,22,317,20,-1,20,317,291,-1,20,291,19,-1,
        ]
    }
}
Shape{
    appearance Appearance {
        material  Material 	{
            diffuseColor 0.6666666666666666 0.6980392156862745 0.7686274509803922
            specularColor 0.3333333333333333 0.34901960784313724 0.3843137254901961
            ambientIntensity 0.6967
            transparency 0.0
            shininess 0.5
        }
    }
    geometry IndexedFaceSet {
        ccw TRUE
        solid FALSE
        coord DEF co Coordinate {
            point [
                4.5931 -2.8342 1.2638, 4.5698 -2.77 1.2638, 4.566 -2.774 1.2638, 4.6042 -2.833 1.2638, 4.6125 -2.8298 1.2638, 4.6026 -2.7611 1.2638, 4.5947 -2.7603 1.2638, 4.5855 -2.7615 1.2638, 4.5772 -2.7647 1.2638, 4.5596 -2.8089 1.2638, 4.5634 -2.8169 1.2638, 4.5688 -2.8236 1.2638, 4.5947 -2.8343 1.2638, 4.5611 -2.7818 1.2638, 4.5583 -2.7907 1.2638, 4.5578 -2.8 1.2638, 4.576 -2.8292 1.2638, 4.5846 -2.8328 1.2638, 4.6197 -2.8246 1.2638, 4.6248 -2.8188 1.2638, 4.6292 -2.8106 1.2638, 4.6315 -2.8015 1.2638, 4.6315 -2.7928 1.2638, 4.6293 -2.784 1.2638, 4.6252 -2.7762 1.2638, 4.6191 -2.7694 1.2638, 4.6115 -2.7643 1.2638
            ]
        }
        coordIndex [
            0,1,2,-1,3,4,5,-1,6,7,0,-1,0,7,8,-1,0,8,1,-1,9,10,2,-1,2,10,11,-1,6,0,5,-1,5,0,12,-1,5,12,3,-1,13,14,2,-1,2,14,15,-1,2,15,9,-1,11,16,2,-1,2,16,17,-1,2,17,0,-1,4,18,5,-1,5,18,19,-1,5,19,20,-1,20,21,5,-1,5,21,22,-1,5,22,23,-1,23,24,5,-1,5,24,25,-1,5,25,26,-1,
        ]
    }
}